family,split_id,method,rmse,mae,r2
target_matched,target_matched_01,PLS_C0,0.6017966746349591,0.404251561861448,0.4619864363063072
target_matched,target_matched_01,Ridge_C3,0.5871521192104181,0.3666757493305662,0.48785265827410296
target_matched,target_matched_01,CatBoost_C1,0.5841247870934935,0.3654221084146977,0.4931202645485391
target_matched,target_matched_01,ExtraTrees_C1,0.572771428530722,0.3598260162601623,0.5126327418950793
target_matched,target_matched_01,Local04D,0.5661072695588897,0.3487344108678582,0.5239077399544807
target_matched,target_matched_01,Graph04D,0.5632442942139456,0.34677640205427573,0.5287110478155864
target_matched,target_matched_01,E13_PLS_CatBoost,0.5755243847229522,0.3686013678906459,0.5079365402176892
target_matched,target_matched_01,E123_PLS_Ridge_CatBoost,0.5771894177663249,0.3664477172929758,0.5050852724307364
target_matched,target_matched_01,LocalE13_w0p10,0.5639736747412089,0.3448579583142925,0.527489653976071
target_matched,target_matched_01,LocalE13_w0p20,0.5625210103373284,0.3418671341177246,0.5299206715542677
target_matched,target_matched_01,LocalE13_w0p30,0.5617545589106498,0.33921068508262137,0.5312007926890717
target_matched,target_matched_01,LocalE123_w0p10,0.5642590153315046,0.3451905904223258,0.5270114029704899
target_matched,target_matched_01,LocalE123_w0p20,0.5630673666288291,0.34236557914770543,0.5290070860379693
target_matched,target_matched_01,LocalE123_w0p30,0.562536496225584,0.3401004538569876,0.5298947891569192
target_matched,target_matched_01,ConvexStack,0.5612553686915357,0.34431356979159267,0.5320335976822204
target_matched,target_matched_01,RidgeStack,0.5593767995742572,0.34638775845691766,0.5351610012036943
target_matched,target_matched_01,ElasticNetStack,0.5583301296711438,0.34454155551406607,0.5368989274300895
target_matched,target_matched_01,HuberStack,0.5545515068192856,0.34131620698398923,0.5431459946687123
target_matched,target_matched_01,ExtraTreesStack,0.5650076559720308,0.3470800219227604,0.5257554783690828
target_matched,target_matched_01,HistGBStack,0.5721469209230088,0.3753967343746402,0.5136949409398646
target_matched,target_matched_01,MoE_Support,0.5609236587148424,0.33824070291845776,0.5325865839403219
target_matched,target_matched_02,PLS_C0,0.5164652931921943,0.3811298479537367,0.5949564970533936
target_matched,target_matched_02,Ridge_C3,0.5039165410180432,0.37274002694470226,0.6144003642959015
target_matched,target_matched_02,CatBoost_C1,0.45253023677234183,0.3425934600282346,0.6890327936776411
target_matched,target_matched_02,ExtraTrees_C1,0.44312402490976016,0.34222182563879233,0.7018258567048477
target_matched,target_matched_02,Local04D,0.43668887699302006,0.3364077333260355,0.7104232787502933
target_matched,target_matched_02,Graph04D,0.4582356536808351,0.31508291427714885,0.6811421300800666
target_matched,target_matched_02,E13_PLS_CatBoost,0.4729977967278751,0.35444266672052455,0.6602670878154469
target_matched,target_matched_02,E123_PLS_Ridge_CatBoost,0.4782274508524798,0.35573324706152526,0.6527131097051194
target_matched,target_matched_02,LocalE13_w0p10,0.4351616392389214,0.3336937269428124,0.712445217832851
target_matched,target_matched_02,LocalE13_w0p20,0.4348149232463685,0.3313017912730364,0.7129032550985104
target_matched,target_matched_02,LocalE13_w0p30,0.4356515476012283,0.3296013249522911,0.7117973905472714
target_matched,target_matched_02,LocalE123_w0p10,0.4359494092366124,0.3344468875265673,0.7114031587459785
target_matched,target_matched_02,LocalE123_w0p20,0.4363422249521754,0.333185712182324,0.7108828394305076
target_matched,target_matched_02,LocalE123_w0p30,0.43786427677628087,0.3329713069250257,0.7088623208038805
target_matched,target_matched_02,ConvexStack,0.44610974068981685,0.3172396088796752,0.6977941976777795
target_matched,target_matched_02,RidgeStack,0.46408416129366237,0.33331167514598553,0.6729509592200462
target_matched,target_matched_02,ElasticNetStack,0.4625240474126731,0.33161570750313796,0.6751461477793115
target_matched,target_matched_02,HuberStack,0.4511276811091242,0.3338826390768398,0.6909574072794393
target_matched,target_matched_02,ExtraTreesStack,0.4531933464746084,0.31049316512849023,0.6881207819042712
target_matched,target_matched_02,HistGBStack,0.5091114154494787,0.41035684372330405,0.6064090930600354
target_matched,target_matched_02,MoE_Support,0.46019559505163415,0.33657447547194774,0.678408692768175
target_matched,target_matched_03,PLS_C0,0.5758909871173981,0.4048794301388716,0.5335531448885782
target_matched,target_matched_03,Ridge_C3,0.5338548371675054,0.3639463341475698,0.5991628457971683
target_matched,target_matched_03,CatBoost_C1,0.594678984809294,0.40372124781167695,0.5026217515883509
target_matched,target_matched_03,ExtraTrees_C1,0.5575638344839752,0.3599690040650399,0.5627691489945574
target_matched,target_matched_03,Local04D,0.5257554221804668,0.3532082996391478,0.6112332388313146
target_matched,target_matched_03,Graph04D,0.5382733417064325,0.35541543943466664,0.5925002476134571
target_matched,target_matched_03,E13_PLS_CatBoost,0.5609504447190774,0.38856507080456293,0.5574415889249718
target_matched,target_matched_03,E123_PLS_Ridge_CatBoost,0.5450322176401665,0.37343495748258837,0.5822023859764007
target_matched,target_matched_03,LocalE13_w0p10,0.5246900865466273,0.34897304705051246,0.6128071549683802
target_matched,target_matched_03,LocalE13_w0p20,0.5246705813656861,0.3470578804441502,0.6128359419659568
target_matched,target_matched_03,LocalE13_w0p30,0.5256970230494561,0.3469633659700273,0.6113195998240447
target_matched,target_matched_03,LocalE123_w0p10,0.5234109863846433,0.348324138867797,0.6146926670752244
target_matched,target_matched_03,LocalE123_w0p20,0.5220197839894913,0.3457104483799555,0.6167382034237119
target_matched,target_matched_03,LocalE123_w0p30,0.5215894425475183,0.34554510779860365,0.6173698478767766
target_matched,target_matched_03,ConvexStack,0.5250989863852884,0.3449755411840665,0.612203427976566
target_matched,target_matched_03,RidgeStack,0.5287393959312109,0.34115692662035096,0.6068077519854929
target_matched,target_matched_03,ElasticNetStack,0.5239231656649739,0.34060025617043144,0.6139382198303659
target_matched,target_matched_03,HuberStack,0.5425976868631394,0.3428268571645125,0.5859264575151866
target_matched,target_matched_03,ExtraTreesStack,0.5401326784458077,0.32720906262261634,0.5896801641609009
target_matched,target_matched_03,HistGBStack,0.6287682916725806,0.41651369436495395,0.443964050897102
target_matched,target_matched_03,MoE_Support,0.5284537292815946,0.3488870468852525,0.6072325040294656
target_matched,target_matched_04,PLS_C0,0.480600802825672,0.3910688062736335,0.6321864801893365
target_matched,target_matched_04,Ridge_C3,0.4645001146045939,0.36671526314303704,0.656418037699646
target_matched,target_matched_04,CatBoost_C1,0.4114554348870734,0.3479687570680382,0.7304096693918265
target_matched,target_matched_04,ExtraTrees_C1,0.40168755297247805,0.33698916666666767,0.7430577908294926
target_matched,target_matched_04,Local04D,0.3907633423903467,0.3198343210860897,0.7568432465783133
target_matched,target_matched_04,Graph04D,0.3723432577643437,0.29920096475363395,0.7792271351753752
target_matched,target_matched_04,E13_PLS_CatBoost,0.4279516493118979,0.3545137371086708,0.7083593122470679
target_matched,target_matched_04,E123_PLS_Ridge_CatBoost,0.4334481621516284,0.3523340685731457,0.7008196702656634
target_matched,target_matched_04,LocalE13_w0p10,0.39056647808076395,0.31994396428549393,0.7570881867922856
target_matched,target_matched_04,LocalE13_w0p20,0.39127884024235227,0.3213550958106585,0.7562012750846809
target_matched,target_matched_04,LocalE13_w0p30,0.392895483327361,0.32276622733582333,0.754182511455499
target_matched,target_matched_04,LocalE123_w0p10,0.39087062381571014,0.31992210422996653,0.756709714175661
target_matched,target_matched_04,LocalE123_w0p20,0.39195264008183717,0.32128505671800706,0.7553608872777617
target_matched,target_matched_04,LocalE123_w0p30,0.3940013607478977,0.3226611686968462,0.7527967658846149
target_matched,target_matched_04,ConvexStack,0.38576399586400895,0.3120094687184076,0.7630252422323627
target_matched,target_matched_04,RidgeStack,0.3901584423801639,0.31473044396187666,0.7575954751667813
target_matched,target_matched_04,ElasticNetStack,0.39194358570441484,0.32186421433647294,0.7553721898130565
target_matched,target_matched_04,HuberStack,0.3740645673215268,0.29101458934998214,0.777181190580593
target_matched,target_matched_04,ExtraTreesStack,0.36408071552370397,0.2873162446899062,0.7889166117133061
target_matched,target_matched_04,HistGBStack,0.4320658909914602,0.3424508726050024,0.7027248066687335
target_matched,target_matched_04,MoE_Support,0.40422783647100313,0.3330778728687678,0.7397976951904769
target_matched,target_matched_05,PLS_C0,0.555644569057139,0.388842749061924,0.4952268364023592
target_matched,target_matched_05,Ridge_C3,0.5363354864086912,0.3603665942899846,0.5296997870370306
target_matched,target_matched_05,CatBoost_C1,0.5208268538192627,0.3555681978502007,0.5565048789528559
target_matched,target_matched_05,ExtraTrees_C1,0.5019660295292911,0.31856864837398385,0.5880440646666807
target_matched,target_matched_05,Local04D,0.4876821414912561,0.31866528816943795,0.6111556306664321
target_matched,target_matched_05,Graph04D,0.5181537252126232,0.33097942063041763,0.5610456477869659
target_matched,target_matched_05,E13_PLS_CatBoost,0.5218762535836649,0.355438133256927,0.5547159061428548
target_matched,target_matched_05,E123_PLS_Ridge_CatBoost,0.5238867781603811,0.3523827097992571,0.5512783897232179
target_matched,target_matched_05,LocalE13_w0p10,0.4891520901274537,0.3198139423525008,0.608808025050438
target_matched,target_matched_05,LocalE13_w0p20,0.4910740348229274,0.3220017968233299,0.6057278934708075
target_matched,target_matched_05,LocalE13_w0p30,0.4934426940721047,0.3242206654951347,0.6019152359275408
target_matched,target_matched_05,LocalE123_w0p10,0.4890512914226571,0.31947409365319623,0.6089692329135665
target_matched,target_matched_05,LocalE123_w0p20,0.49094311159560483,0.32138412782667236,0.6059380959737106
target_matched,target_matched_05,LocalE123_w0p30,0.49335158930778217,0.32329416200014843,0.602062219846865
target_matched,target_matched_05,ConvexStack,0.512101711307714,0.32604420549822155,0.5712397020696447
target_matched,target_matched_05,RidgeStack,0.5155630023730042,0.3385930821957646,0.5654241402621203
target_matched,target_matched_05,ElasticNetStack,0.5149483851039299,0.33722789821453747,0.5664596630573677
target_matched,target_matched_05,HuberStack,0.5287584510621127,0.34441601913145853,0.5428941776095493
target_matched,target_matched_05,ExtraTreesStack,0.5145876441968879,0.3228878485398903,0.5670668732490444
target_matched,target_matched_05,HistGBStack,0.5679045692206137,0.3992300095041018,0.47270599269060243
target_matched,target_matched_05,MoE_Support,0.5017023744312955,0.3226944148256075,0.5884767065251464
target_matched,target_matched_06,PLS_C0,0.45571426516407654,0.3441924487804166,0.7141487251436849
target_matched,target_matched_06,Ridge_C3,0.4443338997448577,0.32792383203492825,0.7282473529170889
target_matched,target_matched_06,CatBoost_C1,0.44523534643174756,0.33628101835549007,0.7271435928093687
target_matched,target_matched_06,ExtraTrees_C1,0.44589031336455087,0.34513475609756095,0.7263402272485149
target_matched,target_matched_06,Local04D,0.43885382463495287,0.33837729836912356,0.734909196348617
target_matched,target_matched_06,Graph04D,0.43006215706332596,0.32319243866243713,0.7454240668879721
target_matched,target_matched_06,E13_PLS_CatBoost,0.4317414381982981,0.31114337189736097,0.7434320794412617
target_matched,target_matched_06,E123_PLS_Ridge_CatBoost,0.4308531867379926,0.3139082717837055,0.7444867032323654
target_matched,target_matched_06,LocalE13_w0p10,0.434171924001529,0.3295481968950298,0.7405352533955634
target_matched,target_matched_06,LocalE13_w0p20,0.4303353983547292,0.32311958755362674,0.7451004729452472
target_matched,target_matched_06,LocalE13_w0p30,0.42736701540307026,0.3182740404044365,0.7486048549976683
target_matched,target_matched_06,LocalE123_w0p10,0.4344486013292361,0.3301399632575751,0.7402044586927491
target_matched,target_matched_06,LocalE123_w0p20,0.43081176570115237,0.3237506075985906,0.7445358295578242
target_matched,target_matched_06,LocalE123_w0p30,0.4279629075113536,0.3192205704718822,0.7479033089438419
target_matched,target_matched_06,ConvexStack,0.43126855164242833,0.3296171022645702,0.7439938095164055
target_matched,target_matched_06,RidgeStack,0.43863521407629374,0.3474601401192735,0.7351732351306342
target_matched,target_matched_06,ElasticNetStack,0.4310858206543096,0.33115979964850273,0.7442107061736682
target_matched,target_matched_06,HuberStack,0.4438811407692714,0.3485431039187897,0.7288008815336416
target_matched,target_matched_06,ExtraTreesStack,0.4194252535083018,0.30172918484869854,0.7578613939497518
target_matched,target_matched_06,HistGBStack,0.44035343038622926,0.3622670485957707,0.7330944194300195
target_matched,target_matched_06,MoE_Support,0.4216579278943702,0.3101458698780637,0.7552766398947195
target_matched,target_matched_07,PLS_C0,0.6075210733715792,0.45008262308532165,0.547014440911922
target_matched,target_matched_07,Ridge_C3,0.6082745711518328,0.43005433502463347,0.5458900839238642
target_matched,target_matched_07,CatBoost_C1,0.5995573344696005,0.4277231708816057,0.5588125975339722
target_matched,target_matched_07,ExtraTrees_C1,0.5754358380492707,0.3984018089430898,0.5935983380151211
target_matched,target_matched_07,Local04D,0.528728823436413,0.3626908488537907,0.6568945347932211
target_matched,target_matched_07,Graph04D,0.5657212814619303,0.39485928946438537,0.6072043261986306
target_matched,target_matched_07,E13_PLS_CatBoost,0.5906409807447179,0.41951359990398923,0.5718373141626294
target_matched,target_matched_07,E123_PLS_Ridge_CatBoost,0.593782026342984,0.4206891288345252,0.5672712423361439
target_matched,target_matched_07,LocalE13_w0p10,0.5326314478235546,0.3645415066530494,0.651810819222524
target_matched,target_matched_07,LocalE13_w0p20,0.5370828082359166,0.3680104081453648,0.6459666577646354
target_matched,target_matched_07,LocalE13_w0p30,0.5420693865256927,0.3735654482995843,0.6393620504195552
target_matched,target_matched_07,LocalE123_w0p10,0.5325381946171907,0.3641714627568302,0.6519327305939084
target_matched,target_matched_07,LocalE123_w0p20,0.5369953717683977,0.36765036334005646,0.6460819208287305
target_matched,target_matched_07,LocalE123_w0p30,0.5420843757719664,0.37337355349810136,0.6393421054976869
target_matched,target_matched_07,ConvexStack,0.5679901239462968,0.3940538033099204,0.6040473702309032
target_matched,target_matched_07,RidgeStack,0.5648495773577636,0.39004436498403916,0.6084138893302881
target_matched,target_matched_07,ElasticNetStack,0.5683460369553105,0.39417509840646076,0.6035509924280482
target_matched,target_matched_07,HuberStack,0.5764991413813226,0.39124106907031286,0.5920950340465464
target_matched,target_matched_07,ExtraTreesStack,0.5821539226278588,0.3987166690719448,0.5840536484730748
target_matched,target_matched_07,HistGBStack,0.6206490390455546,0.4550720965239078,0.5272257247150166
target_matched,target_matched_07,MoE_Support,0.5671919721225105,0.3901189065381106,0.6051593905073263
target_matched,target_matched_08,PLS_C0,0.4789632842930938,0.35006293648935294,0.5996298990340294
target_matched,target_matched_08,Ridge_C3,0.43113047785946096,0.3185318599799692,0.6756046335902766
target_matched,target_matched_08,CatBoost_C1,0.38639925183386636,0.30058714207908355,0.7394268008701176
target_matched,target_matched_08,ExtraTrees_C1,0.4065956064767746,0.30142619918699165,0.7114755948756261
target_matched,target_matched_08,Local04D,0.37222740419056,0.28807672134331413,0.7581902107010043
target_matched,target_matched_08,Graph04D,0.411432669469736,0.2942898859989776,0.7045699021485186
target_matched,target_matched_08,E13_PLS_CatBoost,0.4153630961506053,0.3163476480879497,0.6988984387418345
target_matched,target_matched_08,E123_PLS_Ridge_CatBoost,0.417599581412948,0.31248423369585043,0.6956472006508718
target_matched,target_matched_08,LocalE13_w0p10,0.3727622919015683,0.2865609732611817,0.7574947540297515
target_matched,target_matched_08,LocalE13_w0p20,0.3741879488303731,0.28670308198009514,0.7556362483530178
target_matched,target_matched_08,LocalE13_w0p30,0.3764942559840166,0.28687878180541565,0.7526146936708032
target_matched,target_matched_08,LocalE123_w0p10,0.3728523723381076,0.28697879646581814,0.757377533922539
target_matched,target_matched_08,LocalE123_w0p20,0.3744027563868361,0.28710188491157596,0.7553556073159517
target_matched,target_matched_08,LocalE123_w0p30,0.37686713537553196,0.2874769862026365,0.7521244308812431
target_matched,target_matched_08,ConvexStack,0.40464192944986405,0.28890241492953617,0.7142416319587896
target_matched,target_matched_08,RidgeStack,0.3907347477599204,0.2908319036083254,0.7335466037710634
target_matched,target_matched_08,ElasticNetStack,0.401969766171035,0.2892095732821568,0.7180033366413267
target_matched,target_matched_08,HuberStack,0.4167255500095249,0.3021598477167639,0.6969198816307742
target_matched,target_matched_08,ExtraTreesStack,0.41735722299127453,0.29778451387613014,0.6960003669994195
target_matched,target_matched_08,HistGBStack,0.4651352018953481,0.33987524040316974,0.6224142389544973
target_matched,target_matched_08,MoE_Support,0.3925848950102465,0.29042564328704973,0.731017291196955
target_matched,target_matched_09,PLS_C0,0.6048639435391443,0.42252668224807555,0.45148748869045796
target_matched,target_matched_09,Ridge_C3,0.5561927651122917,0.3849577228637187,0.5362095353352975
target_matched,target_matched_09,CatBoost_C1,0.5379863670656299,0.3751162469399789,0.5660759854576527
target_matched,target_matched_09,ExtraTrees_C1,0.5504202018639963,0.37565254065040643,0.545786670124559
target_matched,target_matched_09,Local04D,0.5132316214933844,0.324076198932415,0.6050901575989929
target_matched,target_matched_09,Graph04D,0.4692885171135687,0.293975436091007,0.6698198197493419
target_matched,target_matched_09,E13_PLS_CatBoost,0.5598473517192626,0.38494601987471905,0.5300946374490807
target_matched,target_matched_09,E123_PLS_Ridge_CatBoost,0.5559065862391244,0.3812591049654559,0.536686682449558
target_matched,target_matched_09,LocalE13_w0p10,0.515512760257678,0.3275629975342127,0.6015718781947794
target_matched,target_matched_09,LocalE13_w0p20,0.5183533851101121,0.3316229070121061,0.597168871543727
target_matched,target_matched_09,LocalE13_w0p30,0.5217443578042743,0.3358665716794958,0.591881137645835
target_matched,target_matched_09,LocalE123_w0p10,0.515241944812713,0.3267435128683869,0.6019903824709472
target_matched,target_matched_09,LocalE123_w0p20,0.5177801327751375,0.3301270937471244,0.5980593690347017
target_matched,target_matched_09,LocalE123_w0p30,0.5208384681525403,0.3344254907857083,0.5932971172902574
target_matched,target_matched_09,ConvexStack,0.5228081145816312,0.3422155753481097,0.590215257522952
target_matched,target_matched_09,RidgeStack,0.510672573089723,0.32759761758670064,0.6090184966796268
target_matched,target_matched_09,ElasticNetStack,0.5104915974237415,0.3264586308181209,0.6092955650157763
target_matched,target_matched_09,HuberStack,0.5107912175904773,0.3318672567544783,0.6088368021992607
target_matched,target_matched_09,ExtraTreesStack,0.49835848840888264,0.3138527855011316,0.6276469936794663
target_matched,target_matched_09,HistGBStack,0.5198282558635752,0.365246917672527,0.594873259718844
target_matched,target_matched_09,MoE_Support,0.5231278219613986,0.3420773695983881,0.5897139215238065
target_matched,target_matched_10,PLS_C0,0.6252746413364166,0.4687021008331481,0.5027698403577536
target_matched,target_matched_10,Ridge_C3,0.6161248597252874,0.45567008809057485,0.5172155248874643
target_matched,target_matched_10,CatBoost_C1,0.5953472601811373,0.4330723748495711,0.5492283960761049
target_matched,target_matched_10,ExtraTrees_C1,0.6112564760966549,0.44652942073170787,0.5248149395015194
target_matched,target_matched_10,Local04D,0.5611254937638944,0.40929878415140214,0.5995614937905169
target_matched,target_matched_10,Graph04D,0.574720915885468,0.4050460656250372,0.5799220973209882
target_matched,target_matched_10,E13_PLS_CatBoost,0.5955100411635925,0.43539081943943425,0.5489818607146321
target_matched,target_matched_10,E123_PLS_Ridge_CatBoost,0.5972585526555158,0.4374423750596881,0.5463294515617071
target_matched,target_matched_10,LocalE13_w0p10,0.5614271099178134,0.406016075412404,0.5991308907116919
target_matched,target_matched_10,LocalE13_w0p20,0.562447798627003,0.40318091626779573,0.597671985359808
target_matched,target_matched_10,LocalE13_w0p30,0.5641836571905052,0.40257479232108717,0.5951847777348659
target_matched,target_matched_10,LocalE123_w0p10,0.5619048892552735,0.4070816344762266,0.5984483142218209
target_matched,target_matched_10,LocalE123_w0p20,0.5633365016316186,0.40620588923747664,0.5963995736188614
target_matched,target_matched_10,LocalE123_w0p30,0.5654153767421635,0.40618911158283516,0.5934152719816389
target_matched,target_matched_10,ConvexStack,0.5766514372339979,0.41112128230193207,0.5770952247169311
target_matched,target_matched_10,RidgeStack,0.5763050189781728,0.41036759154061037,0.5776031847090705
target_matched,target_matched_10,ElasticNetStack,0.5701551622203652,0.4026396132343236,0.586570032694357
target_matched,target_matched_10,HuberStack,0.5771147830459291,0.397675791367706,0.5764153343419938
target_matched,target_matched_10,ExtraTreesStack,0.5667552933438129,0.3854562804263108,0.5914859465036922
target_matched,target_matched_10,HistGBStack,0.5846631493334945,0.4148113167394714,0.5652623287299916
target_matched,target_matched_10,MoE_Support,0.5691154660660579,0.4095270610507842,0.5880764634368714
target_matched,target_matched_11,PLS_C0,0.5715622064333341,0.4016196961380614,0.52686093635982
target_matched,target_matched_11,Ridge_C3,0.5376964527198408,0.36486914307694573,0.5812680104699977
target_matched,target_matched_11,CatBoost_C1,0.519794609629743,0.34901081887223867,0.6086860406157466
target_matched,target_matched_11,ExtraTrees_C1,0.49089084231429975,0.3142444817073173,0.6509949922963132
target_matched,target_matched_11,Local04D,0.4498011547346402,0.2704543216360458,0.7069761771693173
target_matched,target_matched_11,Graph04D,0.4940294362322689,0.2952001834722309,0.6465178798112705
target_matched,target_matched_11,E13_PLS_CatBoost,0.5316157657363927,0.36165294959065586,0.5906851493423717
target_matched,target_matched_11,E123_PLS_Ridge_CatBoost,0.5297386881813345,0.3596374643716006,0.5935705389370998
target_matched,target_matched_11,LocalE13_w0p10,0.45378517455715767,0.27065049415337195,0.7017623943077078
target_matched,target_matched_11,LocalE13_w0p20,0.458808487216542,0.27553535095136644,0.6951229847969682
target_matched,target_matched_11,LocalE13_w0p30,0.4648374002625012,0.2837318558991334,0.6870579486370989
target_matched,target_matched_11,LocalE123_w0p10,0.45340106162430444,0.27004868943664134,0.7022670755695026
target_matched,target_matched_11,LocalE123_w0p20,0.4580845641363037,0.2752457045733534,0.6960843156978193
target_matched,target_matched_11,LocalE123_w0p30,0.4638188379683585,0.2835858349757148,0.6884278975542681
target_matched,target_matched_11,ConvexStack,0.49312891265463493,0.2884953504328477,0.6478053693497099
target_matched,target_matched_11,RidgeStack,0.48582239079070116,0.28876531214551004,0.6581647448417134
target_matched,target_matched_11,ElasticNetStack,0.4925225590291849,0.28865594570837894,0.648670957198565
target_matched,target_matched_11,HuberStack,0.4890151512774014,0.28377522501573366,0.6536569890101865
target_matched,target_matched_11,ExtraTreesStack,0.5044750872311167,0.2938017920063745,0.6314119540500901
target_matched,target_matched_11,HistGBStack,0.5859710356415153,0.35887480063072147,0.5027049951814258
target_matched,target_matched_11,MoE_Support,0.4906223353329446,0.3002803767773153,0.6513766846981384
target_matched,target_matched_12,PLS_C0,0.6460617540935866,0.45744759189721607,0.5227195054035204
target_matched,target_matched_12,Ridge_C3,0.6440974572094901,0.45136252720060854,0.5256173564397815
target_matched,target_matched_12,CatBoost_C1,0.6646328747200267,0.4548781413334564,0.4948861700505658
target_matched,target_matched_12,ExtraTrees_C1,0.6597328887883599,0.4657061991869932,0.5023065885584705
target_matched,target_matched_12,Local04D,0.6134797437808664,0.42585733493173544,0.5696457693598933
target_matched,target_matched_12,Graph04D,0.6304956919976391,0.441011815131989,0.5454414105971612
target_matched,target_matched_12,E13_PLS_CatBoost,0.6424443732561614,0.44024756375022217,0.5280492493308123
target_matched,target_matched_12,E123_PLS_Ridge_CatBoost,0.6403688978927198,0.44217839569809264,0.5310936839261859
target_matched,target_matched_12,LocalE13_w0p10,0.614120788182618,0.42481331701793407,0.5687459179499936
target_matched,target_matched_12,LocalE13_w0p20,0.6152761965872986,0.42458523779835555,0.5671216664083144
target_matched,target_matched_12,LocalE13_w0p30,0.6169430791054504,0.4243571585787771,0.5647730147348554
target_matched,target_matched_12,LocalE123_w0p10,0.6134120110427463,0.4235750409584413,0.5697407927459495
target_matched,target_matched_12,LocalE123_w0p20,0.6139697729014408,0.42210868567937004,0.5689579868143549
target_matched,target_matched_12,LocalE123_w0p30,0.6151513279387913,0.4208082773073972,0.5672973515651102
target_matched,target_matched_12,ConvexStack,0.6283475408599751,0.432897511814883,0.5485335716452817
target_matched,target_matched_12,RidgeStack,0.6261485618285555,0.4286966607268655,0.5516879662861214
target_matched,target_matched_12,ElasticNetStack,0.6283559544742132,0.4323204852626753,0.5485214812349484
target_matched,target_matched_12,HuberStack,0.6454297075324662,0.4688547814160294,0.5236529020445551
target_matched,target_matched_12,ExtraTreesStack,0.6252070597831297,0.42979180835893405,0.5530351525266237
target_matched,target_matched_12,HistGBStack,0.6129017731891184,0.4417457273875919,0.5704562767134551
target_matched,target_matched_12,MoE_Support,0.6211681510926842,0.4179984263960739,0.5587913867784067
target_matched,target_matched_13,PLS_C0,0.4306715120115243,0.33282000691036867,0.7247754240714889
target_matched,target_matched_13,Ridge_C3,0.39869388212348744,0.3240900599914458,0.7641292629203892
target_matched,target_matched_13,CatBoost_C1,0.4047934890394621,0.3457230191674997,0.7568568953019825
target_matched,target_matched_13,ExtraTrees_C1,0.37070547172559437,0.31481383251064565,0.7960832438548197
target_matched,target_matched_13,Local04D,0.37626196626110725,0.3040067205178159,0.7899244242578167
target_matched,target_matched_13,Graph04D,0.38570470282951547,0.2943759490522178,0.7792479275771863
target_matched,target_matched_13,E13_PLS_CatBoost,0.3933253074197378,0.333047629473733,0.770438685648039
target_matched,target_matched_13,E123_PLS_Ridge_CatBoost,0.38963118896675436,0.32718703703180796,0.7747305241362703
target_matched,target_matched_13,LocalE13_w0p10,0.3728773236071247,0.30026010258135233,0.7936868706370447
target_matched,target_matched_13,LocalE13_w0p20,0.3706173304433065,0.2979591888663095,0.796180201407338
target_matched,target_matched_13,LocalE13_w0p30,0.3695026234659324,0.29948868933073586,0.7974044165686968
target_matched,target_matched_13,LocalE123_w0p10,0.3730254769052003,0.30073509042395535,0.7935228915430079
target_matched,target_matched_13,LocalE123_w0p20,0.3707956177337691,0.2981758503229426,0.7959840572065666
target_matched,target_matched_13,LocalE123_w0p30,0.36959060916819897,0.29899127482084625,0.7973079212484928
target_matched,target_matched_13,ConvexStack,0.3728054503753955,0.29146821317332805,0.7937663979309193
target_matched,target_matched_13,RidgeStack,0.3925511726087709,0.29725288909354514,0.771341432139909
target_matched,target_matched_13,ElasticNetStack,0.3911826106358192,0.2971632398169769,0.7729330102492382
target_matched,target_matched_13,HuberStack,0.39490369514289064,0.2986621184303342,0.768592560978052
target_matched,target_matched_13,ExtraTreesStack,0.3779563706604884,0.28685051125411487,0.7880281153792437
target_matched,target_matched_13,HistGBStack,0.4766777316754724,0.3966317460850458,0.6628333203127904
target_matched,target_matched_13,MoE_Support,0.36854745706496567,0.30359732814689927,0.7984504842637579
target_matched,target_matched_14,PLS_C0,0.502981911507445,0.38674481617216006,0.6909912617381264
target_matched,target_matched_14,Ridge_C3,0.4898252129889073,0.3823556080208979,0.7069455647027443
target_matched,target_matched_14,CatBoost_C1,0.46124840088453956,0.3634654496765018,0.7401421901945877
target_matched,target_matched_14,ExtraTrees_C1,0.4458866616389461,0.34396737804878097,0.7571629275134114
target_matched,target_matched_14,Local04D,0.4456923649408648,0.3291966649367132,0.7573745156386278
target_matched,target_matched_14,Graph04D,0.44318973400439143,0.31716080464151236,0.7600916242296785
target_matched,target_matched_14,E13_PLS_CatBoost,0.4691474739447647,0.3717375933675138,0.7311656302875837
target_matched,target_matched_14,E123_PLS_Ridge_CatBoost,0.4716235176824283,0.37499490949544456,0.7283204600551441
target_matched,target_matched_14,LocalE13_w0p10,0.4444288858312502,0.32912931972117726,0.7587481883216082
target_matched,target_matched_14,LocalE13_w0p20,0.4439810177926365,0.33095718252086403,0.7592341807339031
target_matched,target_matched_14,LocalE13_w0p30,0.4443512270305083,0.33279901267906975,0.7588324928755125
target_matched,target_matched_14,LocalE123_w0p10,0.44460517703402763,0.3292172917066505,0.7585567560871567
target_matched,target_matched_14,LocalE123_w0p20,0.4443529425048155,0.3311331264918105,0.7588306307563795
target_matched,target_matched_14,LocalE123_w0p30,0.4449370813590024,0.33347298058958125,0.7581961396462963
target_matched,target_matched_14,ConvexStack,0.440858686756668,0.32103749885592553,0.7626086818392693
target_matched,target_matched_14,RidgeStack,0.4667250282363846,0.3372243650922095,0.7339347183423927
target_matched,target_matched_14,ElasticNetStack,0.4643977558810606,0.33503692780163014,0.7365815126454385
target_matched,target_matched_14,HuberStack,0.4531550587187833,0.3232219084470412,0.7491814275181004
target_matched,target_matched_14,ExtraTreesStack,0.44954642297067254,0.31738934961437104,0.7531602377770694
target_matched,target_matched_14,HistGBStack,0.4458919477886474,0.33490334633496815,0.7571571696343904
target_matched,target_matched_14,MoE_Support,0.4369786390390837,0.3366923655496459,0.7667689098765715
target_matched,target_matched_15,PLS_C0,0.7260981829545599,0.48921033651571444,0.27041745139720685
target_matched,target_matched_15,Ridge_C3,0.7007457682799123,0.4730556055880029,0.32047614892953724
target_matched,target_matched_15,CatBoost_C1,0.6848504372695282,0.4283291798954027,0.3509543969583401
target_matched,target_matched_15,ExtraTrees_C1,0.702861754560738,0.4652395833333332,0.3163661446682098
target_matched,target_matched_15,Local04D,0.6946996263427135,0.44968819814601874,0.33215163371901224
target_matched,target_matched_15,Graph04D,0.69414917740458,0.46637857899776564,0.33320956082507747
target_matched,target_matched_15,E13_PLS_CatBoost,0.6942881266481132,0.447313693007326,0.3329425885283255
target_matched,target_matched_15,E123_PLS_Ridge_CatBoost,0.6946544490488004,0.45564995297149247,0.33223849313202647
target_matched,target_matched_15,LocalE13_w0p10,0.6928246595738705,0.4441908212726575,0.33575176141642216
target_matched,target_matched_15,LocalE13_w0p20,0.6913536507080569,0.4399867025476034,0.3385694375101701
target_matched,target_matched_15,LocalE13_w0p30,0.6902891822575741,0.4373089557978613,0.3406046620002565
target_matched,target_matched_15,LocalE123_w0p10,0.6928190733198564,0.44479342312186687,0.33576247305717666
target_matched,target_matched_15,LocalE123_w0p20,0.6913518757040947,0.4412464120870352,0.33857283386270476
target_matched,target_matched_15,LocalE123_w0p30,0.6903006691957222,0.4394390486478394,0.340582716135597
target_matched,target_matched_15,ConvexStack,0.689340139939144,0.43834355255940655,0.34241655159874607
target_matched,target_matched_15,RidgeStack,0.6981113457256459,0.4510543763359522,0.325575824275664
target_matched,target_matched_15,ElasticNetStack,0.6960469971698293,0.4572186824489072,0.32955853595025875
target_matched,target_matched_15,HuberStack,0.684581122791791,0.44286955889429624,0.35146476535103766
target_matched,target_matched_15,ExtraTreesStack,0.6824046463513697,0.44634813118214595,0.3555819628587594
target_matched,target_matched_15,HistGBStack,0.6998958275900098,0.5033348390196724,0.3221235501302766
target_matched,target_matched_15,MoE_Support,0.6870219101923634,0.43396283897631194,0.3468319805519038
target_matched,target_matched_16,PLS_C0,0.4223930044906062,0.3153308784639493,0.7365692245511148
target_matched,target_matched_16,Ridge_C3,0.41896978707842536,0.3064643592688193,0.7408217885744175
target_matched,target_matched_16,CatBoost_C1,0.39062436911704257,0.29133488840010713,0.7747049017346312
target_matched,target_matched_16,ExtraTrees_C1,0.4377015380283055,0.31618127504101623,0.7171284815852847
target_matched,target_matched_16,Local04D,0.4044259917016354,0.30144516690098005,0.7585033033465893
target_matched,target_matched_16,Graph04D,0.36905629758941655,0.2716693612309911,0.7988971073811798
target_matched,target_matched_16,E13_PLS_CatBoost,0.38782774292156275,0.2819063674587893,0.7779192978822878
target_matched,target_matched_16,E123_PLS_Ridge_CatBoost,0.39324872793569043,0.2848093334758841,0.771667501305021
target_matched,target_matched_16,LocalE13_w0p10,0.39780952937311503,0.2950866578949419,0.7663405011500533
target_matched,target_matched_16,LocalE13_w0p20,0.39221395270908316,0.28960760459471907,0.7728675659868738
target_matched,target_matched_16,LocalE13_w0p30,0.38768346867350695,0.28566272177607277,0.7780844978570516
target_matched,target_matched_16,LocalE123_w0p10,0.3985950512431799,0.2955361430387563,0.7654168135648468
target_matched,target_matched_16,LocalE123_w0p20,0.39374870645483884,0.2909843974748671,0.7710865259114568
target_matched,target_matched_16,LocalE123_w0p30,0.38992367155863744,0.28776513015369726,0.7755124403864191
target_matched,target_matched_16,ConvexStack,0.3842753134660434,0.2874134501113443,0.781969100067637
target_matched,target_matched_16,RidgeStack,0.3970739601606354,0.2989134204987624,0.767203797880509
target_matched,target_matched_16,ElasticNetStack,0.39764179127997384,0.2993630364556632,0.7665375066655757
target_matched,target_matched_16,HuberStack,0.3698167378655293,0.2790556224959742,0.7980675087919322
target_matched,target_matched_16,ExtraTreesStack,0.3670257803051823,0.2594608826125493,0.8011039228051126
target_matched,target_matched_16,HistGBStack,0.3925226723830399,0.2860489346942479,0.7725098640385606
target_matched,target_matched_16,MoE_Support,0.39566292381864815,0.29308810074785185,0.7688553806410054
state_random,state_random_01,PLS_C0,0.5366413062543307,0.4334613365806204,0.6508946830783015
state_random,state_random_01,Ridge_C3,0.4846163742248654,0.3832947275371676,0.7153019876317848
state_random,state_random_01,CatBoost_C1,0.4558674089462108,0.36000567704909936,0.7480784288223739
state_random,state_random_01,ExtraTrees_C1,0.4555730487960845,0.35498500943670197,0.7484036625564143
state_random,state_random_01,Local04D,0.4279671394552977,0.3334617529395418,0.7779713005872416
state_random,state_random_01,Graph04D,0.4278091925081425,0.31971214573634615,0.7781351556159392
state_random,state_random_01,E13_PLS_CatBoost,0.4809333543101238,0.38426859506644634,0.7196128780205513
state_random,state_random_01,E123_PLS_Ridge_CatBoost,0.4772375196236784,0.37446989573559275,0.7239057088024718
state_random,state_random_01,LocalE13_w0p10,0.42869511150798706,0.33509798935359414,0.7772153165873307
state_random,state_random_01,LocalE13_w0p20,0.4305047521592871,0.33673422576764633,0.7753304751970291
state_random,state_random_01,LocalE13_w0p30,0.4333825117101538,0.3392968579472546,0.7723167764163367
state_random,state_random_01,LocalE123_w0p10,0.42896641782273426,0.3354967349124624,0.7769332419103684
state_random,state_random_01,LocalE123_w0p20,0.43089362573306106,0.33753171688538325,0.7749244053442498
state_random,state_random_01,LocalE123_w0p30,0.43373639423812943,0.3405151095164268,0.7719447908888859
state_random,state_random_01,ConvexStack,0.42719557724417173,0.3281517604588343,0.7787711495287519
state_random,state_random_01,RidgeStack,0.42291201614526863,0.32899953334717036,0.7831855032324495
state_random,state_random_01,ElasticNetStack,0.42306780485321793,0.32879200613859133,0.7830257372749287
state_random,state_random_01,HuberStack,0.40515510632727586,0.31560335620347807,0.8010101609085185
state_random,state_random_01,ExtraTreesStack,0.43015022999161673,0.321452088710292,0.7757003551130207
state_random,state_random_01,HistGBStack,0.5026223535473152,0.40651996667011964,0.6937529838244848
state_random,state_random_01,MoE_Support,0.444923455385161,0.34807558060756333,0.7600289399778728
state_random,state_random_02,PLS_C0,0.45365091826920423,0.3644849076516716,0.7160664537763104
state_random,state_random_02,Ridge_C3,0.45810224122160365,0.37051501414997084,0.7104670794800951
state_random,state_random_02,CatBoost_C1,0.4285086968353823,0.3149511099412318,0.7466666306750122
state_random,state_random_02,ExtraTrees_C1,0.4020237271293625,0.31201575977545465,0.7770145688415487
state_random,state_random_02,Local04D,0.412197271267607,0.3233568279197938,0.7655861094328137
state_random,state_random_02,Graph04D,0.4185589062679119,0.3225032470541896,0.7582946335239831
state_random,state_random_02,E13_PLS_CatBoost,0.4151414896518116,0.3214997493595261,0.76222543447545
state_random,state_random_02,E123_PLS_Ridge_CatBoost,0.42609399322599467,0.335745964776958,0.7495137207333574
state_random,state_random_02,LocalE13_w0p10,0.40771717731047785,0.3208544513394255,0.7706540181040112
state_random,state_random_02,LocalE13_w0p20,0.40426528513659094,0.3188757322441268,0.7745210431825568
state_random,state_random_02,LocalE13_w0p30,0.4018680911917464,0.31696411708971745,0.7771871846684504
state_random,state_random_02,LocalE123_w0p10,0.4088314656884286,0.3216469919671787,0.7693987029249101
state_random,state_random_02,LocalE123_w0p20,0.40651287316400847,0.3206958083840261,0.7720068892254416
state_random,state_random_02,LocalE123_w0p30,0.4052594682099191,0.3205612373452791,0.7734106683344082
state_random,state_random_02,ConvexStack,0.4061394713394448,0.31963743860975175,0.7724255423592059
state_random,state_random_02,RidgeStack,0.3987912408755276,0.31706987570574563,0.7805859975612612
state_random,state_random_02,ElasticNetStack,0.41317618085124663,0.32382236867670033,0.7644713884035697
state_random,state_random_02,HuberStack,0.3987847062922223,0.31966830993202383,0.7805931881270681
state_random,state_random_02,ExtraTreesStack,0.42700060792553945,0.3443166021191724,0.748446650345942
state_random,state_random_02,HistGBStack,0.45748620687989167,0.383062487643016,0.7112452563999838
state_random,state_random_02,MoE_Support,0.40665432087652575,0.33018148741665193,0.7718481994681534
state_random,state_random_03,PLS_C0,0.5306412324576526,0.42491393761217355,0.6207149168409092
state_random,state_random_03,Ridge_C3,0.5073967412207128,0.39813645330920494,0.6532159422375647
state_random,state_random_03,CatBoost_C1,0.4986621446444522,0.3891010221308846,0.6650526255716999
state_random,state_random_03,ExtraTrees_C1,0.47241824501272045,0.3738923478029425,0.6993805328805891
state_random,state_random_03,Local04D,0.4792622516384976,0.36165239685686373,0.6906071846581672
state_random,state_random_03,Graph04D,0.47767134820877283,0.3510104836780137,0.6926578245362385
state_random,state_random_03,E13_PLS_CatBoost,0.49363639690073496,0.3964854100470219,0.6717701122862626
state_random,state_random_03,E123_PLS_Ridge_CatBoost,0.491971898011842,0.3915418983991908,0.673979905503691
state_random,state_random_03,LocalE13_w0p10,0.47574613841229035,0.3581897523909247,0.6951302599341935
state_random,state_random_03,LocalE13_w0p20,0.4733217120413729,0.35855445724961954,0.6982296057628383
state_random,state_random_03,LocalE13_w0p30,0.4720057949562837,0.3608238371562768,0.6999052221441017
state_random,state_random_03,LocalE123_w0p10,0.4757948620193113,0.35830002962943414,0.6950678101826833
state_random,state_random_03,LocalE123_w0p20,0.4733702660687445,0.35736208648599543,0.6981676904983185
state_random,state_random_03,LocalE123_w0p30,0.47200453394820036,0.35900430109526943,0.6999068256050727
state_random,state_random_03,ConvexStack,0.47603742426211887,0.35438244196629776,0.6947568194780038
state_random,state_random_03,RidgeStack,0.46373505733833603,0.3459328017993304,0.7103299232151722
state_random,state_random_03,ElasticNetStack,0.4715701484592477,0.3469562730549206,0.700458922576987
state_random,state_random_03,HuberStack,0.462876103768348,0.3378604613846716,0.7114020125924183
state_random,state_random_03,ExtraTreesStack,0.4680016628359645,0.3364170485871306,0.7049751697939389
state_random,state_random_03,HistGBStack,0.5144022300439108,0.4023448024400939,0.6435739299097848
state_random,state_random_03,MoE_Support,0.46937081566469985,0.3625300848529352,0.7032464368703187
state_random,state_random_04,PLS_C0,0.48632869238116466,0.35796680884855625,0.6998833913165572
state_random,state_random_04,Ridge_C3,0.45340903934380583,0.3418002939207869,0.739138136146896
state_random,state_random_04,CatBoost_C1,0.4424733050929443,0.35839490763267584,0.7515697974795844
state_random,state_random_04,ExtraTrees_C1,0.4493110709180999,0.35773932926829477,0.7438322321782719
state_random,state_random_04,Local04D,0.4647879622221426,0.3567432938166456,0.7258804641875465
state_random,state_random_04,Graph04D,0.4502752302848954,0.3392705687119358,0.7427316514523661
state_random,state_random_04,E13_PLS_CatBoost,0.44016232275976935,0.3367390095452569,0.7541580600028323
state_random,state_random_04,E123_PLS_Ridge_CatBoost,0.44103044507942113,0.337433630236595,0.7531873665709562
state_random,state_random_04,LocalE13_w0p10,0.45692658530062774,0.349207446898619,0.735074904677206
state_random,state_random_04,LocalE13_w0p20,0.45016768789168593,0.3438288845002614,0.7428545271872812
state_random,state_random_04,LocalE13_w0p30,0.4445615575242377,0.3384503221019043,0.7492193317177711
state_random,state_random_04,LocalE123_w0p10,0.4564877727983791,0.34847467731397225,0.7355835055151483
state_random,state_random_04,LocalE123_w0p20,0.4493944616402756,0.34236334533096796,0.7437371354895811
state_random,state_random_04,LocalE123_w0p30,0.4435659321253129,0.336252013347964,0.7503413541108446
state_random,state_random_04,ConvexStack,0.44839328457954125,0.33527017536554626,0.7448776867493472
state_random,state_random_04,RidgeStack,0.46925283878901275,0.35725396499635576,0.7205886382642732
state_random,state_random_04,ElasticNetStack,0.4666361630097745,0.3545034506904177,0.723696090792781
state_random,state_random_04,HuberStack,0.474548147279511,0.37221316334085447,0.7142469931105555
state_random,state_random_04,ExtraTreesStack,0.44852166706555957,0.3359873584884606,0.7447315742769272
state_random,state_random_04,HistGBStack,0.5442370336284835,0.44556324992617313,0.6241570343212444
state_random,state_random_04,MoE_Support,0.4314838929201496,0.3245410573036259,0.7637567430308512
state_random,state_random_05,PLS_C0,0.49553732433153924,0.39140761016618636,0.6438946536167287
state_random,state_random_05,Ridge_C3,0.4858598705350111,0.4022982995523138,0.6576677526362913
state_random,state_random_05,CatBoost_C1,0.5235951119425067,0.4287091315401556,0.6024269678742219
state_random,state_random_05,ExtraTrees_C1,0.49734934336476083,0.4070880081300814,0.6412855688736788
state_random,state_random_05,Local04D,0.44322719533090316,0.35073262394261207,0.7151091175023776
state_random,state_random_05,Graph04D,0.4292511081855686,0.2990074239181469,0.7327925262964357
state_random,state_random_05,E13_PLS_CatBoost,0.48495615949208154,0.39769210911306474,0.6589400606977136
state_random,state_random_05,E123_PLS_Ridge_CatBoost,0.4809609156692065,0.3969414314458269,0.6645364624399293
state_random,state_random_05,LocalE13_w0p10,0.44471299405735343,0.35256472508170156,0.7131958775294571
state_random,state_random_05,LocalE13_w0p20,0.4468293674520864,0.35573844956392303,0.7104596007326374
state_random,state_random_05,LocalE13_w0p30,0.44956741016606866,0.3589121740461445,0.7069002871119185
state_random,state_random_05,LocalE123_w0p10,0.44439865376532356,0.352163744795024,0.7136011826616343
state_random,state_random_05,LocalE123_w0p20,0.44617694545160413,0.3549364889905677,0.7113045076730018
state_random,state_random_05,LocalE123_w0p30,0.44855485309287885,0.35861860422153935,0.7082190925364797
state_random,state_random_05,ConvexStack,0.42461010638696006,0.32657917895223093,0.7385393089804165
state_random,state_random_05,RidgeStack,0.44035742870725175,0.34911713386680626,0.718786344847493
state_random,state_random_05,ElasticNetStack,0.44071760612474165,0.34892467425516666,0.7183261358274831
state_random,state_random_05,HuberStack,0.42382803080350506,0.32623279814570527,0.7395015739147839
state_random,state_random_05,ExtraTreesStack,0.4344879398008515,0.30067153503096505,0.7262329329832815
state_random,state_random_05,HistGBStack,0.4916499688228819,0.362305978136452,0.6494598381227723
state_random,state_random_05,MoE_Support,0.45096859487440993,0.368879267820449,0.7050704087512947
state_random,state_random_06,PLS_C0,0.4746850986568653,0.3581559221471936,0.6769338402290814
state_random,state_random_06,Ridge_C3,0.4469337104254627,0.3494967009176689,0.7136042966043364
state_random,state_random_06,CatBoost_C1,0.4271664885036117,0.3247462650419558,0.7383777829886243
state_random,state_random_06,ExtraTrees_C1,0.38456519184647475,0.2759428963414634,0.7879588177380453
state_random,state_random_06,Local04D,0.3943754904278395,0.28641111274923164,0.7770024428347924
state_random,state_random_06,Graph04D,0.3901559256144282,0.2684987371906554,0.7817487765877491
state_random,state_random_06,E13_PLS_CatBoost,0.4346414099809709,0.33517038831263646,0.7291414968847779
state_random,state_random_06,E123_PLS_Ridge_CatBoost,0.43294304314310983,0.3369608304023292,0.7312541273317024
state_random,state_random_06,LocalE13_w0p10,0.39376306112677006,0.2847966306824617,0.777694494956702
state_random,state_random_06,LocalE13_w0p20,0.3942280228975512,0.2858030663282425,0.77716918114152
state_random,state_random_06,LocalE13_w0p30,0.3957665784772154,0.28882550408407454,0.7754265013892467
state_random,state_random_06,LocalE123_w0p10,0.39414570656125625,0.2848040748900561,0.7772622273003525
state_random,state_random_06,LocalE123_w0p20,0.3948657642640544,0.28696272549095403,0.776447652651275
state_random,state_random_06,LocalE123_w0p30,0.3965304891325387,0.29119539378408166,0.77455871888756
state_random,state_random_06,ConvexStack,0.3904011500190669,0.27583752527241684,0.7814743358197598
state_random,state_random_06,RidgeStack,0.39822806748936457,0.2829616453940655,0.7726243232049708
state_random,state_random_06,ElasticNetStack,0.39649964758462575,0.2814132928731659,0.7745937864945572
state_random,state_random_06,HuberStack,0.4188394844097931,0.30703834602249347,0.7484782738411717
state_random,state_random_06,ExtraTreesStack,0.3908578301881872,0.2867967112856613,0.7809627865749404
state_random,state_random_06,HistGBStack,0.44065575937694357,0.33098769355093666,0.7215936262067435
state_random,state_random_06,MoE_Support,0.40021788634888605,0.29462694206710066,0.77034639863232
state_random,state_random_07,PLS_C0,0.5201395583586813,0.42225031083475734,0.6636805113118263
state_random,state_random_07,Ridge_C3,0.5344911838737844,0.4388947931290338,0.6448650970261738
state_random,state_random_07,CatBoost_C1,0.5294497467806152,0.4252970260110086,0.6515329211230754
state_random,state_random_07,ExtraTrees_C1,0.5188637920289184,0.39613791666666714,0.66532829556742
state_random,state_random_07,Local04D,0.4925627495021203,0.37844571558285894,0.6983971822911217
state_random,state_random_07,Graph04D,0.4957741932693241,0.35970074000012786,0.6944515408547072
state_random,state_random_07,E13_PLS_CatBoost,0.5117095595900933,0.410754315092073,0.6744937545758222
state_random,state_random_07,E123_PLS_Ridge_CatBoost,0.5153977334166265,0.4149210577299636,0.6697846378082286
state_random,state_random_07,LocalE13_w0p10,0.4908774622967796,0.3797814461169533,0.7004574997879475
state_random,state_random_07,LocalE13_w0p20,0.4899988905555422,0.38111717665104755,0.7015287816695832
state_random,state_random_07,LocalE13_w0p30,0.48993137423653166,0.38245290718514185,0.7016110279360286
state_random,state_random_07,LocalE123_w0p10,0.4910276247198622,0.3801678247090335,0.7002742079852617
state_random,state_random_07,LocalE123_w0p20,0.49035213749481893,0.38188993383520803,0.7010982825366396
state_random,state_random_07,LocalE123_w0p30,0.49053983907549464,0.3840337741771195,0.7008694059452556
state_random,state_random_07,ConvexStack,0.4862007773423046,0.3630515918395224,0.7061379102782785
state_random,state_random_07,RidgeStack,0.5046410830448405,0.3699740318134511,0.6834243754364211
state_random,state_random_07,ElasticNetStack,0.4974118020273911,0.3655727761641099,0.6924296718980363
state_random,state_random_07,HuberStack,0.5134932979379069,0.3745232188677646,0.6722204730527898
state_random,state_random_07,ExtraTreesStack,0.5077949850375145,0.37929050254551655,0.6794549461739863
state_random,state_random_07,HistGBStack,0.5474481289265968,0.45940409259291753,0.6274382915558105
state_random,state_random_07,MoE_Support,0.4938392206008837,0.3884982077537142,0.696831955827242
state_random,state_random_08,PLS_C0,0.6951781539864137,0.4568324683938571,0.358755920690945
state_random,state_random_08,Ridge_C3,0.6739237634842057,0.46085955002668394,0.3973673226229294
state_random,state_random_08,CatBoost_C1,0.6570291001889494,0.40914451433120985,0.42720351180735205
state_random,state_random_08,ExtraTrees_C1,0.6693468261729487,0.4389931707317072,0.405525057872098
state_random,state_random_08,Local04D,0.6534650801888845,0.41389412115776275,0.4334008666819862
state_random,state_random_08,Graph04D,0.6539938946035762,0.4107674083528124,0.4324834587478271
state_random,state_random_08,E13_PLS_CatBoost,0.6690021988028637,0.4275324975850056,0.40613705627546826
state_random,state_random_08,E123_PLS_Ridge_CatBoost,0.6667561010015047,0.4353189339435406,0.4101180150526843
state_random,state_random_08,LocalE13_w0p10,0.652617140062439,0.413203693612318,0.4348703573802155
state_random,state_random_08,LocalE13_w0p20,0.6523069568048412,0.4129571582680893,0.4354074321364715
state_random,state_random_08,LocalE13_w0p30,0.652535297286218,0.4127987539883131,0.43501209095075377
state_random,state_random_08,LocalE123_w0p10,0.6522438224975907,0.41389322232617753,0.43551671637849665
state_random,state_random_08,LocalE123_w0p20,0.6515916584313398,0.4143362156958085,0.4366449805506871
state_random,state_random_08,LocalE123_w0p30,0.6515102969864487,0.4147792090654395,0.4367856591985575
state_random,state_random_08,ConvexStack,0.6531707088134875,0.41317373479921915,0.4339112321277392
state_random,state_random_08,RidgeStack,0.6606001250511219,0.41289145969897956,0.4209601683164519
state_random,state_random_08,ElasticNetStack,0.6595880971934335,0.403139488069385,0.4227329671515839
state_random,state_random_08,HuberStack,0.6715037990980116,0.4116202324120435,0.401687488591412
state_random,state_random_08,ExtraTreesStack,0.6510449678595766,0.4087212368633881,0.4375899026487676
state_random,state_random_08,HistGBStack,0.6515807525425564,0.42949750160149486,0.43666383848323453
state_random,state_random_08,MoE_Support,0.6623169487783361,0.4224877809243016,0.41794654154839617
fold_state_stratified,fold_state_stratified_fold1,PLS_C0,0.5741129946554542,0.4194609148788307,0.5598354276056267
fold_state_stratified,fold_state_stratified_fold1,Ridge_C3,0.5580625113369487,0.3949483023878792,0.5841027690144591
fold_state_stratified,fold_state_stratified_fold1,CatBoost_C1,0.5301218421214265,0.35664170915487825,0.624705908167444
fold_state_stratified,fold_state_stratified_fold1,ExtraTrees_C1,0.5384647434485001,0.3435176041666667,0.6128004214250711
fold_state_stratified,fold_state_stratified_fold1,Local04D,0.5438519261730222,0.3584429077598888,0.6050140272695474
fold_state_stratified,fold_state_stratified_fold1,Graph04D,0.5167223932513524,0.35285011771520863,0.6434381317318781
fold_state_stratified,fold_state_stratified_fold1,E13_PLS_CatBoost,0.53613270301034,0.360680613374586,0.6161470091346584
fold_state_stratified,fold_state_stratified_fold1,E123_PLS_Ridge_CatBoost,0.5401925128329202,0.36801756724545776,0.6103116238545792
fold_state_stratified,fold_state_stratified_fold1,LocalE13_w0p10,0.5408734832685739,0.3562772516003318,0.6093285168390519
fold_state_stratified,fold_state_stratified_fold1,LocalE13_w0p20,0.5383735017791553,0.35445021881748673,0.6129316305456689
fold_state_stratified,fold_state_stratified_fold1,LocalE13_w0p30,0.5363586721091738,0.3529510130807423,0.6158233683893988
fold_state_stratified,fold_state_stratified_fold1,LocalE123_w0p10,0.5408043633867096,0.3567753239310894,0.60942836067385
fold_state_stratified,fold_state_stratified_fold1,LocalE123_w0p20,0.5383402409029121,0.35544636347900255,0.6129794554679749
fold_state_stratified,fold_state_stratified_fold1,LocalE123_w0p30,0.5364675984195226,0.3548893192329841,0.6156673116519222
fold_state_stratified,fold_state_stratified_fold1,ConvexStack,0.5293955594795239,0.3523228868144961,0.6257335318141525
fold_state_stratified,fold_state_stratified_fold1,RidgeStack,0.5368553952637349,0.36554686098429917,0.615111464948273
fold_state_stratified,fold_state_stratified_fold1,ElasticNetStack,0.536729262656985,0.3651716808237252,0.615292300576173
fold_state_stratified,fold_state_stratified_fold1,HuberStack,0.5273870032691194,0.3608985106046,0.6285681199134379
fold_state_stratified,fold_state_stratified_fold1,ExtraTreesStack,0.5245457163490571,0.3649368183113045,0.6325595027585369
fold_state_stratified,fold_state_stratified_fold1,HistGBStack,0.5775171745893007,0.43551829192500263,0.5546000757900149
fold_state_stratified,fold_state_stratified_fold1,MoE_Support,0.5286043167673475,0.35089827344320945,0.6268514645419659
fold_state_stratified,fold_state_stratified_fold2,PLS_C0,0.525710802954993,0.41099982726170126,0.5726755835079321
fold_state_stratified,fold_state_stratified_fold2,Ridge_C3,0.5129053529866897,0.4026679557254523,0.5932398783872053
fold_state_stratified,fold_state_stratified_fold2,CatBoost_C1,0.519689945717047,0.42318461285261766,0.582407649421401
fold_state_stratified,fold_state_stratified_fold2,ExtraTrees_C1,0.4907300752726888,0.39480471726190436,0.6276518024728117
fold_state_stratified,fold_state_stratified_fold2,Local04D,0.4605158550687146,0.3735998370709173,0.6720911943253491
fold_state_stratified,fold_state_stratified_fold2,Graph04D,0.4990402221287075,0.35604542058981753,0.6149341480256063
fold_state_stratified,fold_state_stratified_fold2,E13_PLS_CatBoost,0.5032006277524063,0.3995434603162244,0.60848694005106
fold_state_stratified,fold_state_stratified_fold2,E123_PLS_Ridge_CatBoost,0.501162942817606,0.39982899226857255,0.6116513438103248
fold_state_stratified,fold_state_stratified_fold2,LocalE13_w0p10,0.46022927406736575,0.372228513850113,0.6724991854645122
fold_state_stratified,fold_state_stratified_fold2,LocalE13_w0p20,0.46099879365347796,0.37085719062930905,0.6714030840333209
fold_state_stratified,fold_state_stratified_fold2,LocalE13_w0p30,0.46281914598883145,0.37132493948872136,0.6688028900317764
fold_state_stratified,fold_state_stratified_fold2,LocalE123_w0p10,0.4602828328632028,0.37133238262368645,0.6724229557638653
fold_state_stratified,fold_state_stratified_fold2,LocalE123_w0p20,0.46104452650311145,0.36938148114040587,0.6713378846490438
fold_state_stratified,fold_state_stratified_fold2,LocalE123_w0p30,0.46279602455010194,0.3698260147175362,0.6688359809808848
fold_state_stratified,fold_state_stratified_fold2,ConvexStack,0.46959840507340295,0.36015821879817705,0.6590292446661694
fold_state_stratified,fold_state_stratified_fold2,RidgeStack,0.46893478475632133,0.3566619591791068,0.6599922600266037
fold_state_stratified,fold_state_stratified_fold2,ElasticNetStack,0.46873079221666375,0.3511891319140202,0.6602880109864637
fold_state_stratified,fold_state_stratified_fold2,HuberStack,0.4859995340861808,0.34153532645099915,0.6347959281629798
fold_state_stratified,fold_state_stratified_fold2,ExtraTreesStack,0.5212254315557839,0.3800920461293448,0.5799363512660204
fold_state_stratified,fold_state_stratified_fold2,HistGBStack,0.5558211102584523,0.39653057881265313,0.5223233856644811
fold_state_stratified,fold_state_stratified_fold2,MoE_Support,0.4722445568758425,0.36325619292844796,0.6551757287520503
fold_state_stratified,fold_state_stratified_fold3,PLS_C0,0.4816592762540942,0.37249654655084363,0.6732640413837094
fold_state_stratified,fold_state_stratified_fold3,Ridge_C3,0.46946780429157986,0.3764188382216535,0.6895950033281316
fold_state_stratified,fold_state_stratified_fold3,CatBoost_C1,0.42770496716886636,0.3222623356018577,0.742364524625956
fold_state_stratified,fold_state_stratified_fold3,ExtraTrees_C1,0.3901602004419519,0.2927206250000007,0.785610749077363
fold_state_stratified,fold_state_stratified_fold3,Local04D,0.38026788850653853,0.2756629317408568,0.7963443881159545
fold_state_stratified,fold_state_stratified_fold3,Graph04D,0.35087397830915995,0.2511155876556121,0.8266118561034191
fold_state_stratified,fold_state_stratified_fold3,E13_PLS_CatBoost,0.4264463678617756,0.3193739102121764,0.7438785717332383
fold_state_stratified,fold_state_stratified_fold3,E123_PLS_Ridge_CatBoost,0.43522680124996105,0.33419795419036497,0.7332230284384991
fold_state_stratified,fold_state_stratified_fold3,LocalE13_w0p10,0.3793845361767053,0.2726933932736644,0.7972894624363366
fold_state_stratified,fold_state_stratified_fold3,LocalE13_w0p20,0.379787501836711,0.2721216202121684,0.7968586132103515
fold_state_stratified,fold_state_stratified_fold3,LocalE13_w0p30,0.3814727091330247,0.27447203058828434,0.7950518404379984
fold_state_stratified,fold_state_stratified_fold3,LocalE123_w0p10,0.37957509674273676,0.2735003950875012,0.7970857728683249
fold_state_stratified,fold_state_stratified_fold3,LocalE123_w0p20,0.3803469375555534,0.27338629021291067,0.7962597085717803
fold_state_stratified,fold_state_stratified_fold3,LocalE123_w0p30,0.38257454639731436,0.27702351072854203,0.7938661952263213
fold_state_stratified,fold_state_stratified_fold3,ConvexStack,0.35912290971307176,0.26211428343386456,0.8183634276298788
fold_state_stratified,fold_state_stratified_fold3,RidgeStack,0.36052834490416463,0.26169623300832734,0.8169389685230883
fold_state_stratified,fold_state_stratified_fold3,ElasticNetStack,0.37531322747731855,0.27462307807317615,0.8016168338489718
fold_state_stratified,fold_state_stratified_fold3,HuberStack,0.3421154721548518,0.2533071616742793,0.8351600376710754
fold_state_stratified,fold_state_stratified_fold3,ExtraTreesStack,0.3279314037945374,0.24801903900271058,0.8485451825965399
fold_state_stratified,fold_state_stratified_fold3,HistGBStack,0.41229899538585396,0.33201271551901884,0.7605903627338411
fold_state_stratified,fold_state_stratified_fold3,MoE_Support,0.38069590981536644,0.2856328519440175,0.7958856693972706
fold_state_stratified,fold_state_stratified_fold4,PLS_C0,0.6132812106985885,0.4593131214280921,0.4942722194430931
fold_state_stratified,fold_state_stratified_fold4,Ridge_C3,0.596556572151323,0.4258757374901161,0.5214792645214821
fold_state_stratified,fold_state_stratified_fold4,CatBoost_C1,0.5856132857879364,0.3856477120542927,0.5388742927624206
fold_state_stratified,fold_state_stratified_fold4,ExtraTrees_C1,0.5719693279334248,0.3696041038359784,0.5601111308948461
fold_state_stratified,fold_state_stratified_fold4,Local04D,0.5357048571342564,0.3453620998699889,0.6141232070069977
fold_state_stratified,fold_state_stratified_fold4,Graph04D,0.5955901766034923,0.38541582725951207,0.5230283740723527
fold_state_stratified,fold_state_stratified_fold4,E13_PLS_CatBoost,0.5853114336816998,0.40191013017752786,0.5393495411777742
fold_state_stratified,fold_state_stratified_fold4,E123_PLS_Ridge_CatBoost,0.5864614387588406,0.4070205116368657,0.5375376142070429
fold_state_stratified,fold_state_stratified_fold4,LocalE13_w0p10,0.5386225638941713,0.3452182869617878,0.6099084184266039
fold_state_stratified,fold_state_stratified_fold4,LocalE13_w0p20,0.5420221766437351,0.3472036756482645,0.6049686125123148
fold_state_stratified,fold_state_stratified_fold4,LocalE13_w0p30,0.5458946921067094,0.3491890643347413,0.5993037892641304
fold_state_stratified,fold_state_stratified_fold4,LocalE123_w0p10,0.5385781498711766,0.34600796986417837,0.6099727485282976
fold_state_stratified,fold_state_stratified_fold4,LocalE123_w0p20,0.5419713382783146,0.3487830414530456,0.605042712093754
fold_state_stratified,fold_state_stratified_fold4,LocalE123_w0p30,0.5458747273384409,0.3518841765135136,0.5993330977033673
fold_state_stratified,fold_state_stratified_fold4,ConvexStack,0.5846442219767757,0.3728806150390013,0.5403991574381762
fold_state_stratified,fold_state_stratified_fold4,RidgeStack,0.6007199369004002,0.3925286664865933,0.5147767708176549
fold_state_stratified,fold_state_stratified_fold4,ElasticNetStack,0.5889863404890163,0.37339164873073327,0.5335469488393032
fold_state_stratified,fold_state_stratified_fold4,HuberStack,0.6102367083949146,0.3860614114584524,0.4992809092192735
fold_state_stratified,fold_state_stratified_fold4,ExtraTreesStack,0.5912534623863859,0.3763871740615133,0.5299491024188743
fold_state_stratified,fold_state_stratified_fold4,HistGBStack,0.6878417123158984,0.46952569226199053,0.3638280590493501
fold_state_stratified,fold_state_stratified_fold4,MoE_Support,0.5922893750029575,0.40538922593147614,0.5283005430330272
fold_state_stratified,fold_state_stratified_fold5,PLS_C0,0.5128840813182547,0.3810535566233883,0.6281189575692009
fold_state_stratified,fold_state_stratified_fold5,Ridge_C3,0.5217775750974186,0.39543083985026434,0.615110183818387
fold_state_stratified,fold_state_stratified_fold5,CatBoost_C1,0.47838221911619216,0.35088104883836546,0.67646918021278
fold_state_stratified,fold_state_stratified_fold5,ExtraTrees_C1,0.5073112242566834,0.3975905864197526,0.6361565656296784
fold_state_stratified,fold_state_stratified_fold5,Local04D,0.456518932999842,0.34310068430395074,0.705365779346567
fold_state_stratified,fold_state_stratified_fold5,Graph04D,0.43357776548488136,0.30586477014700425,0.7342338863437701
fold_state_stratified,fold_state_stratified_fold5,E13_PLS_CatBoost,0.48236715594321405,0.3595420561631619,0.6710566896564989
fold_state_stratified,fold_state_stratified_fold5,E123_PLS_Ridge_CatBoost,0.48930171599705496,0.36941427986632774,0.66153086016393
fold_state_stratified,fold_state_stratified_fold5,LocalE13_w0p10,0.4555538887603167,0.34025503897001386,0.7066101287313424
fold_state_stratified,fold_state_stratified_fold5,LocalE13_w0p20,0.4553943935525971,0.3378745033581676,0.7068155318152772
fold_state_stratified,fold_state_stratified_fold5,LocalE13_w0p30,0.4560412925720502,0.3392473809643396,0.7059819885983715
fold_state_stratified,fold_state_stratified_fold5,LocalE123_w0p10,0.4564888428504314,0.3421341564289938,0.7054046180229288
fold_state_stratified,fold_state_stratified_fold5,LocalE123_w0p20,0.45721956695488136,0.3412785636446311,0.7044607165671517
fold_state_stratified,fold_state_stratified_fold5,LocalE123_w0p30,0.45870746938082946,0.34244149154456693,0.7025340749792355
fold_state_stratified,fold_state_stratified_fold5,ConvexStack,0.44595120892528173,0.32335096800163154,0.7188485736077503
fold_state_stratified,fold_state_stratified_fold5,RidgeStack,0.4519568900225156,0.33500475849584316,0.7112249796669521
fold_state_stratified,fold_state_stratified_fold5,ElasticNetStack,0.4530778197812639,0.3278967614251086,0.7097907812636839
fold_state_stratified,fold_state_stratified_fold5,HuberStack,0.44402184873006034,0.33297595842358707,0.7212760542407692
fold_state_stratified,fold_state_stratified_fold5,ExtraTreesStack,0.4229994860381534,0.2902711052017351,0.7470438286011023
fold_state_stratified,fold_state_stratified_fold5,HistGBStack,0.4570885294922722,0.34981945833312694,0.7046300932567459
fold_state_stratified,fold_state_stratified_fold5,MoE_Support,0.4560083675174139,0.330364987893447,0.7060244418138627
fold_municipality_grouped,fold_municipality_grouped_fold1,PLS_C0,0.5024694790800999,0.4189757216267838,-0.7795851378398202
fold_municipality_grouped,fold_municipality_grouped_fold1,Ridge_C3,0.5010122555460957,0.39361640463304276,-0.769278072141383
fold_municipality_grouped,fold_municipality_grouped_fold1,CatBoost_C1,0.4594278565360377,0.3548487016723832,-0.4877639960417701
fold_municipality_grouped,fold_municipality_grouped_fold1,ExtraTrees_C1,0.6423333411246751,0.5471488636363607,-1.9081735915864257
fold_municipality_grouped,fold_municipality_grouped_fold1,Local04D,0.7760936071307539,0.673914864727448,-3.2454879066331763
fold_municipality_grouped,fold_municipality_grouped_fold1,Graph04D,0.48507106992559695,0.42021637142700674,-0.6584796362134191
fold_municipality_grouped,fold_municipality_grouped_fold1,E13_PLS_CatBoost,0.4715419359989619,0.3795908826306233,-0.5672563584126331
fold_municipality_grouped,fold_municipality_grouped_fold1,E123_PLS_Ridge_CatBoost,0.45635012332419433,0.3706335469465635,-0.4678975325447896
fold_municipality_grouped,fold_municipality_grouped_fold1,LocalE13_w0p10,0.7324620897800981,0.6303670618678975,-2.78154871468554
fold_municipality_grouped,fold_municipality_grouped_fold1,LocalE13_w0p20,0.6905527979099361,0.5868192590083469,-2.361190864321368
fold_municipality_grouped,fold_municipality_grouped_fold1,LocalE13_w0p30,0.6506985847824331,0.543271456148796,-1.984414355540653
fold_municipality_grouped,fold_municipality_grouped_fold1,LocalE123_w0p10,0.7249832611186837,0.6235312105540525,-2.704719700806373
fold_municipality_grouped,fold_municipality_grouped_fold1,LocalE123_w0p20,0.6761450767104226,0.5731475563806572,-2.222397976850228
fold_municipality_grouped,fold_municipality_grouped_fold1,LocalE123_w0p30,0.6301076055735314,0.5234504675136349,-1.7985227347647395
fold_municipality_grouped,fold_municipality_grouped_fold1,ConvexStack,0.38765240513358473,0.32737811952690166,-0.05921558360630286
fold_municipality_grouped,fold_municipality_grouped_fold1,RidgeStack,2.9924500837721624,2.946483227017973,-62.11799949328332
fold_municipality_grouped,fold_municipality_grouped_fold1,ElasticNetStack,3.4734027918690495,3.4290847738164913,-84.03734533022572
fold_municipality_grouped,fold_municipality_grouped_fold1,HuberStack,6.90182747375718,6.867863659359941,-334.75894678322163
fold_municipality_grouped,fold_municipality_grouped_fold1,ExtraTreesStack,1.3273189968831336,1.2741308880732394,-11.417953129586907
fold_municipality_grouped,fold_municipality_grouped_fold1,HistGBStack,1.1926235023854028,1.136764078885881,-9.025501885329222
fold_municipality_grouped,fold_municipality_grouped_fold1,MoE_Support,0.38695744211045646,0.31824100991957327,-0.055421174906683746
fold_municipality_grouped,fold_municipality_grouped_fold2,PLS_C0,0.8972482816202668,0.7380665898716776,-3.5606095727119618
fold_municipality_grouped,fold_municipality_grouped_fold2,Ridge_C3,1.042835271192489,0.9187712965272655,-5.160685619115661
fold_municipality_grouped,fold_municipality_grouped_fold2,CatBoost_C1,1.2366485375489809,1.1699845707013365,-7.663436578624484
fold_municipality_grouped,fold_municipality_grouped_fold2,ExtraTrees_C1,1.471387670215532,1.4051283854166696,-11.264556518520614
fold_municipality_grouped,fold_municipality_grouped_fold2,Local04D,1.4009223029851117,1.3380651210752577,-10.117975758890992
fold_municipality_grouped,fold_municipality_grouped_fold2,Graph04D,1.0743137344370122,0.9887499999999994,-5.538225271077666
fold_municipality_grouped,fold_municipality_grouped_fold2,E13_PLS_CatBoost,1.052055064513632,0.954025580286507,-5.270101434937118
fold_municipality_grouped,fold_municipality_grouped_fold2,E123_PLS_Ridge_CatBoost,1.048178241694847,0.9422741523667595,-5.2239759315954934
fold_municipality_grouped,fold_municipality_grouped_fold2,LocalE13_w0p10,1.3645872213549386,1.2996611669963827,-9.548731154667166
fold_municipality_grouped,fold_municipality_grouped_fold2,LocalE13_w0p20,1.3285052909989081,1.2612572129175077,-8.998254810849657
fold_municipality_grouped,fold_municipality_grouped_fold2,LocalE13_w0p30,1.2926977100551442,1.2228532588386323,-8.466546727438466
fold_municipality_grouped,fold_municipality_grouped_fold2,LocalE123_w0p10,1.3639743216288447,1.2984860242044078,-9.539257428990794
fold_municipality_grouped,fold_municipality_grouped_fold2,LocalE123_w0p20,1.3273177202108013,1.2589069273335585,-8.980387620684075
fold_municipality_grouped,fold_municipality_grouped_fold2,LocalE123_w0p30,1.2909773196959358,1.2193278304627082,-8.441366333970823
fold_municipality_grouped,fold_municipality_grouped_fold2,ConvexStack,1.0420615796931803,0.9484995065229624,-5.151547642916518
fold_municipality_grouped,fold_municipality_grouped_fold2,RidgeStack,0.979972551502615,0.8706532347130298,-4.440332543368613
fold_municipality_grouped,fold_municipality_grouped_fold2,ElasticNetStack,0.9956961397906007,0.8878594708785104,-4.61631258055409
fold_municipality_grouped,fold_municipality_grouped_fold2,HuberStack,0.8958858795727418,0.7783487291529951,-3.546770222610384
fold_municipality_grouped,fold_municipality_grouped_fold2,ExtraTreesStack,1.2548062992817577,1.1815096548938535,-7.919715540420407
fold_municipality_grouped,fold_municipality_grouped_fold2,HistGBStack,1.173026746704559,1.0641816949458778,-6.7949521489704825
fold_municipality_grouped,fold_municipality_grouped_fold2,MoE_Support,1.1825511826037363,1.1017188293268971,-6.922048875110397
fold_municipality_grouped,fold_municipality_grouped_fold3,PLS_C0,0.45594315462763507,0.3876945905576751,-5.502679478613635
fold_municipality_grouped,fold_municipality_grouped_fold3,Ridge_C3,0.5413323686186368,0.5042985438757982,-8.166402868849923
fold_municipality_grouped,fold_municipality_grouped_fold3,CatBoost_C1,0.7606850373888752,0.7394663093469074,-17.100088401492496
fold_municipality_grouped,fold_municipality_grouped_fold3,ExtraTrees_C1,0.937339553772257,0.9027633333333338,-26.483044169851194
fold_municipality_grouped,fold_municipality_grouped_fold3,Local04D,0.21398631904446594,0.1800094032776462,-0.43232959236134727
fold_municipality_grouped,fold_municipality_grouped_fold3,Graph04D,0.18019860361379125,0.1272833982308132,-0.015719501528362434
fold_municipality_grouped,fold_municipality_grouped_fold3,E13_PLS_CatBoost,0.5835799616438433,0.5522807744794804,-9.652994201639999
fold_municipality_grouped,fold_municipality_grouped_fold3,E123_PLS_Ridge_CatBoost,0.5644036215973585,0.5362866976115865,-8.964385750952916
fold_municipality_grouped,fold_municipality_grouped_fold3,LocalE13_w0p10,0.23866626889446008,0.2083328285651384,-0.7817757173512667
fold_municipality_grouped,fold_municipality_grouped_fold3,LocalE13_w0p20,0.26870253663349014,0.23665625385263053,-1.2584708058829501
fold_municipality_grouped,fold_municipality_grouped_fold3,LocalE13_w0p30,0.302503786082106,0.2739238193214685,-1.862414857956408
fold_municipality_grouped,fold_municipality_grouped_fold3,LocalE123_w0p10,0.23650409951688964,0.2067688364371551,-0.7496383711812933
fold_municipality_grouped,fold_municipality_grouped_fold3,LocalE123_w0p20,0.26435840001199534,0.23352826959666384,-1.1860353360099487
fold_municipality_grouped,fold_municipality_grouped_fold3,LocalE123_w0p30,0.29604673354729405,0.2691255962611005,-1.741520486847334
fold_municipality_grouped,fold_municipality_grouped_fold3,ConvexStack,0.16218216903485505,0.1243203508581062,0.17723244540491534
fold_municipality_grouped,fold_municipality_grouped_fold3,RidgeStack,0.22714383185847928,0.20079726853172958,-0.613885963006445
fold_municipality_grouped,fold_municipality_grouped_fold3,ElasticNetStack,0.33976310107996593,0.30807768139705505,-2.610965774827958
fold_municipality_grouped,fold_municipality_grouped_fold3,HuberStack,0.2085692973528579,0.15009837895974912,-0.36072920010837994
fold_municipality_grouped,fold_municipality_grouped_fold3,ExtraTreesStack,0.5460226975492078,0.5217664161210867,-8.325934068594991
fold_municipality_grouped,fold_municipality_grouped_fold3,HistGBStack,0.3328933857049048,0.2177264908227679,-2.466420790330456
fold_municipality_grouped,fold_municipality_grouped_fold3,MoE_Support,0.4684970274053054,0.4480817789464019,-5.865696915374493
fold_municipality_grouped,fold_municipality_grouped_fold4,PLS_C0,0.8705675327901032,0.7731763503578767,-1.1231460204950579
fold_municipality_grouped,fold_municipality_grouped_fold4,Ridge_C3,0.829384128831043,0.7204115686802193,-0.9270206652140482
fold_municipality_grouped,fold_municipality_grouped_fold4,CatBoost_C1,0.8050323933524755,0.688335990768842,-0.8155225328945801
fold_municipality_grouped,fold_municipality_grouped_fold4,ExtraTrees_C1,0.7871310540434653,0.6770990481626445,-0.7356774630969749
fold_municipality_grouped,fold_municipality_grouped_fold4,Local04D,0.6620401186724398,0.5284489401086865,-0.22784500244017614
fold_municipality_grouped,fold_municipality_grouped_fold4,Graph04D,0.5842316257933173,0.3708738588408621,0.0438081087360217
fold_municipality_grouped,fold_municipality_grouped_fold4,E13_PLS_CatBoost,0.8304019934995976,0.7271543128905679,-0.9317534537458498
fold_municipality_grouped,fold_municipality_grouped_fold4,E123_PLS_Ridge_CatBoost,0.8271016132036915,0.7234360207766745,-0.9164287037279522
fold_municipality_grouped,fold_municipality_grouped_fold4,LocalE13_w0p10,0.6726576172916043,0.54486374641112,-0.2675440482315441
fold_municipality_grouped,fold_municipality_grouped_fold4,LocalE13_w0p20,0.6848898176510848,0.5612785527135535,-0.31406349387606736
fold_municipality_grouped,fold_municipality_grouped_fold4,LocalE13_w0p30,0.6986519128986706,0.5781597892649935,-0.36740333937374703
fold_municipality_grouped,fold_municipality_grouped_fold4,LocalE123_w0p10,0.6720840645390673,0.5443888106336535,-0.26538338457931454
fold_municipality_grouped,fold_municipality_grouped_fold4,LocalE123_w0p20,0.6837991906141736,0.5603856918120296,-0.30988176404948375
fold_municipality_grouped,fold_municipality_grouped_fold4,LocalE123_w0p30,0.6971012469961271,0.5770741771303207,-0.36134014085068444
fold_municipality_grouped,fold_municipality_grouped_fold4,ConvexStack,0.5842316257933173,0.3708738588408621,0.0438081087360217
fold_municipality_grouped,fold_municipality_grouped_fold4,RidgeStack,0.6657251523146569,0.5391926170275513,-0.24155185348799346
fold_municipality_grouped,fold_municipality_grouped_fold4,ElasticNetStack,0.6695287069467082,0.5424910412295383,-0.2557793481607815
fold_municipality_grouped,fold_municipality_grouped_fold4,HuberStack,0.6530025115417589,0.5305692536720662,-0.19455083024516773
fold_municipality_grouped,fold_municipality_grouped_fold4,ExtraTreesStack,0.7161876419558932,0.5960101006368322,-0.4369067234700523
fold_municipality_grouped,fold_municipality_grouped_fold4,HistGBStack,1.7815295721148012,1.6959433813864164,-7.891212758779465
fold_municipality_grouped,fold_municipality_grouped_fold4,MoE_Support,0.6671904258731179,0.5652226253461551,-0.24702322604208127
fold_municipality_grouped,fold_municipality_grouped_fold5,PLS_C0,0.5045764550712871,0.43100024675289056,0.5935852375413803
fold_municipality_grouped,fold_municipality_grouped_fold5,Ridge_C3,0.5664113964769979,0.47607774895596994,0.4878708713545601
fold_municipality_grouped,fold_municipality_grouped_fold5,CatBoost_C1,0.5831365584355158,0.44900954513800245,0.45717973722071825
fold_municipality_grouped,fold_municipality_grouped_fold5,ExtraTrees_C1,0.5129637028630838,0.449998263888889,0.5799618050478572
fold_municipality_grouped,fold_municipality_grouped_fold5,Local04D,0.38176346295224645,0.3186287559282171,0.7673493688290454
fold_municipality_grouped,fold_municipality_grouped_fold5,Graph04D,0.31560011650920283,0.26486905279613976,0.8410026734777512
fold_municipality_grouped,fold_municipality_grouped_fold5,E13_PLS_CatBoost,0.5315948279628857,0.43126257320571754,0.5488956593750454
fold_municipality_grouped,fold_municipality_grouped_fold5,E123_PLS_Ridge_CatBoost,0.5396513922435389,0.43975673716193103,0.5351186583327481
fold_municipality_grouped,fold_municipality_grouped_fold5,LocalE13_w0p10,0.39376036952203824,0.3288902253709817,0.7524975399266253
fold_municipality_grouped,fold_municipality_grouped_fold5,LocalE13_w0p20,0.4066013895799883,0.3391516948137467,0.736091590570209
fold_municipality_grouped,fold_municipality_grouped_fold5,LocalE13_w0p30,0.4202091453693347,0.3494131642565112,0.718131520759798
fold_municipality_grouped,fold_municipality_grouped_fold5,LocalE123_w0p10,0.39433499921328846,0.32858750172552237,0.7517746330601766
fold_municipality_grouped,fold_municipality_grouped_fold5,LocalE123_w0p20,0.4078254161956904,0.3385462475228282,0.7345002672289157
fold_municipality_grouped,fold_municipality_grouped_fold5,LocalE123_w0p30,0.4221466298778447,0.34850499332013357,0.7155262713352641
fold_municipality_grouped,fold_municipality_grouped_fold5,ConvexStack,0.32285580936070374,0.27115564781832013,0.8336078923485448
fold_municipality_grouped,fold_municipality_grouped_fold5,RidgeStack,0.6425258521524176,0.5163938120080804,0.3409828377565347
fold_municipality_grouped,fold_municipality_grouped_fold5,ElasticNetStack,0.6440174388554915,0.5234012333489487,0.3379195455944448
fold_municipality_grouped,fold_municipality_grouped_fold5,HuberStack,0.5958183376676357,0.46617032807293207,0.43331300880907364
fold_municipality_grouped,fold_municipality_grouped_fold5,ExtraTreesStack,0.41292281658743707,0.37477507544277316,0.7278218397175394
fold_municipality_grouped,fold_municipality_grouped_fold5,HistGBStack,0.4107264401690973,0.31681951349696796,0.7307096229821948
fold_municipality_grouped,fold_municipality_grouped_fold5,MoE_Support,0.5464981103919744,0.4580639813563625,0.5232476510909427
