protocol,outer_fold,meta_model,meta_kind,n_train,n_validation,n_base_candidates,n_meta_features,inner_best_rmse,best_params_json,elapsed_seconds,rmse,mae,r2
fold_state_stratified,1,EqualTop3,equal_top3,110,28,10,15,,{},0.001101000001654029,0.545510718255665,0.3713626390829439,0.6026008747974669
fold_state_stratified,1,MeanAll,mean_all,110,28,10,15,,{},0.0009699000511318445,0.5474810383038763,0.3796110079699798,0.5997249733893992
fold_state_stratified,1,ConvexAll,convex_simplex,110,28,10,15,,{},0.007774899946525693,0.5458239541200949,0.3680245742587697,0.6021443653546225
fold_state_stratified,1,RidgeStack,ridge,110,28,10,15,0.5079048953291444,"{""model__alpha"": 100.0}",0.06914840009994805,0.5563229034108864,0.38368293356750743,0.5866916204444719
fold_state_stratified,1,ElasticNetStack,elastic_net,110,28,10,15,0.5076901346895287,"{""model__alpha"": 0.1, ""model__l1_ratio"": 0.1}",0.09820300014689565,0.5529618519815515,0.36823566526687224,0.5916705792509924
fold_state_stratified,1,HuberStack,huber,110,28,10,15,0.5809418169929996,"{""model__alpha"": 0.1, ""model__epsilon"": 1.5}",0.35168699990026653,0.5886282156254612,0.4001244660478681,0.5372968218278276
fold_state_stratified,1,ExtraTreesStack,extra_trees,110,28,10,15,0.47581766283118493,"{""max_features"": 0.5, ""min_samples_leaf"": 8}",4.82979439990595,0.5234734126959736,0.3532449095363285,0.6340602492124774
fold_state_stratified,1,HistGBStack,hist_gradient_boosting,110,28,10,15,0.5366598883273196,"{""l2_regularization"": 1.0, ""learning_rate"": 0.03, ""max_leaf_nodes"": 3}",1.2648747998755425,0.5863503280529667,0.38735393409956825,0.5408710522897693
fold_state_stratified,2,EqualTop3,equal_top3,110,28,10,15,,{},0.0013580000959336758,0.507137224992774,0.4015383136485112,0.6023372742751956
fold_state_stratified,2,MeanAll,mean_all,110,28,10,15,,{},0.0011531999334692955,0.5008418488514511,0.39091336783913894,0.6121488126104389
fold_state_stratified,2,ConvexAll,convex_simplex,110,28,10,15,,{},0.0064257001504302025,0.4842951877677364,0.37169431952781345,0.6373528969168625
fold_state_stratified,2,RidgeStack,ridge,110,28,10,15,0.5078328220798775,"{""model__alpha"": 0.001}",0.07009669998660684,0.6048923236791443,0.4611607914188225,0.43425587647326536
fold_state_stratified,2,ElasticNetStack,elastic_net,110,28,10,15,0.5124325982317185,"{""model__alpha"": 0.001, ""model__l1_ratio"": 0.9}",0.11031640018336475,0.5696089793107912,0.44092005742009566,0.4983306605872039
fold_state_stratified,2,HuberStack,huber,110,28,10,15,0.5282352323883504,"{""model__alpha"": 0.001, ""model__epsilon"": 1.5}",0.5183413999620825,0.60058876834359,0.4621997456120014,0.44227730465733905
fold_state_stratified,2,ExtraTreesStack,extra_trees,110,28,10,15,0.5268896680764968,"{""max_features"": 0.5, ""min_samples_leaf"": 8}",4.889113900018856,0.5100602054764962,0.3645833412395834,0.597740056520463
fold_state_stratified,2,HistGBStack,hist_gradient_boosting,110,28,10,15,0.595306312381382,"{""l2_regularization"": 10.0, ""learning_rate"": 0.03, ""max_leaf_nodes"": 5}",1.3705176999792457,0.6608674899442575,0.47527941891944686,0.32470632577841185
fold_state_stratified,3,EqualTop3,equal_top3,110,28,10,15,,{},0.0014037999790161848,0.41077506643128525,0.3223496991813321,0.7623568914915253
fold_state_stratified,3,MeanAll,mean_all,110,28,10,15,,{},0.00101200002245605,0.39530929450700275,0.31738948587250804,0.779914654072067
fold_state_stratified,3,ConvexAll,convex_simplex,110,28,10,15,,{},0.006511699873954058,0.42370770868536295,0.3232589721635398,0.7471576569644218
fold_state_stratified,3,RidgeStack,ridge,110,28,10,15,0.5763626352764663,"{""model__alpha"": 10.0}",0.07083199988119304,0.4281012372769221,0.3117197225110771,0.7418869031795291
fold_state_stratified,3,ElasticNetStack,elastic_net,110,28,10,15,0.5692937244068293,"{""model__alpha"": 0.1, ""model__l1_ratio"": 0.5}",0.10147870006039739,0.41984904385852256,0.31668248194746823,0.7517419084880943
fold_state_stratified,3,HuberStack,huber,110,28,10,15,0.6612925463923406,"{""model__alpha"": 0.1, ""model__epsilon"": 1.5}",0.400162500096485,0.4805653563118664,0.34442447146128485,0.6747464880764931
fold_state_stratified,3,ExtraTreesStack,extra_trees,110,28,10,15,0.5605117655452211,"{""max_features"": 1.0, ""min_samples_leaf"": 8}",4.8552685000468045,0.34623055217447096,0.26735653244529206,0.8311706874106424
fold_state_stratified,3,HistGBStack,hist_gradient_boosting,110,28,10,15,0.5986048893017927,"{""l2_regularization"": 1.0, ""learning_rate"": 0.03, ""max_leaf_nodes"": 3}",1.2466839000117034,0.4433038995290683,0.34697624734753685,0.7232292576272725
fold_state_stratified,4,EqualTop3,equal_top3,111,27,10,15,,{},0.0011547000613063574,0.5894746753096126,0.3939518672758799,0.5327731458459906
fold_state_stratified,4,MeanAll,mean_all,111,27,10,15,,{},0.0010373999830335379,0.5956276779677601,0.40300060651073316,0.5229683070983742
fold_state_stratified,4,ConvexAll,convex_simplex,111,27,10,15,,{},0.008486300008371472,0.5831888276607845,0.3806559804869288,0.5426845401008504
fold_state_stratified,4,RidgeStack,ridge,111,27,10,15,0.48281055651733285,"{""model__alpha"": 10.0}",0.07526910002343357,0.5693850460235608,0.375539748976606,0.5640771781760565
fold_state_stratified,4,ElasticNetStack,elastic_net,111,27,10,15,0.48262633257999443,"{""model__alpha"": 0.1, ""model__l1_ratio"": 0.1}",0.10478860000148416,0.5742340447072476,0.3767928298100098,0.5566207480044456
fold_state_stratified,4,HuberStack,huber,111,27,10,15,0.5074874910855586,"{""model__alpha"": 0.1, ""model__epsilon"": 1.5}",0.3716170000843704,0.5580217380874878,0.36024891624587135,0.5813031174563419
fold_state_stratified,4,ExtraTreesStack,extra_trees,111,27,10,15,0.46986377234360616,"{""max_features"": 0.5, ""min_samples_leaf"": 8}",4.827105199918151,0.590718753346621,0.38501155934270204,0.5307989132979212
fold_state_stratified,4,HistGBStack,hist_gradient_boosting,111,27,10,15,0.5403958006791211,"{""l2_regularization"": 10.0, ""learning_rate"": 0.03, ""max_leaf_nodes"": 5}",1.2752441000193357,0.625518654534203,0.43366322031376126,0.4738882221310229
fold_state_stratified,5,EqualTop3,equal_top3,111,27,10,15,,{},0.0012309998273849487,0.4861291852977618,0.37217731891743816,0.6659057582756647
fold_state_stratified,5,MeanAll,mean_all,111,27,10,15,,{},0.001424199901521206,0.5057078949374034,0.3828022698959282,0.6384527458761006
fold_state_stratified,5,ConvexAll,convex_simplex,111,27,10,15,,{},0.011887199943885207,0.5058606620847118,0.3820619989601561,0.6382342763379951
fold_state_stratified,5,RidgeStack,ridge,111,27,10,15,0.5565824790886938,"{""model__alpha"": 100.0}",0.06960810022428632,0.49436979301187756,0.3663435659549549,0.654482973712315
fold_state_stratified,5,ElasticNetStack,elastic_net,111,27,10,15,0.557700000316827,"{""model__alpha"": 0.1, ""model__l1_ratio"": 0.1}",0.1095941998064518,0.4899735471274852,0.36812099898742645,0.6606007583144435
fold_state_stratified,5,HuberStack,huber,111,27,10,15,0.5415949637573588,"{""model__alpha"": 0.001, ""model__epsilon"": 1.5}",0.4899756000377238,0.5477047578730548,0.4379626379293515,0.5759094186617145
fold_state_stratified,5,ExtraTreesStack,extra_trees,111,27,10,15,0.5380940421180824,"{""max_features"": 0.5, ""min_samples_leaf"": 8}",4.818043900188059,0.4580544627609111,0.33223863287974037,0.703380405017449
fold_state_stratified,5,HistGBStack,hist_gradient_boosting,111,27,10,15,0.6179517984539337,"{""l2_regularization"": 10.0, ""learning_rate"": 0.03, ""max_leaf_nodes"": 5}",1.2866944000124931,0.5122968495946341,0.4118117595407225,0.6289700478451732
fold_municipality_grouped,1,EqualTop3,equal_top3,105,33,10,15,,{},0.001297699986025691,0.451469564244117,0.3676354748324278,-0.4366677782577584
fold_municipality_grouped,1,MeanAll,mean_all,105,33,10,15,,{},0.0010452000424265862,0.4878447810732627,0.38482187453059674,-0.6775007484002387
fold_municipality_grouped,1,ConvexAll,convex_simplex,105,33,10,15,,{},0.006504799937829375,0.5011747693735256,0.3789507900151551,-0.7704260631601585
fold_municipality_grouped,1,RidgeStack,ridge,105,33,10,15,0.9530304594098734,"{""model__alpha"": 10.0}",0.0709969000890851,1.5379660513041127,1.449426166579333,-15.67219933421202
fold_municipality_grouped,1,ElasticNetStack,elastic_net,105,33,10,15,0.9366979238678373,"{""model__alpha"": 0.1, ""model__l1_ratio"": 0.5}",0.09390649991109967,1.6726712772537224,1.5970133236844497,-18.720621363788432
fold_municipality_grouped,1,HuberStack,huber,105,33,10,15,1.3744683925240972,"{""model__alpha"": 0.1, ""model__epsilon"": 1.2}",0.3486556001007557,1.2832866159280496,1.1938329402188916,-10.607714709108423
fold_municipality_grouped,1,ExtraTreesStack,extra_trees,105,33,10,15,1.0073299199151784,"{""max_features"": 1.0, ""min_samples_leaf"": 8}",4.81838189996779,1.3475112862277119,1.2944826984325437,-11.798651649388653
fold_municipality_grouped,1,HistGBStack,hist_gradient_boosting,105,33,10,15,1.03422112243688,"{""l2_regularization"": 1.0, ""learning_rate"": 0.05, ""max_leaf_nodes"": 5}",1.2047629000153393,1.2817886932417517,1.2242907256121816,-10.580632198959808
fold_municipality_grouped,2,EqualTop3,equal_top3,122,16,10,15,,{},0.0013191001489758492,1.0575434003765507,0.9524183422077573,-5.335691506574007
fold_municipality_grouped,2,MeanAll,mean_all,122,16,10,15,,{},0.0011106000747531652,1.0688320251429853,0.9580081540609038,-5.471672624046057
fold_municipality_grouped,2,ConvexAll,convex_simplex,122,16,10,15,,{},0.007648800034075975,1.1904672484996752,1.1003636190437414,-7.028465170526648
fold_municipality_grouped,2,RidgeStack,ridge,122,16,10,15,0.7708454661438662,"{""model__alpha"": 10.0}",0.06848960020579398,1.396853785228444,1.3076661571776993,-10.053492527342337
fold_municipality_grouped,2,ElasticNetStack,elastic_net,122,16,10,15,0.7984856305844588,"{""model__alpha"": 0.1, ""model__l1_ratio"": 0.1}",0.0987798001151532,1.3223504159529276,1.2308887200182363,-8.905826939104788
fold_municipality_grouped,2,HuberStack,huber,122,16,10,15,0.9746153920276691,"{""model__alpha"": 0.001, ""model__epsilon"": 1.5}",0.4149518997874111,2.308105042888955,2.163510330701661,-29.179272307732077
fold_municipality_grouped,2,ExtraTreesStack,extra_trees,122,16,10,15,0.7534822823104359,"{""max_features"": 1.0, ""min_samples_leaf"": 8}",4.873295400058851,1.256738557539497,1.168133209507718,-7.947207375827675
fold_municipality_grouped,2,HistGBStack,hist_gradient_boosting,122,16,10,15,0.6979857271538922,"{""l2_regularization"": 1.0, ""learning_rate"": 0.05, ""max_leaf_nodes"": 5}",1.3821794998366386,1.2008115006711797,0.9844116685293111,-7.168593817147768
fold_municipality_grouped,3,EqualTop3,equal_top3,128,10,10,15,,{},0.0014339000917971134,0.5776307097341558,0.5511532896055948,-9.436899397165508
fold_municipality_grouped,3,MeanAll,mean_all,128,10,10,15,,{},0.001104000024497509,0.49683275875191196,0.46659849632707295,-6.7213172188381
fold_municipality_grouped,3,ConvexAll,convex_simplex,128,10,10,15,,{},0.0034058999735862017,0.9604833768245276,0.9282533333333317,-27.85696509606951
fold_municipality_grouped,3,RidgeStack,ridge,128,10,10,15,0.9386557085377136,"{""model__alpha"": 10.0}",0.07056310004554689,1.054982183103784,1.0202707385329706,-33.81458308569002
fold_municipality_grouped,3,ElasticNetStack,elastic_net,128,10,10,15,0.9735613859452054,"{""model__alpha"": 0.1, ""model__l1_ratio"": 0.1}",0.10507220006547868,1.005663396560677,0.9715719067930066,-30.635611598171863
fold_municipality_grouped,3,HuberStack,huber,128,10,10,15,1.3672592320899153,"{""model__alpha"": 0.1, ""model__epsilon"": 1.2}",0.32557319989427924,1.2141379383813973,1.1801684513056983,-45.11126195430034
fold_municipality_grouped,3,ExtraTreesStack,extra_trees,128,10,10,15,1.0833280952881361,"{""max_features"": 0.5, ""min_samples_leaf"": 3}",4.879247199976817,0.7669044086225038,0.659070878623692,-17.3972714806416
fold_municipality_grouped,3,HistGBStack,hist_gradient_boosting,128,10,10,15,1.104532442727839,"{""l2_regularization"": 10.0, ""learning_rate"": 0.05, ""max_leaf_nodes"": 3}",1.2598320001270622,1.0032993556227956,0.7237104713770146,-30.48705298861758
fold_municipality_grouped,4,EqualTop3,equal_top3,65,73,10,15,,{},0.0013762000016868114,0.806806328505149,0.7019705494095123,-0.8235325649827479
fold_municipality_grouped,4,MeanAll,mean_all,65,73,10,15,,{},0.0018390999175608158,0.8225118347065403,0.7153752462340012,-0.8952183043258075
fold_municipality_grouped,4,ConvexAll,convex_simplex,65,73,10,15,,{},0.007261599879711866,0.8387574252295176,0.7338715846396728,-0.9708232947343243
fold_municipality_grouped,4,RidgeStack,ridge,65,73,10,15,0.9130253657932311,"{""model__alpha"": 1000.0}",0.07202639989554882,1.366651024697817,1.2783959644878018,-4.232270567705724
fold_municipality_grouped,4,ElasticNetStack,elastic_net,65,73,10,15,0.9653116919076296,"{""model__alpha"": 0.1, ""model__l1_ratio"": 0.9}",0.10114549985155463,1.7151437838607433,1.5803520927467842,-7.240925699143627
fold_municipality_grouped,4,HuberStack,huber,65,73,10,15,1.5451204582998475,"{""model__alpha"": 0.1, ""model__epsilon"": 1.5}",0.5035439000930637,1.379432624085779,1.2557955368872034,-4.3305978180977585
fold_municipality_grouped,4,ExtraTreesStack,extra_trees,65,73,10,15,0.851123734764948,"{""max_features"": 1.0, ""min_samples_leaf"": 8}",4.7770688000600785,1.5072576218102975,1.4230289209771307,-5.364289233615519
fold_municipality_grouped,4,HistGBStack,hist_gradient_boosting,65,73,10,15,0.8742672344906932,"{""l2_regularization"": 10.0, ""learning_rate"": 0.05, ""max_leaf_nodes"": 3}",1.078005500137806,1.4745222511142018,1.3754293484021352,-5.090845627139885
fold_municipality_grouped,5,EqualTop3,equal_top3,132,6,10,15,,{},0.0013111999724060297,0.5406357720504369,0.4426739337642638,0.5334211284651722
fold_municipality_grouped,5,MeanAll,mean_all,132,6,10,15,,{},0.0009308001026511192,0.5646921436243353,0.4672912708063763,0.4909751280564697
fold_municipality_grouped,5,ConvexAll,convex_simplex,132,6,10,15,,{},0.0044126000721007586,0.6183815903315324,0.5085336789860374,0.3895801949532688
fold_municipality_grouped,5,RidgeStack,ridge,132,6,10,15,1.1637624406080367,"{""model__alpha"": 1000.0}",0.06997759989462793,1.0247723913387448,0.9818816733719947,-0.6763717944583727
fold_municipality_grouped,5,ElasticNetStack,elastic_net,132,6,10,15,1.246757828764763,"{""model__alpha"": 0.1, ""model__l1_ratio"": 0.9}",0.09814659995026886,1.2362132863124662,1.199978374718451,-1.4395084454750031
fold_municipality_grouped,5,HuberStack,huber,132,6,10,15,1.1471683470972673,"{""model__alpha"": 0.1, ""model__epsilon"": 1.2}",0.2870159999001771,1.3719114369865317,1.1561942963451028,-2.0044685716026542
fold_municipality_grouped,5,ExtraTreesStack,extra_trees,132,6,10,15,1.1300612823409002,"{""max_features"": 1.0, ""min_samples_leaf"": 3}",4.838110400130972,1.1986916013018516,1.0625040641534371,-1.2936673738205093
fold_municipality_grouped,5,HistGBStack,hist_gradient_boosting,132,6,10,15,1.0958799859018442,"{""l2_regularization"": 10.0, ""learning_rate"": 0.03, ""max_leaf_nodes"": 5}",1.3102388998959213,1.1901693082753713,1.0681559092039288,-1.2611689095465315
