protocol,outer_fold,meta_model,feature,value_kind,value
fold_state_stratified,1,ConvexAll,B01_C0_PLS,convex_weight,1.6614961532554896e-17
fold_state_stratified,1,ConvexAll,B02_C3_Ridge,convex_weight,0.103181167722806
fold_state_stratified,1,ConvexAll,B03_C1_CatBoost,convex_weight,0.043165158371966675
fold_state_stratified,1,ConvexAll,B04_C0_Ridge,convex_weight,0.0
fold_state_stratified,1,ConvexAll,B05_C3_PLS,convex_weight,0.349354397927753
fold_state_stratified,1,ConvexAll,B06_C2_PLS,convex_weight,0.0
fold_state_stratified,1,ConvexAll,B07_C1_ExtraTrees,convex_weight,0.5042992759774743
fold_state_stratified,1,ConvexAll,B08_C1_PLS,convex_weight,2.6514865254887458e-17
fold_state_stratified,1,ConvexAll,B09_C0_PCA_Ridge,convex_weight,0.0
fold_state_stratified,1,ConvexAll,B10_C1_PCA_Ridge,convex_weight,0.0
fold_state_stratified,1,RidgeStack,pred__B01_C0_PLS,coefficient,0.040339544212452706
fold_state_stratified,1,RidgeStack,pred__B02_C3_Ridge,coefficient,0.055701587150037674
fold_state_stratified,1,RidgeStack,pred__B03_C1_CatBoost,coefficient,0.06705141896606275
fold_state_stratified,1,RidgeStack,pred__B04_C0_Ridge,coefficient,0.05463907193389184
fold_state_stratified,1,RidgeStack,pred__B05_C3_PLS,coefficient,0.05437865837757728
fold_state_stratified,1,RidgeStack,pred__B06_C2_PLS,coefficient,0.049267030348375734
fold_state_stratified,1,RidgeStack,pred__B07_C1_ExtraTrees,coefficient,0.07129821228583795
fold_state_stratified,1,RidgeStack,pred__B08_C1_PLS,coefficient,0.04229933232132281
fold_state_stratified,1,RidgeStack,pred__B09_C0_PCA_Ridge,coefficient,0.047510792343458466
fold_state_stratified,1,RidgeStack,pred__B10_C1_PCA_Ridge,coefficient,0.040717650608900056
fold_state_stratified,1,RidgeStack,pred_mean_all,coefficient,0.05328717900399182
fold_state_stratified,1,RidgeStack,pred_std_all,coefficient,-0.008424482752040293
fold_state_stratified,1,RidgeStack,pred_range_all,coefficient,-0.033372146388168676
fold_state_stratified,1,RidgeStack,pred_mean_top3,coefficient,0.055081031066616215
fold_state_stratified,1,RidgeStack,pred_std_top3,coefficient,-0.010840051013002328
fold_state_stratified,1,ElasticNetStack,pred__B01_C0_PLS,coefficient,0.0
fold_state_stratified,1,ElasticNetStack,pred__B02_C3_Ridge,coefficient,0.08173823704207848
fold_state_stratified,1,ElasticNetStack,pred__B03_C1_CatBoost,coefficient,0.10918160835857153
fold_state_stratified,1,ElasticNetStack,pred__B04_C0_Ridge,coefficient,0.0781251064124207
fold_state_stratified,1,ElasticNetStack,pred__B05_C3_PLS,coefficient,0.09149383514213633
fold_state_stratified,1,ElasticNetStack,pred__B06_C2_PLS,coefficient,0.043878602509481966
fold_state_stratified,1,ElasticNetStack,pred__B07_C1_ExtraTrees,coefficient,0.1414606845808477
fold_state_stratified,1,ElasticNetStack,pred__B08_C1_PLS,coefficient,0.0
fold_state_stratified,1,ElasticNetStack,pred__B09_C0_PCA_Ridge,coefficient,0.025227474360596632
fold_state_stratified,1,ElasticNetStack,pred__B10_C1_PCA_Ridge,coefficient,0.0
fold_state_stratified,1,ElasticNetStack,pred_mean_all,coefficient,0.047144418261213517
fold_state_stratified,1,ElasticNetStack,pred_std_all,coefficient,0.0
fold_state_stratified,1,ElasticNetStack,pred_range_all,coefficient,-0.058145262133560034
fold_state_stratified,1,ElasticNetStack,pred_mean_top3,coefficient,0.04930140689207093
fold_state_stratified,1,ElasticNetStack,pred_std_top3,coefficient,-0.0
fold_state_stratified,1,HuberStack,pred__B01_C0_PLS,coefficient,-0.21731592491490012
fold_state_stratified,1,HuberStack,pred__B02_C3_Ridge,coefficient,0.43318740164531455
fold_state_stratified,1,HuberStack,pred__B03_C1_CatBoost,coefficient,0.037000394952834366
fold_state_stratified,1,HuberStack,pred__B04_C0_Ridge,coefficient,0.07016837766652068
fold_state_stratified,1,HuberStack,pred__B05_C3_PLS,coefficient,1.1955081877393652
fold_state_stratified,1,HuberStack,pred__B06_C2_PLS,coefficient,-0.7479009915793422
fold_state_stratified,1,HuberStack,pred__B07_C1_ExtraTrees,coefficient,0.25900693688834936
fold_state_stratified,1,HuberStack,pred__B08_C1_PLS,coefficient,-0.18383837567817188
fold_state_stratified,1,HuberStack,pred__B09_C0_PCA_Ridge,coefficient,-0.12082453719316413
fold_state_stratified,1,HuberStack,pred__B10_C1_PCA_Ridge,coefficient,-0.17772418743894491
fold_state_stratified,1,HuberStack,pred_mean_all,coefficient,0.05464959664611979
fold_state_stratified,1,HuberStack,pred_std_all,coefficient,0.34924768506119575
fold_state_stratified,1,HuberStack,pred_range_all,coefficient,-0.4743593496342881
fold_state_stratified,1,HuberStack,pred_mean_top3,coefficient,0.08102146882593483
fold_state_stratified,1,HuberStack,pred_std_top3,coefficient,0.039892887887682735
fold_state_stratified,1,ExtraTreesStack,pred__B01_C0_PLS,importance,0.05500499439453117
fold_state_stratified,1,ExtraTreesStack,pred__B02_C3_Ridge,importance,0.09095681455771698
fold_state_stratified,1,ExtraTreesStack,pred__B03_C1_CatBoost,importance,0.08689484451495999
fold_state_stratified,1,ExtraTreesStack,pred__B04_C0_Ridge,importance,0.0977007936548731
fold_state_stratified,1,ExtraTreesStack,pred__B05_C3_PLS,importance,0.058043174035186045
fold_state_stratified,1,ExtraTreesStack,pred__B06_C2_PLS,importance,0.05686637187173033
fold_state_stratified,1,ExtraTreesStack,pred__B07_C1_ExtraTrees,importance,0.10316416327909293
fold_state_stratified,1,ExtraTreesStack,pred__B08_C1_PLS,importance,0.06589345911369837
fold_state_stratified,1,ExtraTreesStack,pred__B09_C0_PCA_Ridge,importance,0.07598051616895755
fold_state_stratified,1,ExtraTreesStack,pred__B10_C1_PCA_Ridge,importance,0.07756454554102661
fold_state_stratified,1,ExtraTreesStack,pred_mean_all,importance,0.12642271548858197
fold_state_stratified,1,ExtraTreesStack,pred_std_all,importance,0.001527777761117464
fold_state_stratified,1,ExtraTreesStack,pred_range_all,importance,0.0017904925842851973
fold_state_stratified,1,ExtraTreesStack,pred_mean_top3,importance,0.0984807947795335
fold_state_stratified,1,ExtraTreesStack,pred_std_top3,importance,0.0037085422547087545
fold_state_stratified,2,ConvexAll,B01_C0_PLS,convex_weight,0.364091852505035
fold_state_stratified,2,ConvexAll,B02_C3_Ridge,convex_weight,0.0
fold_state_stratified,2,ConvexAll,B03_C1_CatBoost,convex_weight,0.0
fold_state_stratified,2,ConvexAll,B04_C0_Ridge,convex_weight,4.6183593860051944e-17
fold_state_stratified,2,ConvexAll,B05_C3_PLS,convex_weight,0.0
fold_state_stratified,2,ConvexAll,B06_C2_PLS,convex_weight,0.0
fold_state_stratified,2,ConvexAll,B07_C1_ExtraTrees,convex_weight,0.5406207357643009
fold_state_stratified,2,ConvexAll,B08_C1_PLS,convex_weight,0.0
fold_state_stratified,2,ConvexAll,B09_C0_PCA_Ridge,convex_weight,0.09528741173066403
fold_state_stratified,2,ConvexAll,B10_C1_PCA_Ridge,convex_weight,0.0
fold_state_stratified,2,RidgeStack,pred__B01_C0_PLS,coefficient,-0.6535452318074858
fold_state_stratified,2,RidgeStack,pred__B02_C3_Ridge,coefficient,-1.4794684545637091
fold_state_stratified,2,RidgeStack,pred__B03_C1_CatBoost,coefficient,0.26123231244944595
fold_state_stratified,2,RidgeStack,pred__B04_C0_Ridge,coefficient,1.3762838927413084
fold_state_stratified,2,RidgeStack,pred__B05_C3_PLS,coefficient,5.0198866049070245
fold_state_stratified,2,RidgeStack,pred__B06_C2_PLS,coefficient,-3.8050519488671104
fold_state_stratified,2,RidgeStack,pred__B07_C1_ExtraTrees,coefficient,0.40702370396740895
fold_state_stratified,2,RidgeStack,pred__B08_C1_PLS,coefficient,0.3658741504165467
fold_state_stratified,2,RidgeStack,pred__B09_C0_PCA_Ridge,coefficient,0.22355550504595906
fold_state_stratified,2,RidgeStack,pred__B10_C1_PCA_Ridge,coefficient,-0.4939485605554656
fold_state_stratified,2,RidgeStack,pred_mean_all,coefficient,0.12223343896124479
fold_state_stratified,2,RidgeStack,pred_std_all,coefficient,0.3095084962820359
fold_state_stratified,2,RidgeStack,pred_range_all,coefficient,-0.2309807671445644
fold_state_stratified,2,RidgeStack,pred_mean_top3,coefficient,-0.6438805007035897
fold_state_stratified,2,RidgeStack,pred_std_top3,coefficient,-0.03250288857054136
fold_state_stratified,2,ElasticNetStack,pred__B01_C0_PLS,coefficient,0.0
fold_state_stratified,2,ElasticNetStack,pred__B02_C3_Ridge,coefficient,-0.7518398194196327
fold_state_stratified,2,ElasticNetStack,pred__B03_C1_CatBoost,coefficient,0.020758937890880746
fold_state_stratified,2,ElasticNetStack,pred__B04_C0_Ridge,coefficient,0.5533566061777481
fold_state_stratified,2,ElasticNetStack,pred__B05_C3_PLS,coefficient,2.3679955715769356
fold_state_stratified,2,ElasticNetStack,pred__B06_C2_PLS,coefficient,-2.160146732850069
fold_state_stratified,2,ElasticNetStack,pred__B07_C1_ExtraTrees,coefficient,0.45269498501836086
fold_state_stratified,2,ElasticNetStack,pred__B08_C1_PLS,coefficient,0.43329964318666864
fold_state_stratified,2,ElasticNetStack,pred__B09_C0_PCA_Ridge,coefficient,0.211845252816743
fold_state_stratified,2,ElasticNetStack,pred__B10_C1_PCA_Ridge,coefficient,-0.42318864805455136
fold_state_stratified,2,ElasticNetStack,pred_mean_all,coefficient,0.0
fold_state_stratified,2,ElasticNetStack,pred_std_all,coefficient,0.29696749193034977
fold_state_stratified,2,ElasticNetStack,pred_range_all,coefficient,-0.19940777015569502
fold_state_stratified,2,ElasticNetStack,pred_mean_top3,coefficient,0.0
fold_state_stratified,2,ElasticNetStack,pred_std_top3,coefficient,-0.03918896607413766
fold_state_stratified,2,HuberStack,pred__B01_C0_PLS,coefficient,-0.5346575797910709
fold_state_stratified,2,HuberStack,pred__B02_C3_Ridge,coefficient,-1.399112858323753
fold_state_stratified,2,HuberStack,pred__B03_C1_CatBoost,coefficient,0.25565407131874013
fold_state_stratified,2,HuberStack,pred__B04_C0_Ridge,coefficient,1.2567226399466924
fold_state_stratified,2,HuberStack,pred__B05_C3_PLS,coefficient,4.059789011647711
fold_state_stratified,2,HuberStack,pred__B06_C2_PLS,coefficient,-2.940798305140953
fold_state_stratified,2,HuberStack,pred__B07_C1_ExtraTrees,coefficient,0.4807611007383382
fold_state_stratified,2,HuberStack,pred__B08_C1_PLS,coefficient,0.23568856692862994
fold_state_stratified,2,HuberStack,pred__B09_C0_PCA_Ridge,coefficient,0.17312393142520827
fold_state_stratified,2,HuberStack,pred__B10_C1_PCA_Ridge,coefficient,-0.41177552299290465
fold_state_stratified,2,HuberStack,pred_mean_all,coefficient,0.11713063718254393
fold_state_stratified,2,HuberStack,pred_std_all,coefficient,0.3868950335713117
fold_state_stratified,2,HuberStack,pred_range_all,coefficient,-0.28988046305076787
fold_state_stratified,2,HuberStack,pred_mean_top3,coefficient,-0.5759181307218989
fold_state_stratified,2,HuberStack,pred_std_top3,coefficient,-0.04961543551707687
fold_state_stratified,2,ExtraTreesStack,pred__B01_C0_PLS,importance,0.06348231416660112
fold_state_stratified,2,ExtraTreesStack,pred__B02_C3_Ridge,importance,0.07745970046221756
fold_state_stratified,2,ExtraTreesStack,pred__B03_C1_CatBoost,importance,0.07745291735947307
fold_state_stratified,2,ExtraTreesStack,pred__B04_C0_Ridge,importance,0.1011518249949519
fold_state_stratified,2,ExtraTreesStack,pred__B05_C3_PLS,importance,0.07657339846067537
fold_state_stratified,2,ExtraTreesStack,pred__B06_C2_PLS,importance,0.07489991966845397
fold_state_stratified,2,ExtraTreesStack,pred__B07_C1_ExtraTrees,importance,0.11358460541285631
fold_state_stratified,2,ExtraTreesStack,pred__B08_C1_PLS,importance,0.05180149954910504
fold_state_stratified,2,ExtraTreesStack,pred__B09_C0_PCA_Ridge,importance,0.08895937152017419
fold_state_stratified,2,ExtraTreesStack,pred__B10_C1_PCA_Ridge,importance,0.040004985282233514
fold_state_stratified,2,ExtraTreesStack,pred_mean_all,importance,0.11212205826123998
fold_state_stratified,2,ExtraTreesStack,pred_std_all,importance,0.007975204002775332
fold_state_stratified,2,ExtraTreesStack,pred_range_all,importance,0.006620543432546011
fold_state_stratified,2,ExtraTreesStack,pred_mean_top3,importance,0.10477565634989926
fold_state_stratified,2,ExtraTreesStack,pred_std_top3,importance,0.0031360010767974393
fold_state_stratified,3,ConvexAll,B01_C0_PLS,convex_weight,2.7751292820666623e-17
fold_state_stratified,3,ConvexAll,B02_C3_Ridge,convex_weight,0.0
fold_state_stratified,3,ConvexAll,B03_C1_CatBoost,convex_weight,0.5830514794176522
fold_state_stratified,3,ConvexAll,B04_C0_Ridge,convex_weight,0.39523721816334784
fold_state_stratified,3,ConvexAll,B05_C3_PLS,convex_weight,5.787933339534568e-18
fold_state_stratified,3,ConvexAll,B06_C2_PLS,convex_weight,0.0
fold_state_stratified,3,ConvexAll,B07_C1_ExtraTrees,convex_weight,0.021711302418999906
fold_state_stratified,3,ConvexAll,B08_C1_PLS,convex_weight,0.0
fold_state_stratified,3,ConvexAll,B09_C0_PCA_Ridge,convex_weight,0.0
fold_state_stratified,3,ConvexAll,B10_C1_PCA_Ridge,convex_weight,9.942298993490602e-17
fold_state_stratified,3,RidgeStack,pred__B01_C0_PLS,coefficient,-0.006359624701501743
fold_state_stratified,3,RidgeStack,pred__B02_C3_Ridge,coefficient,0.05478421923197844
fold_state_stratified,3,RidgeStack,pred__B03_C1_CatBoost,coefficient,0.22325638833453362
fold_state_stratified,3,RidgeStack,pred__B04_C0_Ridge,coefficient,0.15918126487458098
fold_state_stratified,3,RidgeStack,pred__B05_C3_PLS,coefficient,-0.0028504205271204317
fold_state_stratified,3,RidgeStack,pred__B06_C2_PLS,coefficient,-0.04884959089235783
fold_state_stratified,3,RidgeStack,pred__B07_C1_ExtraTrees,coefficient,0.17690494593665487
fold_state_stratified,3,RidgeStack,pred__B08_C1_PLS,coefficient,-0.0807686352040141
fold_state_stratified,3,RidgeStack,pred__B09_C0_PCA_Ridge,coefficient,-0.013231085929618311
fold_state_stratified,3,RidgeStack,pred__B10_C1_PCA_Ridge,coefficient,0.055522139697204966
fold_state_stratified,3,RidgeStack,pred_mean_all,coefficient,0.04927833911549342
fold_state_stratified,3,RidgeStack,pred_std_all,coefficient,0.12287026993995323
fold_state_stratified,3,RidgeStack,pred_range_all,coefficient,-0.00970175655398667
fold_state_stratified,3,RidgeStack,pred_mean_top3,coefficient,0.08729161494491329
fold_state_stratified,3,RidgeStack,pred_std_top3,coefficient,-0.021283645957562557
fold_state_stratified,3,ElasticNetStack,pred__B01_C0_PLS,coefficient,0.0
fold_state_stratified,3,ElasticNetStack,pred__B02_C3_Ridge,coefficient,0.0
fold_state_stratified,3,ElasticNetStack,pred__B03_C1_CatBoost,coefficient,0.2549054632929246
fold_state_stratified,3,ElasticNetStack,pred__B04_C0_Ridge,coefficient,0.1913976094812647
fold_state_stratified,3,ElasticNetStack,pred__B05_C3_PLS,coefficient,0.0
fold_state_stratified,3,ElasticNetStack,pred__B06_C2_PLS,coefficient,0.0
fold_state_stratified,3,ElasticNetStack,pred__B07_C1_ExtraTrees,coefficient,0.1456479324163305
fold_state_stratified,3,ElasticNetStack,pred__B08_C1_PLS,coefficient,0.0
fold_state_stratified,3,ElasticNetStack,pred__B09_C0_PCA_Ridge,coefficient,0.0
fold_state_stratified,3,ElasticNetStack,pred__B10_C1_PCA_Ridge,coefficient,0.0
fold_state_stratified,3,ElasticNetStack,pred_mean_all,coefficient,0.0
fold_state_stratified,3,ElasticNetStack,pred_std_all,coefficient,0.04533834142398301
fold_state_stratified,3,ElasticNetStack,pred_range_all,coefficient,0.0
fold_state_stratified,3,ElasticNetStack,pred_mean_top3,coefficient,0.010560883954762922
fold_state_stratified,3,ElasticNetStack,pred_std_top3,coefficient,0.0
fold_state_stratified,3,HuberStack,pred__B01_C0_PLS,coefficient,-0.1397012165357069
fold_state_stratified,3,HuberStack,pred__B02_C3_Ridge,coefficient,-0.2051809467908513
fold_state_stratified,3,HuberStack,pred__B03_C1_CatBoost,coefficient,0.4199186421351169
fold_state_stratified,3,HuberStack,pred__B04_C0_Ridge,coefficient,0.5001425560710652
fold_state_stratified,3,HuberStack,pred__B05_C3_PLS,coefficient,1.2722752424192258
fold_state_stratified,3,HuberStack,pred__B06_C2_PLS,coefficient,-0.4663217700263478
fold_state_stratified,3,HuberStack,pred__B07_C1_ExtraTrees,coefficient,0.17310335568845894
fold_state_stratified,3,HuberStack,pred__B08_C1_PLS,coefficient,-0.7272085111964832
fold_state_stratified,3,HuberStack,pred__B09_C0_PCA_Ridge,coefficient,-0.5149906743952339
fold_state_stratified,3,HuberStack,pred__B10_C1_PCA_Ridge,coefficient,0.29224004970047834
fold_state_stratified,3,HuberStack,pred_mean_all,coefficient,0.05864026490990518
fold_state_stratified,3,HuberStack,pred_std_all,coefficient,0.3845100599529849
fold_state_stratified,3,HuberStack,pred_range_all,coefficient,-0.25533750110326586
fold_state_stratified,3,HuberStack,pred_mean_top3,coefficient,0.01250477822638109
fold_state_stratified,3,HuberStack,pred_std_top3,coefficient,-0.06673631883229024
fold_state_stratified,3,ExtraTreesStack,pred__B01_C0_PLS,importance,0.04475112794533144
fold_state_stratified,3,ExtraTreesStack,pred__B02_C3_Ridge,importance,0.056934966060364585
fold_state_stratified,3,ExtraTreesStack,pred__B03_C1_CatBoost,importance,0.19267237689998168
fold_state_stratified,3,ExtraTreesStack,pred__B04_C0_Ridge,importance,0.10686258110273676
fold_state_stratified,3,ExtraTreesStack,pred__B05_C3_PLS,importance,0.04981811395781646
fold_state_stratified,3,ExtraTreesStack,pred__B06_C2_PLS,importance,0.049004655846646844
fold_state_stratified,3,ExtraTreesStack,pred__B07_C1_ExtraTrees,importance,0.1417302041752411
fold_state_stratified,3,ExtraTreesStack,pred__B08_C1_PLS,importance,0.015519133977452637
fold_state_stratified,3,ExtraTreesStack,pred__B09_C0_PCA_Ridge,importance,0.07296754876163619
fold_state_stratified,3,ExtraTreesStack,pred__B10_C1_PCA_Ridge,importance,0.03487000003957216
fold_state_stratified,3,ExtraTreesStack,pred_mean_all,importance,0.09575045953467098
fold_state_stratified,3,ExtraTreesStack,pred_std_all,importance,0.008493706014063242
fold_state_stratified,3,ExtraTreesStack,pred_range_all,importance,0.011726550594928975
fold_state_stratified,3,ExtraTreesStack,pred_mean_top3,importance,0.11673386160423047
fold_state_stratified,3,ExtraTreesStack,pred_std_top3,importance,0.002164713485326503
fold_state_stratified,4,ConvexAll,B01_C0_PLS,convex_weight,0.0
fold_state_stratified,4,ConvexAll,B02_C3_Ridge,convex_weight,8.621633842876741e-18
fold_state_stratified,4,ConvexAll,B03_C1_CatBoost,convex_weight,0.5927110447265941
fold_state_stratified,4,ConvexAll,B04_C0_Ridge,convex_weight,0.0
fold_state_stratified,4,ConvexAll,B05_C3_PLS,convex_weight,0.07586150981175788
fold_state_stratified,4,ConvexAll,B06_C2_PLS,convex_weight,0.13295516405418079
fold_state_stratified,4,ConvexAll,B07_C1_ExtraTrees,convex_weight,0.1984722814074672
fold_state_stratified,4,ConvexAll,B08_C1_PLS,convex_weight,0.0
fold_state_stratified,4,ConvexAll,B09_C0_PCA_Ridge,convex_weight,0.0
fold_state_stratified,4,ConvexAll,B10_C1_PCA_Ridge,convex_weight,1.593148848539081e-18
fold_state_stratified,4,RidgeStack,pred__B01_C0_PLS,coefficient,0.02966312991496933
fold_state_stratified,4,RidgeStack,pred__B02_C3_Ridge,coefficient,0.03261157131697943
fold_state_stratified,4,RidgeStack,pred__B03_C1_CatBoost,coefficient,0.21248731850157943
fold_state_stratified,4,RidgeStack,pred__B04_C0_Ridge,coefficient,0.03640509024502901
fold_state_stratified,4,RidgeStack,pred__B05_C3_PLS,coefficient,0.04513614036106324
fold_state_stratified,4,RidgeStack,pred__B06_C2_PLS,coefficient,0.06265927312166678
fold_state_stratified,4,RidgeStack,pred__B07_C1_ExtraTrees,coefficient,0.17619464709611665
fold_state_stratified,4,RidgeStack,pred__B08_C1_PLS,coefficient,-0.03740076808325346
fold_state_stratified,4,RidgeStack,pred__B09_C0_PCA_Ridge,coefficient,0.014205205992604782
fold_state_stratified,4,RidgeStack,pred__B10_C1_PCA_Ridge,coefficient,-0.0018474654675470598
fold_state_stratified,4,RidgeStack,pred_mean_all,coefficient,0.05699250394461227
fold_state_stratified,4,RidgeStack,pred_std_all,coefficient,0.1269428942578701
fold_state_stratified,4,RidgeStack,pred_range_all,coefficient,-0.1245966542651426
fold_state_stratified,4,RidgeStack,pred_mean_top3,coefficient,0.09190398084663029
fold_state_stratified,4,RidgeStack,pred_std_top3,coefficient,0.037965909557550026
fold_state_stratified,4,ElasticNetStack,pred__B01_C0_PLS,coefficient,0.02312375674254054
fold_state_stratified,4,ElasticNetStack,pred__B02_C3_Ridge,coefficient,0.021192648857884504
fold_state_stratified,4,ElasticNetStack,pred__B03_C1_CatBoost,coefficient,0.2113265825405638
fold_state_stratified,4,ElasticNetStack,pred__B04_C0_Ridge,coefficient,0.027328748893018482
fold_state_stratified,4,ElasticNetStack,pred__B05_C3_PLS,coefficient,0.038430680876515536
fold_state_stratified,4,ElasticNetStack,pred__B06_C2_PLS,coefficient,0.057762312971793864
fold_state_stratified,4,ElasticNetStack,pred__B07_C1_ExtraTrees,coefficient,0.17145609511886642
fold_state_stratified,4,ElasticNetStack,pred__B08_C1_PLS,coefficient,0.0
fold_state_stratified,4,ElasticNetStack,pred__B09_C0_PCA_Ridge,coefficient,0.012526152494618073
fold_state_stratified,4,ElasticNetStack,pred__B10_C1_PCA_Ridge,coefficient,0.0
fold_state_stratified,4,ElasticNetStack,pred_mean_all,coefficient,0.049570504776548965
fold_state_stratified,4,ElasticNetStack,pred_std_all,coefficient,0.04696653066767665
fold_state_stratified,4,ElasticNetStack,pred_range_all,coefficient,-0.039850221864810166
fold_state_stratified,4,ElasticNetStack,pred_mean_top3,coefficient,0.08753347558092783
fold_state_stratified,4,ElasticNetStack,pred_std_top3,coefficient,0.02586005378045064
fold_state_stratified,4,HuberStack,pred__B01_C0_PLS,coefficient,-0.21946454512167188
fold_state_stratified,4,HuberStack,pred__B02_C3_Ridge,coefficient,0.06325594095879832
fold_state_stratified,4,HuberStack,pred__B03_C1_CatBoost,coefficient,0.19410542795470692
fold_state_stratified,4,HuberStack,pred__B04_C0_Ridge,coefficient,0.21844167196229233
fold_state_stratified,4,HuberStack,pred__B05_C3_PLS,coefficient,0.4427502044194032
fold_state_stratified,4,HuberStack,pred__B06_C2_PLS,coefficient,0.15899558287447138
fold_state_stratified,4,HuberStack,pred__B07_C1_ExtraTrees,coefficient,0.3022957041425295
fold_state_stratified,4,HuberStack,pred__B08_C1_PLS,coefficient,-0.17687493040625532
fold_state_stratified,4,HuberStack,pred__B09_C0_PCA_Ridge,coefficient,-0.18427729762636452
fold_state_stratified,4,HuberStack,pred__B10_C1_PCA_Ridge,coefficient,-0.11550901401147316
fold_state_stratified,4,HuberStack,pred_mean_all,coefficient,0.06734763437289437
fold_state_stratified,4,HuberStack,pred_std_all,coefficient,0.44550718546418305
fold_state_stratified,4,HuberStack,pred_range_all,coefficient,-0.3752688627111503
fold_state_stratified,4,HuberStack,pred_mean_top3,coefficient,0.00818419339765247
fold_state_stratified,4,HuberStack,pred_std_top3,coefficient,-0.0023455345036883526
fold_state_stratified,4,ExtraTreesStack,pred__B01_C0_PLS,importance,0.053029171826979735
fold_state_stratified,4,ExtraTreesStack,pred__B02_C3_Ridge,importance,0.06016848001152075
fold_state_stratified,4,ExtraTreesStack,pred__B03_C1_CatBoost,importance,0.13942862361071298
fold_state_stratified,4,ExtraTreesStack,pred__B04_C0_Ridge,importance,0.08347553142827155
fold_state_stratified,4,ExtraTreesStack,pred__B05_C3_PLS,importance,0.06152400580209036
fold_state_stratified,4,ExtraTreesStack,pred__B06_C2_PLS,importance,0.09277066210244364
fold_state_stratified,4,ExtraTreesStack,pred__B07_C1_ExtraTrees,importance,0.13388170373767977
fold_state_stratified,4,ExtraTreesStack,pred__B08_C1_PLS,importance,0.05112487834473951
fold_state_stratified,4,ExtraTreesStack,pred__B09_C0_PCA_Ridge,importance,0.07330102290404095
fold_state_stratified,4,ExtraTreesStack,pred__B10_C1_PCA_Ridge,importance,0.028418619555069507
fold_state_stratified,4,ExtraTreesStack,pred_mean_all,importance,0.10644957226465228
fold_state_stratified,4,ExtraTreesStack,pred_std_all,importance,0.0033037818716795593
fold_state_stratified,4,ExtraTreesStack,pred_range_all,importance,0.002989684774492132
fold_state_stratified,4,ExtraTreesStack,pred_mean_top3,importance,0.10834833555271446
fold_state_stratified,4,ExtraTreesStack,pred_std_top3,importance,0.0017859262129128132
fold_state_stratified,5,ConvexAll,B01_C0_PLS,convex_weight,4.3416575779194455e-17
fold_state_stratified,5,ConvexAll,B02_C3_Ridge,convex_weight,9.43141737871426e-18
fold_state_stratified,5,ConvexAll,B03_C1_CatBoost,convex_weight,0.19185158925865814
fold_state_stratified,5,ConvexAll,B04_C0_Ridge,convex_weight,0.1799656836755495
fold_state_stratified,5,ConvexAll,B05_C3_PLS,convex_weight,0.19792882213376445
fold_state_stratified,5,ConvexAll,B06_C2_PLS,convex_weight,2.4079308994390427e-17
fold_state_stratified,5,ConvexAll,B07_C1_ExtraTrees,convex_weight,0.11628257609273124
fold_state_stratified,5,ConvexAll,B08_C1_PLS,convex_weight,0.3139713288392967
fold_state_stratified,5,ConvexAll,B09_C0_PCA_Ridge,convex_weight,1.5602982824296487e-17
fold_state_stratified,5,ConvexAll,B10_C1_PCA_Ridge,convex_weight,1.0543472937997807e-17
fold_state_stratified,5,RidgeStack,pred__B01_C0_PLS,coefficient,0.04917070944619321
fold_state_stratified,5,RidgeStack,pred__B02_C3_Ridge,coefficient,0.05159343346561924
fold_state_stratified,5,RidgeStack,pred__B03_C1_CatBoost,coefficient,0.06036365351734426
fold_state_stratified,5,RidgeStack,pred__B04_C0_Ridge,coefficient,0.05434153135705383
fold_state_stratified,5,RidgeStack,pred__B05_C3_PLS,coefficient,0.052886325127532524
fold_state_stratified,5,RidgeStack,pred__B06_C2_PLS,coefficient,0.04575898433266195
fold_state_stratified,5,RidgeStack,pred__B07_C1_ExtraTrees,coefficient,0.058662133825550584
fold_state_stratified,5,RidgeStack,pred__B08_C1_PLS,coefficient,0.061756353804994266
fold_state_stratified,5,RidgeStack,pred__B09_C0_PCA_Ridge,coefficient,0.04089163565078408
fold_state_stratified,5,RidgeStack,pred__B10_C1_PCA_Ridge,coefficient,0.04734052160725759
fold_state_stratified,5,RidgeStack,pred_mean_all,coefficient,0.05326146747357101
fold_state_stratified,5,RidgeStack,pred_std_all,coefficient,0.020592750084585793
fold_state_stratified,5,RidgeStack,pred_range_all,coefficient,0.02655986735826627
fold_state_stratified,5,RidgeStack,pred_mean_top3,coefficient,0.05458607478659337
fold_state_stratified,5,RidgeStack,pred_std_top3,coefficient,-0.00756797310202658
fold_state_stratified,5,ElasticNetStack,pred__B01_C0_PLS,coefficient,0.04189185979936526
fold_state_stratified,5,ElasticNetStack,pred__B02_C3_Ridge,coefficient,0.04453567838630782
fold_state_stratified,5,ElasticNetStack,pred__B03_C1_CatBoost,coefficient,0.09821385599492391
fold_state_stratified,5,ElasticNetStack,pred__B04_C0_Ridge,coefficient,0.07806307387866769
fold_state_stratified,5,ElasticNetStack,pred__B05_C3_PLS,coefficient,0.06477318857790039
fold_state_stratified,5,ElasticNetStack,pred__B06_C2_PLS,coefficient,0.0
fold_state_stratified,5,ElasticNetStack,pred__B07_C1_ExtraTrees,coefficient,0.08368808162899817
fold_state_stratified,5,ElasticNetStack,pred__B08_C1_PLS,coefficient,0.13564862732719823
fold_state_stratified,5,ElasticNetStack,pred__B09_C0_PCA_Ridge,coefficient,0.0
fold_state_stratified,5,ElasticNetStack,pred__B10_C1_PCA_Ridge,coefficient,0.003862414162471992
fold_state_stratified,5,ElasticNetStack,pred_mean_all,coefficient,0.05306953934968178
fold_state_stratified,5,ElasticNetStack,pred_std_all,coefficient,0.015410665140999329
fold_state_stratified,5,ElasticNetStack,pred_range_all,coefficient,0.05347740487068406
fold_state_stratified,5,ElasticNetStack,pred_mean_top3,coefficient,0.06434515449627085
fold_state_stratified,5,ElasticNetStack,pred_std_top3,coefficient,-0.01364173218731797
fold_state_stratified,5,HuberStack,pred__B01_C0_PLS,coefficient,-0.6673813317603345
fold_state_stratified,5,HuberStack,pred__B02_C3_Ridge,coefficient,-1.7056544979018777
fold_state_stratified,5,HuberStack,pred__B03_C1_CatBoost,coefficient,0.503654529042579
fold_state_stratified,5,HuberStack,pred__B04_C0_Ridge,coefficient,2.8076898674496977
fold_state_stratified,5,HuberStack,pred__B05_C3_PLS,coefficient,1.5814158947128523
fold_state_stratified,5,HuberStack,pred__B06_C2_PLS,coefficient,-0.7003783838739491
fold_state_stratified,5,HuberStack,pred__B07_C1_ExtraTrees,coefficient,0.088751912183695
fold_state_stratified,5,HuberStack,pred__B08_C1_PLS,coefficient,0.47124904341905216
fold_state_stratified,5,HuberStack,pred__B09_C0_PCA_Ridge,coefficient,-0.9513302112411219
fold_state_stratified,5,HuberStack,pred__B10_C1_PCA_Ridge,coefficient,-0.2022547136996498
fold_state_stratified,5,HuberStack,pred_mean_all,coefficient,0.11615131634155981
fold_state_stratified,5,HuberStack,pred_std_all,coefficient,0.03245918869239594
fold_state_stratified,5,HuberStack,pred_range_all,coefficient,0.12211497881004717
fold_state_stratified,5,HuberStack,pred_mean_top3,coefficient,-0.6277245942264406
fold_state_stratified,5,HuberStack,pred_std_top3,coefficient,-0.12129527956015407
fold_state_stratified,5,ExtraTreesStack,pred__B01_C0_PLS,importance,0.05191580091919571
fold_state_stratified,5,ExtraTreesStack,pred__B02_C3_Ridge,importance,0.0649690685865597
fold_state_stratified,5,ExtraTreesStack,pred__B03_C1_CatBoost,importance,0.11885400425684628
fold_state_stratified,5,ExtraTreesStack,pred__B04_C0_Ridge,importance,0.10121668613867496
fold_state_stratified,5,ExtraTreesStack,pred__B05_C3_PLS,importance,0.055867290848795194
fold_state_stratified,5,ExtraTreesStack,pred__B06_C2_PLS,importance,0.052593717534815156
fold_state_stratified,5,ExtraTreesStack,pred__B07_C1_ExtraTrees,importance,0.10203528705486813
fold_state_stratified,5,ExtraTreesStack,pred__B08_C1_PLS,importance,0.05975173569510613
fold_state_stratified,5,ExtraTreesStack,pred__B09_C0_PCA_Ridge,importance,0.08158865168833022
fold_state_stratified,5,ExtraTreesStack,pred__B10_C1_PCA_Ridge,importance,0.055105598079634145
fold_state_stratified,5,ExtraTreesStack,pred_mean_all,importance,0.12614727916790552
fold_state_stratified,5,ExtraTreesStack,pred_std_all,importance,0.0031224339885075657
fold_state_stratified,5,ExtraTreesStack,pred_range_all,importance,0.00307186589277669
fold_state_stratified,5,ExtraTreesStack,pred_mean_top3,importance,0.12032411492073795
fold_state_stratified,5,ExtraTreesStack,pred_std_top3,importance,0.003436465227246783
fold_municipality_grouped,1,ConvexAll,B01_C0_PLS,convex_weight,0.5736775639773022
fold_municipality_grouped,1,ConvexAll,B02_C3_Ridge,convex_weight,1.5588794361268137e-17
fold_municipality_grouped,1,ConvexAll,B03_C1_CatBoost,convex_weight,1.814683386197612e-17
fold_municipality_grouped,1,ConvexAll,B04_C0_Ridge,convex_weight,7.335982949580041e-17
fold_municipality_grouped,1,ConvexAll,B05_C3_PLS,convex_weight,8.524912275664067e-16
fold_municipality_grouped,1,ConvexAll,B06_C2_PLS,convex_weight,0.0
fold_municipality_grouped,1,ConvexAll,B07_C1_ExtraTrees,convex_weight,1.6462932362834575e-17
fold_municipality_grouped,1,ConvexAll,B08_C1_PLS,convex_weight,0.1550441341933964
fold_municipality_grouped,1,ConvexAll,B09_C0_PCA_Ridge,convex_weight,0.0
fold_municipality_grouped,1,ConvexAll,B10_C1_PCA_Ridge,convex_weight,0.27127830182930035
fold_municipality_grouped,1,RidgeStack,pred__B01_C0_PLS,coefficient,0.14919726068396783
fold_municipality_grouped,1,RidgeStack,pred__B02_C3_Ridge,coefficient,-0.16634846981912552
fold_municipality_grouped,1,RidgeStack,pred__B03_C1_CatBoost,coefficient,-0.12342326098402517
fold_municipality_grouped,1,RidgeStack,pred__B04_C0_Ridge,coefficient,-0.0573233313652896
fold_municipality_grouped,1,RidgeStack,pred__B05_C3_PLS,coefficient,0.21532414237938663
fold_municipality_grouped,1,RidgeStack,pred__B06_C2_PLS,coefficient,0.015514783791447844
fold_municipality_grouped,1,RidgeStack,pred__B07_C1_ExtraTrees,coefficient,-0.16132088104990808
fold_municipality_grouped,1,RidgeStack,pred__B08_C1_PLS,coefficient,0.12183465222423256
fold_municipality_grouped,1,RidgeStack,pred__B09_C0_PCA_Ridge,coefficient,-0.030136884122556773
fold_municipality_grouped,1,RidgeStack,pred__B10_C1_PCA_Ridge,coefficient,0.0379389710412617
fold_municipality_grouped,1,RidgeStack,pred_mean_all,coefficient,0.03322296761689955
fold_municipality_grouped,1,RidgeStack,pred_std_all,coefficient,0.07563308986365211
fold_municipality_grouped,1,RidgeStack,pred_range_all,coefficient,-0.19070970645850102
fold_municipality_grouped,1,RidgeStack,pred_mean_top3,coefficient,-0.028474289041995865
fold_municipality_grouped,1,RidgeStack,pred_std_top3,coefficient,0.001588946061820409
fold_municipality_grouped,1,ElasticNetStack,pred__B01_C0_PLS,coefficient,0.09568797998575271
fold_municipality_grouped,1,ElasticNetStack,pred__B02_C3_Ridge,coefficient,-0.15702840290780823
fold_municipality_grouped,1,ElasticNetStack,pred__B03_C1_CatBoost,coefficient,-0.051983779418192474
fold_municipality_grouped,1,ElasticNetStack,pred__B04_C0_Ridge,coefficient,-0.0
fold_municipality_grouped,1,ElasticNetStack,pred__B05_C3_PLS,coefficient,0.2060172926547746
fold_municipality_grouped,1,ElasticNetStack,pred__B06_C2_PLS,coefficient,0.0
fold_municipality_grouped,1,ElasticNetStack,pred__B07_C1_ExtraTrees,coefficient,-0.16272089367287337
fold_municipality_grouped,1,ElasticNetStack,pred__B08_C1_PLS,coefficient,0.07093588467613367
fold_municipality_grouped,1,ElasticNetStack,pred__B09_C0_PCA_Ridge,coefficient,-0.0
fold_municipality_grouped,1,ElasticNetStack,pred__B10_C1_PCA_Ridge,coefficient,0.0
fold_municipality_grouped,1,ElasticNetStack,pred_mean_all,coefficient,0.0
fold_municipality_grouped,1,ElasticNetStack,pred_std_all,coefficient,-0.0
fold_municipality_grouped,1,ElasticNetStack,pred_range_all,coefficient,-0.0
fold_municipality_grouped,1,ElasticNetStack,pred_mean_top3,coefficient,-0.0
fold_municipality_grouped,1,ElasticNetStack,pred_std_top3,coefficient,-0.0
fold_municipality_grouped,1,HuberStack,pred__B01_C0_PLS,coefficient,0.02090095152986315
fold_municipality_grouped,1,HuberStack,pred__B02_C3_Ridge,coefficient,-0.32277133761647836
fold_municipality_grouped,1,HuberStack,pred__B03_C1_CatBoost,coefficient,-0.03190817363094439
fold_municipality_grouped,1,HuberStack,pred__B04_C0_Ridge,coefficient,0.19406291801746955
fold_municipality_grouped,1,HuberStack,pred__B05_C3_PLS,coefficient,1.1951107526521838
fold_municipality_grouped,1,HuberStack,pred__B06_C2_PLS,coefficient,-0.9025945388420368
fold_municipality_grouped,1,HuberStack,pred__B07_C1_ExtraTrees,coefficient,-0.1737427370117474
fold_municipality_grouped,1,HuberStack,pred__B08_C1_PLS,coefficient,0.1422718547916394
fold_municipality_grouped,1,HuberStack,pred__B09_C0_PCA_Ridge,coefficient,-0.06315225820453937
fold_municipality_grouped,1,HuberStack,pred__B10_C1_PCA_Ridge,coefficient,0.051273131915311465
fold_municipality_grouped,1,HuberStack,pred_mean_all,coefficient,0.04100724440451007
fold_municipality_grouped,1,HuberStack,pred_std_all,coefficient,0.33762364798911926
fold_municipality_grouped,1,HuberStack,pred_range_all,coefficient,-0.4287560357212186
fold_municipality_grouped,1,HuberStack,pred_mean_top3,coefficient,-0.10432407161243888
fold_municipality_grouped,1,HuberStack,pred_std_top3,coefficient,0.0636984190489777
fold_municipality_grouped,1,ExtraTreesStack,pred__B01_C0_PLS,importance,0.07473095048516776
fold_municipality_grouped,1,ExtraTreesStack,pred__B02_C3_Ridge,importance,0.19539291536092826
fold_municipality_grouped,1,ExtraTreesStack,pred__B03_C1_CatBoost,importance,0.054308560526698836
fold_municipality_grouped,1,ExtraTreesStack,pred__B04_C0_Ridge,importance,0.0445329074236946
fold_municipality_grouped,1,ExtraTreesStack,pred__B05_C3_PLS,importance,0.10112943734837161
fold_municipality_grouped,1,ExtraTreesStack,pred__B06_C2_PLS,importance,0.056711351105547064
fold_municipality_grouped,1,ExtraTreesStack,pred__B07_C1_ExtraTrees,importance,0.2471346146261617
fold_municipality_grouped,1,ExtraTreesStack,pred__B08_C1_PLS,importance,0.02925635273702399
fold_municipality_grouped,1,ExtraTreesStack,pred__B09_C0_PCA_Ridge,importance,0.04279717317329904
fold_municipality_grouped,1,ExtraTreesStack,pred__B10_C1_PCA_Ridge,importance,0.04764597545705173
fold_municipality_grouped,1,ExtraTreesStack,pred_mean_all,importance,0.0363909173423575
fold_municipality_grouped,1,ExtraTreesStack,pred_std_all,importance,0.011810227224886265
fold_municipality_grouped,1,ExtraTreesStack,pred_range_all,importance,0.011441624848335448
fold_municipality_grouped,1,ExtraTreesStack,pred_mean_top3,importance,0.029176968759199052
fold_municipality_grouped,1,ExtraTreesStack,pred_std_top3,importance,0.017540023581277122
fold_municipality_grouped,2,ConvexAll,B01_C0_PLS,convex_weight,0.0
fold_municipality_grouped,2,ConvexAll,B02_C3_Ridge,convex_weight,0.040192910903419754
fold_municipality_grouped,2,ConvexAll,B03_C1_CatBoost,convex_weight,1.5960904985790265e-16
fold_municipality_grouped,2,ConvexAll,B04_C0_Ridge,convex_weight,0.0
fold_municipality_grouped,2,ConvexAll,B05_C3_PLS,convex_weight,0.4638847673390209
fold_municipality_grouped,2,ConvexAll,B06_C2_PLS,convex_weight,4.5887748276887344e-17
fold_municipality_grouped,2,ConvexAll,B07_C1_ExtraTrees,convex_weight,0.4959223217575591
fold_municipality_grouped,2,ConvexAll,B08_C1_PLS,convex_weight,0.0
fold_municipality_grouped,2,ConvexAll,B09_C0_PCA_Ridge,convex_weight,6.420834746845797e-17
fold_municipality_grouped,2,ConvexAll,B10_C1_PCA_Ridge,convex_weight,4.890358706752985e-17
fold_municipality_grouped,2,RidgeStack,pred__B01_C0_PLS,coefficient,0.12013687108041743
fold_municipality_grouped,2,RidgeStack,pred__B02_C3_Ridge,coefficient,0.13693417013321543
fold_municipality_grouped,2,RidgeStack,pred__B03_C1_CatBoost,coefficient,0.000842347046697178
fold_municipality_grouped,2,RidgeStack,pred__B04_C0_Ridge,coefficient,0.15398260819555884
fold_municipality_grouped,2,RidgeStack,pred__B05_C3_PLS,coefficient,0.15818754015456765
fold_municipality_grouped,2,RidgeStack,pred__B06_C2_PLS,coefficient,-0.16694849565562997
fold_municipality_grouped,2,RidgeStack,pred__B07_C1_ExtraTrees,coefficient,0.18745344844409761
fold_municipality_grouped,2,RidgeStack,pred__B08_C1_PLS,coefficient,0.031158917344095035
fold_municipality_grouped,2,RidgeStack,pred__B09_C0_PCA_Ridge,coefficient,-0.00047517323354244977
fold_municipality_grouped,2,RidgeStack,pred__B10_C1_PCA_Ridge,coefficient,-0.229772158021527
fold_municipality_grouped,2,RidgeStack,pred_mean_all,coefficient,0.03908744467023877
fold_municipality_grouped,2,RidgeStack,pred_std_all,coefficient,0.04345857266765736
fold_municipality_grouped,2,RidgeStack,pred_range_all,coefficient,0.15115018509044673
fold_municipality_grouped,2,RidgeStack,pred_mean_top3,coefficient,0.09778887044375649
fold_municipality_grouped,2,RidgeStack,pred_std_top3,coefficient,-0.08257091507788152
fold_municipality_grouped,2,ElasticNetStack,pred__B01_C0_PLS,coefficient,0.1257308322765669
fold_municipality_grouped,2,ElasticNetStack,pred__B02_C3_Ridge,coefficient,0.1056938424938257
fold_municipality_grouped,2,ElasticNetStack,pred__B03_C1_CatBoost,coefficient,0.0
fold_municipality_grouped,2,ElasticNetStack,pred__B04_C0_Ridge,coefficient,0.1356286388809812
fold_municipality_grouped,2,ElasticNetStack,pred__B05_C3_PLS,coefficient,0.15846651279512272
fold_municipality_grouped,2,ElasticNetStack,pred__B06_C2_PLS,coefficient,-0.0837834941609427
fold_municipality_grouped,2,ElasticNetStack,pred__B07_C1_ExtraTrees,coefficient,0.17574914942919592
fold_municipality_grouped,2,ElasticNetStack,pred__B08_C1_PLS,coefficient,0.0
fold_municipality_grouped,2,ElasticNetStack,pred__B09_C0_PCA_Ridge,coefficient,0.0
fold_municipality_grouped,2,ElasticNetStack,pred__B10_C1_PCA_Ridge,coefficient,-0.14021015091626982
fold_municipality_grouped,2,ElasticNetStack,pred_mean_all,coefficient,0.0
fold_municipality_grouped,2,ElasticNetStack,pred_std_all,coefficient,0.01318740124577616
fold_municipality_grouped,2,ElasticNetStack,pred_range_all,coefficient,0.15445341045224575
fold_municipality_grouped,2,ElasticNetStack,pred_mean_top3,coefficient,0.06766477303834359
fold_municipality_grouped,2,ElasticNetStack,pred_std_top3,coefficient,-0.059969361758699505
fold_municipality_grouped,2,HuberStack,pred__B01_C0_PLS,coefficient,-0.8891209163148355
fold_municipality_grouped,2,HuberStack,pred__B02_C3_Ridge,coefficient,-0.3842174331590849
fold_municipality_grouped,2,HuberStack,pred__B03_C1_CatBoost,coefficient,0.08208202442709105
fold_municipality_grouped,2,HuberStack,pred__B04_C0_Ridge,coefficient,1.2815263209116046
fold_municipality_grouped,2,HuberStack,pred__B05_C3_PLS,coefficient,1.3219646478280176
fold_municipality_grouped,2,HuberStack,pred__B06_C2_PLS,coefficient,-0.3442388978247021
fold_municipality_grouped,2,HuberStack,pred__B07_C1_ExtraTrees,coefficient,0.23483238047868749
fold_municipality_grouped,2,HuberStack,pred__B08_C1_PLS,coefficient,0.7243399283976175
fold_municipality_grouped,2,HuberStack,pred__B09_C0_PCA_Ridge,coefficient,-0.32029062128985036
fold_municipality_grouped,2,HuberStack,pred__B10_C1_PCA_Ridge,coefficient,-0.7697460652121606
fold_municipality_grouped,2,HuberStack,pred_mean_all,coefficient,0.10465504246235706
fold_municipality_grouped,2,HuberStack,pred_std_all,coefficient,-0.022192209904024256
fold_municipality_grouped,2,HuberStack,pred_range_all,coefficient,0.11851569270595728
fold_municipality_grouped,2,HuberStack,pred_mean_top3,coefficient,-0.4502833637048883
fold_municipality_grouped,2,HuberStack,pred_std_top3,coefficient,0.001626996318962753
fold_municipality_grouped,2,ExtraTreesStack,pred__B01_C0_PLS,importance,0.06055060082339086
fold_municipality_grouped,2,ExtraTreesStack,pred__B02_C3_Ridge,importance,0.087997399699942
fold_municipality_grouped,2,ExtraTreesStack,pred__B03_C1_CatBoost,importance,0.015513009806565026
fold_municipality_grouped,2,ExtraTreesStack,pred__B04_C0_Ridge,importance,0.10768947130239859
fold_municipality_grouped,2,ExtraTreesStack,pred__B05_C3_PLS,importance,0.10734644489462132
fold_municipality_grouped,2,ExtraTreesStack,pred__B06_C2_PLS,importance,0.042234972734598066
fold_municipality_grouped,2,ExtraTreesStack,pred__B07_C1_ExtraTrees,importance,0.14432106290802
fold_municipality_grouped,2,ExtraTreesStack,pred__B08_C1_PLS,importance,0.06325289699025377
fold_municipality_grouped,2,ExtraTreesStack,pred__B09_C0_PCA_Ridge,importance,0.030644413879982905
fold_municipality_grouped,2,ExtraTreesStack,pred__B10_C1_PCA_Ridge,importance,0.04398206699421692
fold_municipality_grouped,2,ExtraTreesStack,pred_mean_all,importance,0.13653962052074414
fold_municipality_grouped,2,ExtraTreesStack,pred_std_all,importance,0.00960071419672838
fold_municipality_grouped,2,ExtraTreesStack,pred_range_all,importance,0.01419843888865602
fold_municipality_grouped,2,ExtraTreesStack,pred_mean_top3,importance,0.12327377493418315
fold_municipality_grouped,2,ExtraTreesStack,pred_std_top3,importance,0.01285511142569882
fold_municipality_grouped,3,ConvexAll,B01_C0_PLS,convex_weight,0.0
fold_municipality_grouped,3,ConvexAll,B02_C3_Ridge,convex_weight,0.0
fold_municipality_grouped,3,ConvexAll,B03_C1_CatBoost,convex_weight,0.0
fold_municipality_grouped,3,ConvexAll,B04_C0_Ridge,convex_weight,0.0
fold_municipality_grouped,3,ConvexAll,B05_C3_PLS,convex_weight,6.661338147750935e-16
fold_municipality_grouped,3,ConvexAll,B06_C2_PLS,convex_weight,6.517736552091786e-17
fold_municipality_grouped,3,ConvexAll,B07_C1_ExtraTrees,convex_weight,0.9999999999999992
fold_municipality_grouped,3,ConvexAll,B08_C1_PLS,convex_weight,6.263044750719171e-17
fold_municipality_grouped,3,ConvexAll,B09_C0_PCA_Ridge,convex_weight,0.0
fold_municipality_grouped,3,ConvexAll,B10_C1_PCA_Ridge,convex_weight,0.0
fold_municipality_grouped,3,RidgeStack,pred__B01_C0_PLS,coefficient,0.19715904018942146
fold_municipality_grouped,3,RidgeStack,pred__B02_C3_Ridge,coefficient,-0.016983468949952875
fold_municipality_grouped,3,RidgeStack,pred__B03_C1_CatBoost,coefficient,-0.1475740500430539
fold_municipality_grouped,3,RidgeStack,pred__B04_C0_Ridge,coefficient,-0.24490306195357392
fold_municipality_grouped,3,RidgeStack,pred__B05_C3_PLS,coefficient,0.3151875085351185
fold_municipality_grouped,3,RidgeStack,pred__B06_C2_PLS,coefficient,0.08928912060927355
fold_municipality_grouped,3,RidgeStack,pred__B07_C1_ExtraTrees,coefficient,0.4205740466283812
fold_municipality_grouped,3,RidgeStack,pred__B08_C1_PLS,coefficient,-0.20166154111626985
fold_municipality_grouped,3,RidgeStack,pred__B09_C0_PCA_Ridge,coefficient,0.016948733040823786
fold_municipality_grouped,3,RidgeStack,pred__B10_C1_PCA_Ridge,coefficient,-0.1652780061709883
fold_municipality_grouped,3,RidgeStack,pred_mean_all,coefficient,0.04653408326652276
fold_municipality_grouped,3,RidgeStack,pred_std_all,coefficient,-0.10352943718876416
fold_municipality_grouped,3,RidgeStack,pred_range_all,coefficient,0.18202363745759684
fold_municipality_grouped,3,RidgeStack,pred_mean_top3,coefficient,0.045362833535093613
fold_municipality_grouped,3,RidgeStack,pred_std_top3,coefficient,-0.023088602310711265
fold_municipality_grouped,3,ElasticNetStack,pred__B01_C0_PLS,coefficient,0.19248401551352823
fold_municipality_grouped,3,ElasticNetStack,pred__B02_C3_Ridge,coefficient,-0.0
fold_municipality_grouped,3,ElasticNetStack,pred__B03_C1_CatBoost,coefficient,-0.10086351859034418
fold_municipality_grouped,3,ElasticNetStack,pred__B04_C0_Ridge,coefficient,-0.19188533194673804
fold_municipality_grouped,3,ElasticNetStack,pred__B05_C3_PLS,coefficient,0.3092245230316819
fold_municipality_grouped,3,ElasticNetStack,pred__B06_C2_PLS,coefficient,0.028316470745598194
fold_municipality_grouped,3,ElasticNetStack,pred__B07_C1_ExtraTrees,coefficient,0.38920564556068465
fold_municipality_grouped,3,ElasticNetStack,pred__B08_C1_PLS,coefficient,-0.11647777736936302
fold_municipality_grouped,3,ElasticNetStack,pred__B09_C0_PCA_Ridge,coefficient,0.0
fold_municipality_grouped,3,ElasticNetStack,pred__B10_C1_PCA_Ridge,coefficient,-0.14840027111774345
fold_municipality_grouped,3,ElasticNetStack,pred_mean_all,coefficient,0.0
fold_municipality_grouped,3,ElasticNetStack,pred_std_all,coefficient,-0.027688398273034924
fold_municipality_grouped,3,ElasticNetStack,pred_range_all,coefficient,0.11247411897211494
fold_municipality_grouped,3,ElasticNetStack,pred_mean_top3,coefficient,0.0
fold_municipality_grouped,3,ElasticNetStack,pred_std_top3,coefficient,-0.005499555813492958
fold_municipality_grouped,3,HuberStack,pred__B01_C0_PLS,coefficient,0.12160399292421684
fold_municipality_grouped,3,HuberStack,pred__B02_C3_Ridge,coefficient,0.12492356263869434
fold_municipality_grouped,3,HuberStack,pred__B03_C1_CatBoost,coefficient,-0.11281968591843651
fold_municipality_grouped,3,HuberStack,pred__B04_C0_Ridge,coefficient,-0.45806938217935134
fold_municipality_grouped,3,HuberStack,pred__B05_C3_PLS,coefficient,0.4063084754085083
fold_municipality_grouped,3,HuberStack,pred__B06_C2_PLS,coefficient,0.14551157248128047
fold_municipality_grouped,3,HuberStack,pred__B07_C1_ExtraTrees,coefficient,0.43484072043157856
fold_municipality_grouped,3,HuberStack,pred__B08_C1_PLS,coefficient,-0.2626838146787518
fold_municipality_grouped,3,HuberStack,pred__B09_C0_PCA_Ridge,coefficient,0.02344692666302361
fold_municipality_grouped,3,HuberStack,pred__B10_C1_PCA_Ridge,coefficient,-0.21460206107029506
fold_municipality_grouped,3,HuberStack,pred_mean_all,coefficient,0.0413970453170534
fold_municipality_grouped,3,HuberStack,pred_std_all,coefficient,-0.15438744611590705
fold_municipality_grouped,3,HuberStack,pred_range_all,coefficient,0.2763169939155701
fold_municipality_grouped,3,HuberStack,pred_mean_top3,coefficient,0.06818594075219496
fold_municipality_grouped,3,HuberStack,pred_std_top3,coefficient,-0.07794703758485459
fold_municipality_grouped,3,ExtraTreesStack,pred__B01_C0_PLS,importance,0.07355761478438223
fold_municipality_grouped,3,ExtraTreesStack,pred__B02_C3_Ridge,importance,0.07233266267255906
fold_municipality_grouped,3,ExtraTreesStack,pred__B03_C1_CatBoost,importance,0.043148012401853064
fold_municipality_grouped,3,ExtraTreesStack,pred__B04_C0_Ridge,importance,0.12083130428597298
fold_municipality_grouped,3,ExtraTreesStack,pred__B05_C3_PLS,importance,0.11044970482620214
fold_municipality_grouped,3,ExtraTreesStack,pred__B06_C2_PLS,importance,0.027758311525467226
fold_municipality_grouped,3,ExtraTreesStack,pred__B07_C1_ExtraTrees,importance,0.24462491346036175
fold_municipality_grouped,3,ExtraTreesStack,pred__B08_C1_PLS,importance,0.02203991158092363
fold_municipality_grouped,3,ExtraTreesStack,pred__B09_C0_PCA_Ridge,importance,0.03908590653961228
fold_municipality_grouped,3,ExtraTreesStack,pred__B10_C1_PCA_Ridge,importance,0.06584928079181178
fold_municipality_grouped,3,ExtraTreesStack,pred_mean_all,importance,0.04186400399100784
fold_municipality_grouped,3,ExtraTreesStack,pred_std_all,importance,0.025691773823276164
fold_municipality_grouped,3,ExtraTreesStack,pred_range_all,importance,0.03338373084107928
fold_municipality_grouped,3,ExtraTreesStack,pred_mean_top3,importance,0.04509825875163901
fold_municipality_grouped,3,ExtraTreesStack,pred_std_top3,importance,0.03428460972385157
fold_municipality_grouped,4,ConvexAll,B01_C0_PLS,convex_weight,1.1025729785087529e-15
fold_municipality_grouped,4,ConvexAll,B02_C3_Ridge,convex_weight,5.68973574926161e-16
fold_municipality_grouped,4,ConvexAll,B03_C1_CatBoost,convex_weight,0.0
fold_municipality_grouped,4,ConvexAll,B04_C0_Ridge,convex_weight,0.710089695491351
fold_municipality_grouped,4,ConvexAll,B05_C3_PLS,convex_weight,0.06734940763253694
fold_municipality_grouped,4,ConvexAll,B06_C2_PLS,convex_weight,0.0
fold_municipality_grouped,4,ConvexAll,B07_C1_ExtraTrees,convex_weight,0.0
fold_municipality_grouped,4,ConvexAll,B08_C1_PLS,convex_weight,0.22256089687611041
fold_municipality_grouped,4,ConvexAll,B09_C0_PCA_Ridge,convex_weight,0.0
fold_municipality_grouped,4,ConvexAll,B10_C1_PCA_Ridge,convex_weight,0.0
fold_municipality_grouped,4,RidgeStack,pred__B01_C0_PLS,coefficient,-0.009521647185056058
fold_municipality_grouped,4,RidgeStack,pred__B02_C3_Ridge,coefficient,-0.022957705602417187
fold_municipality_grouped,4,RidgeStack,pred__B03_C1_CatBoost,coefficient,-0.015595497778361946
fold_municipality_grouped,4,RidgeStack,pred__B04_C0_Ridge,coefficient,-0.025454569718307844
fold_municipality_grouped,4,RidgeStack,pred__B05_C3_PLS,coefficient,-0.005470976179791241
fold_municipality_grouped,4,RidgeStack,pred__B06_C2_PLS,coefficient,-0.00978516706651387
fold_municipality_grouped,4,RidgeStack,pred__B07_C1_ExtraTrees,coefficient,-0.01670930305732552
fold_municipality_grouped,4,RidgeStack,pred__B08_C1_PLS,coefficient,0.006537221913984246
fold_municipality_grouped,4,RidgeStack,pred__B09_C0_PCA_Ridge,coefficient,-0.012410825864910387
fold_municipality_grouped,4,RidgeStack,pred__B10_C1_PCA_Ridge,coefficient,-0.014254881710882917
fold_municipality_grouped,4,RidgeStack,pred_mean_all,coefficient,-0.011124828307465728
fold_municipality_grouped,4,RidgeStack,pred_std_all,coefficient,-0.015834141465745483
fold_municipality_grouped,4,RidgeStack,pred_range_all,coefficient,-0.014850942733843554
fold_municipality_grouped,4,RidgeStack,pred_mean_top3,coefficient,-0.01619578752907982
fold_municipality_grouped,4,RidgeStack,pred_std_top3,coefficient,-0.008143343126066196
fold_municipality_grouped,4,ElasticNetStack,pred__B01_C0_PLS,coefficient,0.0
fold_municipality_grouped,4,ElasticNetStack,pred__B02_C3_Ridge,coefficient,-0.0
fold_municipality_grouped,4,ElasticNetStack,pred__B03_C1_CatBoost,coefficient,-0.0
fold_municipality_grouped,4,ElasticNetStack,pred__B04_C0_Ridge,coefficient,-0.42347410204722885
fold_municipality_grouped,4,ElasticNetStack,pred__B05_C3_PLS,coefficient,0.0
fold_municipality_grouped,4,ElasticNetStack,pred__B06_C2_PLS,coefficient,0.0
fold_municipality_grouped,4,ElasticNetStack,pred__B07_C1_ExtraTrees,coefficient,-0.0
fold_municipality_grouped,4,ElasticNetStack,pred__B08_C1_PLS,coefficient,0.0
fold_municipality_grouped,4,ElasticNetStack,pred__B09_C0_PCA_Ridge,coefficient,0.0
fold_municipality_grouped,4,ElasticNetStack,pred__B10_C1_PCA_Ridge,coefficient,-0.0
fold_municipality_grouped,4,ElasticNetStack,pred_mean_all,coefficient,0.0
fold_municipality_grouped,4,ElasticNetStack,pred_std_all,coefficient,-0.07133354255014947
fold_municipality_grouped,4,ElasticNetStack,pred_range_all,coefficient,-0.0
fold_municipality_grouped,4,ElasticNetStack,pred_mean_top3,coefficient,-0.0
fold_municipality_grouped,4,ElasticNetStack,pred_std_top3,coefficient,-0.0
fold_municipality_grouped,4,HuberStack,pred__B01_C0_PLS,coefficient,-0.3288009496814211
fold_municipality_grouped,4,HuberStack,pred__B02_C3_Ridge,coefficient,-0.8093116427831769
fold_municipality_grouped,4,HuberStack,pred__B03_C1_CatBoost,coefficient,0.18804005739426127
fold_municipality_grouped,4,HuberStack,pred__B04_C0_Ridge,coefficient,0.3586832902948025
fold_municipality_grouped,4,HuberStack,pred__B05_C3_PLS,coefficient,2.3476750909991426
fold_municipality_grouped,4,HuberStack,pred__B06_C2_PLS,coefficient,-1.734554223778995
fold_municipality_grouped,4,HuberStack,pred__B07_C1_ExtraTrees,coefficient,-0.41630882043434647
fold_municipality_grouped,4,HuberStack,pred__B08_C1_PLS,coefficient,-0.0792561707088606
fold_municipality_grouped,4,HuberStack,pred__B09_C0_PCA_Ridge,coefficient,0.261564516078212
fold_municipality_grouped,4,HuberStack,pred__B10_C1_PCA_Ridge,coefficient,0.18711521482843627
fold_municipality_grouped,4,HuberStack,pred_mean_all,coefficient,-0.012760836865731285
fold_municipality_grouped,4,HuberStack,pred_std_all,coefficient,-1.5168386399435052
fold_municipality_grouped,4,HuberStack,pred_range_all,coefficient,1.4912542047318142
fold_municipality_grouped,4,HuberStack,pred_mean_top3,coefficient,-0.2670541695879696
fold_municipality_grouped,4,HuberStack,pred_std_top3,coefficient,0.05186221161518738
fold_municipality_grouped,4,ExtraTreesStack,pred__B01_C0_PLS,importance,0.0075252101983933894
fold_municipality_grouped,4,ExtraTreesStack,pred__B02_C3_Ridge,importance,0.2901288948875527
fold_municipality_grouped,4,ExtraTreesStack,pred__B03_C1_CatBoost,importance,0.03945297022595049
fold_municipality_grouped,4,ExtraTreesStack,pred__B04_C0_Ridge,importance,0.4357431060493617
fold_municipality_grouped,4,ExtraTreesStack,pred__B05_C3_PLS,importance,0.00657406998858109
fold_municipality_grouped,4,ExtraTreesStack,pred__B06_C2_PLS,importance,0.009872035894899055
fold_municipality_grouped,4,ExtraTreesStack,pred__B07_C1_ExtraTrees,importance,0.10565220148920576
fold_municipality_grouped,4,ExtraTreesStack,pred__B08_C1_PLS,importance,0.006270940089499836
fold_municipality_grouped,4,ExtraTreesStack,pred__B09_C0_PCA_Ridge,importance,0.01647840695004365
fold_municipality_grouped,4,ExtraTreesStack,pred__B10_C1_PCA_Ridge,importance,0.024094496355837464
fold_municipality_grouped,4,ExtraTreesStack,pred_mean_all,importance,0.00823226470475034
fold_municipality_grouped,4,ExtraTreesStack,pred_std_all,importance,0.006712480020160646
fold_municipality_grouped,4,ExtraTreesStack,pred_range_all,importance,0.004534479099876721
fold_municipality_grouped,4,ExtraTreesStack,pred_mean_top3,importance,0.03620170395057045
fold_municipality_grouped,4,ExtraTreesStack,pred_std_top3,importance,0.002526740095316735
fold_municipality_grouped,5,ConvexAll,B01_C0_PLS,convex_weight,0.0
fold_municipality_grouped,5,ConvexAll,B02_C3_Ridge,convex_weight,0.0
fold_municipality_grouped,5,ConvexAll,B03_C1_CatBoost,convex_weight,0.5073028097411945
fold_municipality_grouped,5,ConvexAll,B04_C0_Ridge,convex_weight,6.727274668155582e-17
fold_municipality_grouped,5,ConvexAll,B05_C3_PLS,convex_weight,0.0
fold_municipality_grouped,5,ConvexAll,B06_C2_PLS,convex_weight,0.0
fold_municipality_grouped,5,ConvexAll,B07_C1_ExtraTrees,convex_weight,2.827662300394007e-17
fold_municipality_grouped,5,ConvexAll,B08_C1_PLS,convex_weight,0.49269719025880543
fold_municipality_grouped,5,ConvexAll,B09_C0_PCA_Ridge,convex_weight,1.5210938068628554e-18
fold_municipality_grouped,5,ConvexAll,B10_C1_PCA_Ridge,convex_weight,7.654788414285975e-17
fold_municipality_grouped,5,RidgeStack,pred__B01_C0_PLS,coefficient,-0.007893007608144282
fold_municipality_grouped,5,RidgeStack,pred__B02_C3_Ridge,coefficient,-0.027549465415177447
fold_municipality_grouped,5,RidgeStack,pred__B03_C1_CatBoost,coefficient,-0.007973379219609186
fold_municipality_grouped,5,RidgeStack,pred__B04_C0_Ridge,coefficient,-0.03353782932984828
fold_municipality_grouped,5,RidgeStack,pred__B05_C3_PLS,coefficient,-0.0022850513576254897
fold_municipality_grouped,5,RidgeStack,pred__B06_C2_PLS,coefficient,-0.014245998708844828
fold_municipality_grouped,5,RidgeStack,pred__B07_C1_ExtraTrees,coefficient,-0.011551456897052077
fold_municipality_grouped,5,RidgeStack,pred__B08_C1_PLS,coefficient,0.007596967558612086
fold_municipality_grouped,5,RidgeStack,pred__B09_C0_PCA_Ridge,coefficient,-0.011137780419688336
fold_municipality_grouped,5,RidgeStack,pred__B10_C1_PCA_Ridge,coefficient,0.012138728346408178
fold_municipality_grouped,5,RidgeStack,pred_mean_all,coefficient,-0.009350442451244787
fold_municipality_grouped,5,RidgeStack,pred_std_all,coefficient,-0.008049090740282722
fold_municipality_grouped,5,RidgeStack,pred_range_all,coefficient,-0.009823774464096194
fold_municipality_grouped,5,RidgeStack,pred_mean_top3,coefficient,-0.015257529111321952
fold_municipality_grouped,5,RidgeStack,pred_std_top3,coefficient,0.014805359356838528
fold_municipality_grouped,5,ElasticNetStack,pred__B01_C0_PLS,coefficient,0.0
fold_municipality_grouped,5,ElasticNetStack,pred__B02_C3_Ridge,coefficient,-0.0
fold_municipality_grouped,5,ElasticNetStack,pred__B03_C1_CatBoost,coefficient,0.0
fold_municipality_grouped,5,ElasticNetStack,pred__B04_C0_Ridge,coefficient,-0.3161877161441062
fold_municipality_grouped,5,ElasticNetStack,pred__B05_C3_PLS,coefficient,0.0
fold_municipality_grouped,5,ElasticNetStack,pred__B06_C2_PLS,coefficient,-0.0
fold_municipality_grouped,5,ElasticNetStack,pred__B07_C1_ExtraTrees,coefficient,-0.0
fold_municipality_grouped,5,ElasticNetStack,pred__B08_C1_PLS,coefficient,0.0
fold_municipality_grouped,5,ElasticNetStack,pred__B09_C0_PCA_Ridge,coefficient,0.0
fold_municipality_grouped,5,ElasticNetStack,pred__B10_C1_PCA_Ridge,coefficient,0.06980372922389932
fold_municipality_grouped,5,ElasticNetStack,pred_mean_all,coefficient,0.0
fold_municipality_grouped,5,ElasticNetStack,pred_std_all,coefficient,-0.0
fold_municipality_grouped,5,ElasticNetStack,pred_range_all,coefficient,-0.0
fold_municipality_grouped,5,ElasticNetStack,pred_mean_top3,coefficient,0.0
fold_municipality_grouped,5,ElasticNetStack,pred_std_top3,coefficient,0.03397467080375221
fold_municipality_grouped,5,HuberStack,pred__B01_C0_PLS,coefficient,-0.06072800924603574
fold_municipality_grouped,5,HuberStack,pred__B02_C3_Ridge,coefficient,0.6955333188028072
fold_municipality_grouped,5,HuberStack,pred__B03_C1_CatBoost,coefficient,0.30407779364214865
fold_municipality_grouped,5,HuberStack,pred__B04_C0_Ridge,coefficient,-1.9482925202860983
fold_municipality_grouped,5,HuberStack,pred__B05_C3_PLS,coefficient,0.9722573624738295
fold_municipality_grouped,5,HuberStack,pred__B06_C2_PLS,coefficient,-0.2990311719162193
fold_municipality_grouped,5,HuberStack,pred__B07_C1_ExtraTrees,coefficient,-0.671568473481078
fold_municipality_grouped,5,HuberStack,pred__B08_C1_PLS,coefficient,-0.21490308066854016
fold_municipality_grouped,5,HuberStack,pred__B09_C0_PCA_Ridge,coefficient,0.31843741325430336
fold_municipality_grouped,5,HuberStack,pred__B10_C1_PCA_Ridge,coefficient,0.19852649162454897
fold_municipality_grouped,5,HuberStack,pred_mean_all,coefficient,-0.08501664188126057
fold_municipality_grouped,5,HuberStack,pred_std_all,coefficient,-0.14150552834812302
fold_municipality_grouped,5,HuberStack,pred_range_all,coefficient,0.08244005358069675
fold_municipality_grouped,5,HuberStack,pred_mean_top3,coefficient,0.3175627439735127
fold_municipality_grouped,5,HuberStack,pred_std_top3,coefficient,0.01726036776113925
fold_municipality_grouped,5,ExtraTreesStack,pred__B01_C0_PLS,importance,0.05451889996397261
fold_municipality_grouped,5,ExtraTreesStack,pred__B02_C3_Ridge,importance,0.13159429446469584
fold_municipality_grouped,5,ExtraTreesStack,pred__B03_C1_CatBoost,importance,0.03539701207914751
fold_municipality_grouped,5,ExtraTreesStack,pred__B04_C0_Ridge,importance,0.2708114518842665
fold_municipality_grouped,5,ExtraTreesStack,pred__B05_C3_PLS,importance,0.07040700440238598
fold_municipality_grouped,5,ExtraTreesStack,pred__B06_C2_PLS,importance,0.031547526116792644
fold_municipality_grouped,5,ExtraTreesStack,pred__B07_C1_ExtraTrees,importance,0.04772928006035309
fold_municipality_grouped,5,ExtraTreesStack,pred__B08_C1_PLS,importance,0.05981164229317186
fold_municipality_grouped,5,ExtraTreesStack,pred__B09_C0_PCA_Ridge,importance,0.04002769421275712
fold_municipality_grouped,5,ExtraTreesStack,pred__B10_C1_PCA_Ridge,importance,0.05246080614499543
fold_municipality_grouped,5,ExtraTreesStack,pred_mean_all,importance,0.04586557351014132
fold_municipality_grouped,5,ExtraTreesStack,pred_std_all,importance,0.042164455874586254
fold_municipality_grouped,5,ExtraTreesStack,pred_range_all,importance,0.035550488918309524
fold_municipality_grouped,5,ExtraTreesStack,pred_mean_top3,importance,0.038281829935690785
fold_municipality_grouped,5,ExtraTreesStack,pred_std_top3,importance,0.04383204013873365
