ID_POLIGONO,fecha_captura,sensor,ndvi_promedio,ndvi_std,ndvi_max,ndvi_min,evi_promedio,evi_std,evi_max,evi_min,crc_promedio,crc_std,crc_max,crc_min,mcrc_promedio,mcrc_std,mcrc_max,mcrc_min,ndsvi_promedio,ndsvi_std,ndsvi_max,ndsvi_min,srndi_promedio,srndi_std,srndi_max,srndi_min,mra_promedio,mra_std,mra_max,mra_min,lai_promedio,lai_std,lai_max,lai_min,fapar_promedio,fapar_std,fapar_max,fapar_min,savi_promedio,savi_std,savi_max,savi_min,vi6t_promedio,vi6t_std,vi6t_max,vi6t_min,ndti_promedio,ndti_std,ndti_max,ndti_min,sti_promedio,sti_std,sti_max,sti_min,ndwi_promedio,ndwi_std,ndwi_max,ndwi_min,endwi_promedio,endwi_std,endwi_max,endwi_min,msi_promedio,msi_std,msi_max,msi_min,emsi_promedio,emsi_std,emsi_max,emsi_min,dswi2_promedio,dswi2_std,dswi2_max,dswi2_min,dswi3_promedio,dswi3_std,dswi3_max,dswi3_min,dswi4_promedio,dswi4_std,dswi4_max,dswi4_min,dswi5_promedio,dswi5_std,dswi5_max,dswi5_min,nddi_promedio,nddi_std,nddi_max,nddi_min,enddi_promedio,enddi_std,enddi_max,enddi_min,porcentaje_nubosidad
AGC_020,05/01/2022,Landsat,,,,,,,,,,,,,,,,,,,,,,,,,,,,,,,,,,,,,,,,,-0.631,0.009,-0.603,-0.656,,,,,,,,,,,,,,,,,,,,,,,,,,,,,,,,,,,,,,,,,,,,,,,,,0.0
AGC_020,11/01/2024,Landsat,,,,,,,,,,,,,,,,,,,,,,,,,,,,,,,,,,,,,,,,,,,,,,,,,,,,,,,,,,,,,,,,,,,,,,,,,,,,,,,,,,,,,,,,,,,,,100.0
AGC_020,19/07/2023,Landsat,,,,,,,,,,,,,,,,,,,,,,,,,,,,,,,,,,,,,,,,,-0.64,0.009,-0.61,-0.659,,,,,,,,,,,,,,,,,,,,,,,,,,,,,,,,,,,,,,,,,,,,,,,,,0.0
AGC_020,21/01/2023,Landsat,,,,,,,,,,,,,,,,,,,,,,,,,,,,,,,,,,,,,,,,,-0.535,0.018,-0.509,-0.584,,,,,,,,,,,,,,,,,,,,,,,,,,,,,,,,,,,,,,,,,,,,,,,,,0.0
AGC_020,27/04/2025,Landsat,,,,,,,,,,,,,,,,,,,,,,,,,,,,,,,,,,,,,,,,,-0.624,0.011,-0.593,-0.66,,,,,,,,,,,,,,,,,,,,,,,,,,,,,,,,,,,,,,,,,,,,,,,,,0.0
AGC_020,30/07/2022,Landsat,,,,,,,,,,,,,,,,,,,,,,,,,,,,,,,,,,,,,,,,,-0.639,0.007,-0.621,-0.655,,,,,,,,,,,,,,,,,,,,,,,,,,,,,,,,,,,,,,,,,,,,,,,,,0.0
AGC_020,30/08/2024,Landsat,,,,,,,,,,,,,,,,,,,,,,,,,,,,,,,,,,,,,,,,,-0.644,0.003,-0.631,-0.649,,,,,,,,,,,,,,,,,,,,,,,,,,,,,,,,,,,,,,,,,,,,,,,,,0.0
AGC_020,31/12/2025,Landsat,,,,,,,,,,,,,,,,,,,,,,,,,,,,,,,,,,,,,,,,,-0.619,0.011,-0.578,-0.651,,,,,,,,,,,,,,,,,,,,,,,,,,,,,,,,,,,,,,,,,,,,,,,,,0.0
AGC_020,01/01/2022,Sentinel-2,0.147,0.038,0.375,0.111,0.096,0.023,0.239,0.072,0.374,0.017,0.47,0.271,0.382,0.022,0.523,0.276,0.297,0.033,0.527,0.187,0.233,0.032,0.411,0.102,0.021,0.0,0.023,0.021,-0.033,0.036,0.195,-0.067,0.084,0.03,0.283,0.042,0.082,0.019,0.196,0.063,,,,,0.069,0.019,0.163,0.043,1.149,0.046,1.389,1.09,-0.158,0.032,0.013,-0.247,-0.09,0.045,0.149,-0.151,1.378,0.086,1.655,0.974,1.202,0.099,1.356,0.741,2.243,0.123,3.19,1.764,1.854,0.161,3.224,1.459,0.826,0.032,1.037,0.771,0.762,0.036,0.995,0.67,0.115,0.017,0.187,0.045,0.153,0.017,0.267,0.091,0.0
AGC_020,04/08/2022,Sentinel-2,0.391,0.069,0.579,0.287,0.335,0.067,0.559,0.238,0.43,0.015,0.468,0.349,0.395,0.019,0.473,0.327,0.388,0.032,0.525,0.326,0.27,0.026,0.37,0.17,0.025,0.001,0.028,0.023,0.362,0.125,0.794,0.191,0.333,0.072,0.503,0.24,0.263,0.046,0.404,0.194,,,,,0.132,0.03,0.218,0.096,1.307,0.083,1.556,1.213,0.006,0.058,0.182,-0.071,0.137,0.083,0.379,0.032,0.995,0.111,1.153,0.692,0.768,0.124,0.938,0.45,2.31,0.102,2.792,1.971,2.278,0.189,3.208,1.966,0.987,0.074,1.226,0.877,1.009,0.106,1.359,0.876,0.101,0.015,0.131,0.052,0.161,0.011,0.214,0.124,0.0
AGC_020,12/03/2023,Sentinel-2,,,,,,,,,,,,,,,,,,,,,,,,,,,,,,,,,,,,,,,,,,,,,,,,,,,,,,,,,,,,,,,,,,,,,,,,,,,,,,,,,,,,,,,,,,,,,100.0
AGC_020,18/10/2023,Sentinel-2,0.277,0.056,0.567,0.21,0.179,0.043,0.451,0.131,0.409,0.021,0.451,0.32,0.399,0.029,0.493,0.24,0.32,0.047,0.524,0.226,0.17,0.069,0.38,-0.022,0.023,0.001,0.027,0.022,0.115,0.073,0.643,0.035,0.213,0.055,0.554,0.144,0.157,0.032,0.361,0.119,,,,,0.158,0.029,0.278,0.107,1.379,0.084,1.769,1.239,-0.047,0.053,0.29,-0.173,0.112,0.075,0.526,-0.023,1.104,0.107,1.418,0.55,0.807,0.115,1.047,0.311,2.334,0.156,2.948,1.632,1.957,0.223,3.2,1.585,0.838,0.068,1.173,0.756,0.888,0.084,1.583,0.782,0.07,0.029,0.162,-0.007,0.145,0.022,0.242,0.088,0.0
AGC_020,20/05/2024,Sentinel-2,0.147,0.045,0.403,0.114,0.119,0.032,0.307,0.091,0.413,0.02,0.491,0.317,0.388,0.024,0.486,0.287,0.291,0.032,0.461,0.187,0.241,0.031,0.388,0.115,0.021,0.0,0.023,0.021,0.002,0.05,0.294,-0.04,0.081,0.04,0.236,0.045,0.1,0.025,0.239,0.078,,,,,0.054,0.013,0.117,0.039,1.114,0.03,1.265,1.081,-0.15,0.035,-0.007,-0.203,-0.098,0.045,0.09,-0.155,1.358,0.092,1.508,1.013,1.222,0.103,1.366,0.834,2.271,0.124,2.89,1.806,1.827,0.144,2.711,1.461,0.804,0.034,1.018,0.773,0.762,0.044,0.97,0.71,0.119,0.015,0.174,0.052,0.149,0.015,0.22,0.089,0.0
AGC_020,26/06/2025,Sentinel-2,,,,,,,,,,,,,,,,,,,,,,,,,,,,,,,,,,,,,,,,,,,,,,,,,,,,,,,,,,,,,,,,,,,,,,,,,,,,,,,,,,,,,,,,,,,,,100.0
AGC_020,26/12/2024,Sentinel-2,0.168,0.024,0.362,0.137,0.13,0.012,0.203,0.073,0.448,0.023,0.529,0.328,0.42,0.026,0.556,0.303,0.294,0.039,0.531,0.182,0.138,0.044,0.391,0.022,0.021,0.0,0.023,0.021,0.032,0.02,0.136,-0.066,0.094,0.024,0.233,0.033,0.117,0.01,0.168,0.064,,,,,0.163,0.014,0.211,0.08,1.389,0.039,1.535,1.174,-0.133,0.032,-0.011,-0.346,0.031,0.035,0.173,-0.208,1.309,0.092,2.058,1.022,0.943,0.071,1.524,0.705,2.454,0.164,3.502,1.871,1.842,0.196,3.263,1.444,0.75,0.038,0.974,0.699,0.76,0.03,0.905,0.595,0.063,0.022,0.204,0.009,0.148,0.023,0.304,0.085,0.0
AGC_020,31/12/2025,Sentinel-2,0.141,0.041,0.429,0.102,0.095,0.025,0.283,0.066,0.366,0.02,0.484,0.278,0.372,0.023,0.483,0.277,0.287,0.036,0.502,0.18,0.183,0.035,0.373,0.035,0.021,0.0,0.024,0.021,-0.036,0.037,0.239,-0.079,0.095,0.03,0.272,0.058,0.08,0.019,0.215,0.056,,,,,0.11,0.019,0.184,0.073,1.248,0.048,1.45,1.158,-0.152,0.03,0.032,-0.283,-0.043,0.041,0.17,-0.139,1.362,0.08,1.789,0.938,1.094,0.084,1.322,0.71,2.191,0.127,2.866,1.765,1.814,0.167,3.015,1.439,0.827,0.037,1.148,0.76,0.769,0.035,1.078,0.655,0.088,0.016,0.162,0.015,0.147,0.018,0.246,0.085,0.0
AGC_048,03/07/2023,Landsat,,,,,,,,,,,,,,,,,,,,,,,,,,,,,,,,,,,,,,,,,,,,,,,,,,,,,,,,,,,,,,,,,,,,,,,,,,,,,,,,,,,,,,,,,,,,,100.0
AGC_048,05/01/2022,Landsat,,,,,,,,,,,,,,,,,,,,,,,,,,,,,,,,,,,,,,,,,-0.596,0.021,-0.562,-0.656,,,,,,,,,,,,,,,,,,,,,,,,,,,,,,,,,,,,,,,,,,,,,,,,,0.0
AGC_048,14/08/2024,Landsat,,,,,,,,,,,,,,,,,,,,,,,,,,,,,,,,,,,,,,,,,-0.639,0.008,-0.619,-0.66,,,,,,,,,,,,,,,,,,,,,,,,,,,,,,,,,,,,,,,,,,,,,,,,,0.0
AGC_048,19/04/2025,Landsat,,,,,,,,,,,,,,,,,,,,,,,,,,,,,,,,,,,,,,,,,-0.625,0.015,-0.598,-0.657,,,,,,,,,,,,,,,,,,,,,,,,,,,,,,,,,,,,,,,,,,,,,,,,,0.0
AGC_048,21/01/2023,Landsat,,,,,,,,,,,,,,,,,,,,,,,,,,,,,,,,,,,,,,,,,,,,,,,,,,,,,,,,,,,,,,,,,,,,,,,,,,,,,,,,,,,,,,,,,,,,,
AGC_048,26/12/2023,Landsat,,,,,,,,,,,,,,,,,,,,,,,,,,,,,,,,,,,,,,,,,,,,,,,,,,,,,,,,,,,,,,,,,,,,,,,,,,,,,,,,,,,,,,,,,,,,,100.0
AGC_048,30/07/2022,Landsat,,,,,,,,,,,,,,,,,,,,,,,,,,,,,,,,,,,,,,,,,-0.658,0.009,-0.63,-0.669,,,,,,,,,,,,,,,,,,,,,,,,,,,,,,,,,,,,,,,,,,,,,,,,,0.0
AGC_048,31/12/2025,Landsat,,,,,,,,,,,,,,,,,,,,,,,,,,,,,,,,,,,,,,,,,-0.621,0.014,-0.596,-0.648,,,,,,,,,,,,,,,,,,,,,,,,,,,,,,,,,,,,,,,,,,,,,,,,,0.0
AGC_048,01/01/2022,Sentinel-2,0.2,0.039,0.458,0.13,0.153,0.024,0.253,0.099,0.463,0.027,0.543,0.337,0.432,0.032,0.578,0.309,0.309,0.049,0.565,0.177,0.144,0.055,0.413,-0.019,0.022,0.0,0.024,0.021,0.073,0.042,0.24,-0.016,0.11,0.04,0.347,0.053,0.138,0.021,0.216,0.091,,,,,0.174,0.015,0.228,0.118,1.421,0.045,1.59,1.268,-0.117,0.042,0.067,-0.279,0.057,0.049,0.259,-0.089,1.27,0.107,1.774,0.875,0.895,0.087,1.195,0.588,2.535,0.208,3.745,1.895,1.911,0.238,3.593,1.431,0.753,0.044,1.017,0.68,0.777,0.043,1.008,0.65,0.063,0.025,0.188,-0.008,0.152,0.026,0.3,0.079,0.0
AGC_048,04/08/2022,Sentinel-2,0.665,0.109,0.824,0.293,0.602,0.136,0.865,0.226,0.38,0.026,0.462,0.305,0.355,0.029,0.495,0.267,0.481,0.07,0.619,0.251,0.23,0.059,0.429,0.06,0.034,0.003,0.039,0.025,1.03,0.403,2.149,0.181,0.656,0.115,0.851,0.322,0.444,0.086,0.606,0.19,,,,,0.285,0.047,0.378,0.154,1.81,0.182,2.215,1.364,0.286,0.107,0.473,-0.01,0.521,0.121,0.716,0.159,0.567,0.138,1.019,0.357,0.324,0.113,0.726,0.165,2.105,0.145,2.959,1.727,2.926,0.517,4.252,1.67,1.392,0.242,1.908,0.844,1.744,0.384,2.603,0.959,0.046,0.014,0.126,0.019,0.129,0.016,0.214,0.095,0.0
AGC_048,12/03/2023,Sentinel-2,0.117,0.027,0.286,0.075,0.086,0.018,0.203,0.054,0.375,0.028,0.478,0.293,0.36,0.039,0.483,0.261,0.26,0.052,0.427,0.146,0.17,0.052,0.311,0.037,0.021,0.0,0.022,0.02,-0.048,0.027,0.137,-0.091,0.068,0.017,0.175,0.013,0.074,0.015,0.169,0.049,,,,,0.095,0.02,0.184,0.066,1.21,0.05,1.451,1.141,-0.149,0.039,-0.034,-0.246,-0.055,0.045,0.114,-0.15,1.354,0.11,1.654,1.071,1.121,0.102,1.353,0.795,2.139,0.197,2.87,1.705,1.718,0.199,2.49,1.343,0.802,0.024,0.966,0.756,0.763,0.034,0.885,0.678,0.084,0.027,0.151,0.017,0.135,0.029,0.226,0.072,0.0
AGC_048,18/10/2023,Sentinel-2,0.268,0.072,0.672,0.187,0.176,0.055,0.605,0.115,0.452,0.019,0.519,0.358,0.439,0.025,0.556,0.336,0.368,0.044,0.58,0.25,0.212,0.048,0.426,0.061,0.024,0.001,0.031,0.023,0.108,0.098,1.044,0.005,0.173,0.063,0.563,0.085,0.153,0.042,0.462,0.103,,,,,0.17,0.017,0.245,0.133,1.41,0.051,1.65,1.306,-0.11,0.054,0.243,-0.237,0.061,0.065,0.439,-0.06,1.254,0.128,1.622,0.609,0.893,0.11,1.127,0.39,2.572,0.158,3.506,2.013,2.181,0.251,3.767,1.666,0.847,0.073,1.326,0.775,0.819,0.085,1.555,0.703,0.089,0.019,0.187,0.024,0.175,0.019,0.285,0.115,0.0
AGC_048,20/05/2024,Sentinel-2,0.136,0.046,0.54,0.076,0.103,0.03,0.4,0.063,0.399,0.037,0.523,0.305,0.377,0.057,0.53,0.261,0.279,0.076,0.509,0.131,0.224,0.079,0.433,0.059,0.021,0.001,0.027,0.021,-0.021,0.046,0.507,-0.077,0.08,0.029,0.349,0.01,0.088,0.023,0.318,0.057,,,,,0.06,0.017,0.131,0.033,1.128,0.04,1.301,1.068,-0.15,0.053,0.066,-0.26,-0.091,0.061,0.181,-0.21,1.362,0.152,1.704,0.876,1.21,0.152,1.532,0.693,2.236,0.306,3.259,1.705,1.809,0.316,3.072,1.3,0.806,0.038,1.13,0.738,0.762,0.049,1.138,0.659,0.112,0.042,0.21,0.028,0.144,0.042,0.266,0.065,0.0
AGC_048,26/06/2025,Sentinel-2,,,,,,,,,,,,,,,,,,,,,,,,,,,,,,,,,,,,,,,,,,,,,,,,,,,,,,,,,,,,,,,,,,,,,,,,,,,,,,,,,,,,,,,,,,,,,100.0
AGC_048,26/12/2024,Sentinel-2,0.187,0.037,0.486,0.133,0.144,0.023,0.269,0.099,0.465,0.026,0.549,0.346,0.431,0.034,0.576,0.317,0.3,0.047,0.591,0.164,0.118,0.052,0.389,-0.053,0.022,0.0,0.025,0.021,0.059,0.038,0.244,-0.014,0.112,0.04,0.339,0.043,0.131,0.019,0.217,0.092,,,,,0.189,0.015,0.262,0.155,1.466,0.046,1.711,1.366,-0.12,0.04,0.069,-0.238,0.07,0.047,0.278,-0.042,1.276,0.101,1.626,0.87,0.872,0.08,1.089,0.565,2.527,0.22,3.713,1.927,1.87,0.221,3.888,1.392,0.739,0.03,1.156,0.686,0.77,0.04,0.976,0.661,0.052,0.023,0.162,-0.021,0.149,0.025,0.277,0.075,0.0
AGC_048,31/12/2025,Sentinel-2,0.172,0.073,0.458,0.08,0.113,0.051,0.367,0.053,0.37,0.03,0.49,0.255,0.376,0.044,0.515,0.244,0.295,0.066,0.528,0.135,0.184,0.07,0.395,-0.018,0.022,0.001,0.024,0.021,-0.005,0.081,0.446,-0.096,0.121,0.058,0.373,0.046,0.096,0.041,0.297,0.046,,,,,0.118,0.036,0.235,0.069,1.272,0.098,1.616,1.148,-0.13,0.064,0.131,-0.264,-0.012,0.091,0.353,-0.19,1.312,0.171,1.718,0.768,1.042,0.187,1.468,0.479,2.219,0.233,3.124,1.647,1.864,0.281,3.238,1.312,0.837,0.054,1.161,0.751,0.795,0.073,1.202,0.67,0.086,0.036,0.174,-0.008,0.148,0.035,0.265,0.063,0.0
AGC_050,05/01/2022,Landsat,,,,,,,,,,,,,,,,,,,,,,,,,,,,,,,,,,,,,,,,,-0.627,0.011,-0.602,-0.647,,,,,,,,,,,,,,,,,,,,,,,,,,,,,,,,,,,,,,,,,,,,,,,,,0.0
AGC_050,11/01/2024,Landsat,,,,,,,,,,,,,,,,,,,,,,,,,,,,,,,,,,,,,,,,,,,,,,,,,,,,,,,,,,,,,,,,,,,,,,,,,,,,,,,,,,,,,,,,,,,,,100.0
AGC_050,11/07/2023,Landsat,,,,,,,,,,,,,,,,,,,,,,,,,,,,,,,,,,,,,,,,,-0.622,0.008,-0.602,-0.64,,,,,,,,,,,,,,,,,,,,,,,,,,,,,,,,,,,,,,,,,,,,,,,,,0.0
AGC_050,16/01/2023,Landsat,,,,,,,,,,,,,,,,,,,,,,,,,,,,,,,,,,,,,,,,,-0.626,0.018,-0.589,-0.653,,,,,,,,,,,,,,,,,,,,,,,,,,,,,,,,,,,,,,,,,,,,,,,,,0.0
AGC_050,24/07/2022,Landsat,,,,,,,,,,,,,,,,,,,,,,,,,,,,,,,,,,,,,,,,,-0.623,0.006,-0.601,-0.636,,,,,,,,,,,,,,,,,,,,,,,,,,,,,,,,,,,,,,,,,,,,,,,,,0.0
AGC_050,27/04/2025,Landsat,,,,,,,,,,,,,,,,,,,,,,,,,,,,,,,,,,,,,,,,,-0.619,0.008,-0.596,-0.634,,,,,,,,,,,,,,,,,,,,,,,,,,,,,,,,,,,,,,,,,,,,,,,,,0.0
AGC_050,30/08/2024,Landsat,,,,,,,,,,,,,,,,,,,,,,,,,,,,,,,,,,,,,,,,,-0.638,0.007,-0.609,-0.649,,,,,,,,,,,,,,,,,,,,,,,,,,,,,,,,,,,,,,,,,,,,,,,,,0.0
AGC_050,31/12/2025,Landsat,,,,,,,,,,,,,,,,,,,,,,,,,,,,,,,,,,,,,,,,,-0.615,0.011,-0.583,-0.637,,,,,,,,,,,,,,,,,,,,,,,,,,,,,,,,,,,,,,,,,,,,,,,,,0.0
AGC_050,01/01/2022,Sentinel-2,0.156,0.03,0.311,0.117,0.105,0.022,0.201,0.076,0.368,0.023,0.469,0.299,0.366,0.03,0.52,0.27,0.275,0.041,0.47,0.168,0.196,0.047,0.408,0.057,0.021,0.0,0.022,0.021,-0.016,0.036,0.149,-0.06,0.101,0.028,0.217,0.058,0.091,0.019,0.175,0.067,,,,,0.083,0.019,0.144,0.049,1.182,0.045,1.338,1.103,-0.124,0.044,0.028,-0.251,-0.041,0.052,0.139,-0.2,1.288,0.112,1.669,0.946,1.092,0.111,1.5,0.756,2.163,0.155,3.163,1.742,1.767,0.173,2.774,1.404,0.816,0.033,0.98,0.733,0.793,0.042,0.968,0.674,0.094,0.025,0.211,0.024,0.138,0.023,0.249,0.078,0.0
AGC_050,04/08/2022,Sentinel-2,0.51,0.053,0.635,0.277,0.459,0.06,0.613,0.235,0.423,0.02,0.489,0.315,0.385,0.023,0.494,0.29,0.426,0.041,0.568,0.242,0.261,0.041,0.396,0.079,0.027,0.001,0.03,0.024,0.604,0.126,0.98,0.175,0.47,0.045,0.599,0.261,0.347,0.04,0.448,0.187,,,,,0.186,0.017,0.23,0.115,1.459,0.051,1.596,1.259,0.109,0.036,0.198,-0.057,0.289,0.045,0.398,0.11,0.806,0.06,1.122,0.669,0.554,0.055,0.802,0.431,2.258,0.128,2.953,1.816,2.504,0.247,3.628,1.639,1.107,0.069,1.281,0.891,1.207,0.08,1.435,0.92,0.079,0.011,0.123,0.03,0.153,0.012,0.211,0.102,0.0
AGC_050,12/03/2023,Sentinel-2,,,,,,,,,,,,,,,,,,,,,,,,,,,,,,,,,,,,,,,,,,,,,,,,,,,,,,,,,,,,,,,,,,,,,,,,,,,,,,,,,,,,,,,,,,,,,100.0
AGC_050,18/10/2023,Sentinel-2,0.215,0.029,0.374,0.173,0.145,0.019,0.222,0.115,0.451,0.021,0.518,0.369,0.439,0.027,0.555,0.341,0.338,0.034,0.517,0.239,0.22,0.035,0.399,0.11,0.022,0.0,0.023,0.021,0.055,0.029,0.172,0.007,0.127,0.021,0.222,0.097,0.129,0.015,0.186,0.104,,,,,0.128,0.011,0.152,0.093,1.294,0.028,1.359,1.206,-0.133,0.025,-0.039,-0.219,-0.005,0.027,0.091,-0.095,1.31,0.067,1.56,1.082,1.012,0.053,1.209,0.833,2.574,0.178,3.497,2.036,2.032,0.176,3.141,1.629,0.789,0.03,0.914,0.748,0.773,0.03,0.902,0.7,0.1,0.016,0.178,0.048,0.167,0.018,0.251,0.114,0.0
AGC_050,20/05/2024,Sentinel-2,0.168,0.032,0.33,0.13,0.134,0.022,0.247,0.106,0.404,0.021,0.491,0.346,0.382,0.025,0.486,0.307,0.29,0.034,0.465,0.209,0.235,0.035,0.391,0.118,0.021,0.0,0.022,0.021,0.025,0.035,0.204,-0.017,0.106,0.023,0.206,0.074,0.113,0.018,0.2,0.091,,,,,0.059,0.011,0.093,0.041,1.126,0.025,1.206,1.086,-0.129,0.022,-0.055,-0.19,-0.07,0.03,0.029,-0.119,1.298,0.058,1.468,1.117,1.154,0.068,1.27,0.944,2.241,0.136,2.893,1.885,1.826,0.155,2.737,1.528,0.814,0.023,0.958,0.775,0.786,0.023,0.866,0.743,0.114,0.017,0.178,0.055,0.146,0.017,0.226,0.102,0.0
AGC_050,26/06/2025,Sentinel-2,,,,,,,,,,,,,,,,,,,,,,,,,,,,,,,,,,,,,,,,,,,,,,,,,,,,,,,,,,,,,,,,,,,,,,,,,,,,,,,,,,,,,,,,,,,,,100.0
AGC_050,26/12/2024,Sentinel-2,0.183,0.02,0.254,0.147,0.145,0.015,0.196,0.114,0.468,0.027,0.574,0.376,0.425,0.032,0.565,0.325,0.288,0.044,0.497,0.179,0.121,0.047,0.328,0.005,0.021,0.0,0.021,0.021,0.063,0.027,0.148,0.009,0.112,0.028,0.224,0.052,0.133,0.014,0.175,0.105,,,,,0.174,0.013,0.202,0.115,1.422,0.038,1.506,1.26,-0.111,0.041,0.0,-0.313,0.064,0.043,0.163,-0.118,1.256,0.11,1.91,0.999,0.883,0.078,1.268,0.72,2.491,0.211,3.597,1.964,1.823,0.198,2.975,1.437,0.731,0.028,0.881,0.673,0.775,0.037,0.89,0.602,0.054,0.022,0.16,0.002,0.143,0.026,0.279,0.082,0.0
AGC_050,31/12/2025,Sentinel-2,0.168,0.04,0.313,0.117,0.113,0.031,0.223,0.076,0.359,0.034,0.494,0.292,0.368,0.032,0.54,0.31,0.294,0.039,0.52,0.213,0.179,0.038,0.365,0.036,0.021,0.0,0.022,0.021,-0.009,0.048,0.169,-0.066,0.126,0.034,0.277,0.08,0.095,0.026,0.184,0.063,,,,,0.122,0.024,0.192,0.088,1.28,0.065,1.474,1.192,-0.133,0.036,-0.019,-0.342,-0.011,0.048,0.156,-0.161,1.31,0.099,2.039,1.04,1.027,0.095,1.383,0.73,2.173,0.182,3.344,1.9,1.844,0.183,3.166,1.542,0.848,0.029,0.99,0.745,0.795,0.038,0.916,0.6,0.083,0.019,0.184,0.015,0.148,0.021,0.298,0.1,0.0
AGC_054,05/01/2022,Landsat,,,,,,,,,,,,,,,,,,,,,,,,,,,,,,,,,,,,,,,,,-0.622,0.007,-0.593,-0.637,,,,,,,,,,,,,,,,,,,,,,,,,,,,,,,,,,,,,,,,,,,,,,,,,0.0
AGC_054,05/05/2025,Landsat,,,,,,,,,,,,,,,,,,,,,,,,,,,,,,,,,,,,,,,,,-0.631,0.005,-0.612,-0.639,,,,,,,,,,,,,,,,,,,,,,,,,,,,,,,,,,,,,,,,,,,,,,,,,0.0
AGC_054,15/09/2024,Landsat,,,,,,,,,,,,,,,,,,,,,,,,,,,,,,,,,,,,,,,,,-0.627,0.013,-0.564,-0.637,,,,,,,,,,,,,,,,,,,,,,,,,,,,,,,,,,,,,,,,,,,,,,,,,0.0
AGC_054,16/01/2023,Landsat,,,,,,,,,,,,,,,,,,,,,,,,,,,,,,,,,,,,,,,,,-0.623,0.007,-0.605,-0.634,,,,,,,,,,,,,,,,,,,,,,,,,,,,,,,,,,,,,,,,,,,,,,,,,0.0
AGC_054,16/07/2022,Landsat,,,,,,,,,,,,,,,,,,,,,,,,,,,,,,,,,,,,,,,,,,,,,,,,,,,,,,,,,,,,,,,,,,,,,,,,,,,,,,,,,,,,,,,,,,,,,100.0
AGC_054,19/07/2023,Landsat,,,,,,,,,,,,,,,,,,,,,,,,,,,,,,,,,,,,,,,,,-0.629,0.006,-0.599,-0.64,,,,,,,,,,,,,,,,,,,,,,,,,,,,,,,,,,,,,,,,,,,,,,,,,0.0
AGC_054,27/01/2024,Landsat,,,,,,,,,,,,,,,,,,,,,,,,,,,,,,,,,,,,,,,,,-0.63,0.008,-0.605,-0.648,,,,,,,,,,,,,,,,,,,,,,,,,,,,,,,,,,,,,,,,,,,,,,,,,0.0
AGC_054,31/12/2025,Landsat,,,,,,,,,,,,,,,,,,,,,,,,,,,,,,,,,,,,,,,,,-0.616,0.01,-0.574,-0.639,,,,,,,,,,,,,,,,,,,,,,,,,,,,,,,,,,,,,,,,,,,,,,,,,0.0
AGC_054,01/01/2022,Sentinel-2,0.145,0.033,0.246,0.098,0.1,0.026,0.195,0.07,0.36,0.027,0.444,0.215,0.349,0.029,0.446,0.16,0.252,0.032,0.348,0.052,0.197,0.041,0.273,-0.02,0.021,0.0,0.021,0.02,-0.023,0.043,0.139,-0.07,0.093,0.023,0.178,0.058,0.087,0.023,0.17,0.061,,,,,0.058,0.031,0.157,0.017,1.125,0.073,1.371,1.034,-0.111,0.04,0.112,-0.175,-0.054,0.063,0.226,-0.125,1.254,0.093,1.425,0.798,1.122,0.13,1.286,0.631,2.078,0.128,2.607,1.382,1.676,0.105,2.067,1.111,0.807,0.014,0.871,0.767,0.804,0.043,1.05,0.737,0.096,0.022,0.133,-0.009,0.126,0.017,0.173,0.024,0.0
AGC_054,04/08/2022,Sentinel-2,0.564,0.07,0.691,0.305,0.441,0.058,0.592,0.243,0.341,0.03,0.451,0.234,0.316,0.031,0.418,0.167,0.398,0.051,0.512,0.159,0.169,0.053,0.356,-0.025,0.029,0.001,0.032,0.025,0.583,0.122,0.934,0.198,0.531,0.055,0.617,0.29,0.341,0.04,0.438,0.197,,,,,0.246,0.028,0.297,0.167,1.657,0.098,1.845,1.401,0.217,0.054,0.315,0.056,0.439,0.067,0.545,0.231,0.646,0.076,0.895,0.521,0.393,0.069,0.624,0.294,1.928,0.136,2.434,1.402,2.344,0.265,3.097,1.377,1.215,0.104,1.449,0.89,1.461,0.147,1.787,1.051,0.042,0.014,0.101,-0.008,0.125,0.013,0.165,0.056,0.0
AGC_054,12/03/2023,Sentinel-2,0.099,0.011,0.142,0.077,0.075,0.01,0.107,0.056,0.341,0.018,0.397,0.313,0.326,0.017,0.391,0.299,0.225,0.018,0.281,0.185,0.173,0.019,0.223,0.098,0.02,0.0,0.02,0.02,-0.065,0.015,-0.017,-0.093,0.066,0.009,0.094,0.026,0.064,0.008,0.091,0.048,,,,,0.055,0.011,0.098,0.037,1.116,0.026,1.217,1.077,-0.129,0.018,-0.078,-0.188,-0.075,0.021,0.011,-0.126,1.298,0.047,1.464,1.169,1.164,0.048,1.289,0.979,1.97,0.077,2.285,1.852,1.583,0.062,1.781,1.453,0.804,0.011,0.83,0.76,0.784,0.016,0.829,0.724,0.086,0.01,0.114,0.046,0.116,0.01,0.15,0.093,0.0
AGC_054,18/10/2023,Sentinel-2,0.195,0.047,0.381,0.145,0.145,0.033,0.292,0.11,0.439,0.026,0.511,0.302,0.403,0.03,0.494,0.255,0.304,0.036,0.431,0.141,0.201,0.033,0.314,0.044,0.021,0.0,0.023,0.021,0.055,0.056,0.318,-0.003,0.117,0.036,0.241,0.07,0.128,0.027,0.248,0.098,,,,,0.109,0.019,0.18,0.079,1.246,0.05,1.438,1.173,-0.115,0.04,0.088,-0.167,-0.006,0.053,0.219,-0.064,1.264,0.093,1.401,0.839,1.017,0.1,1.136,0.641,2.359,0.164,2.951,1.686,1.881,0.154,2.518,1.329,0.797,0.029,0.925,0.763,0.796,0.052,1.099,0.749,0.092,0.016,0.137,0.019,0.149,0.018,0.208,0.064,0.0
AGC_054,20/05/2024,Sentinel-2,0.119,0.01,0.159,0.102,0.095,0.008,0.126,0.079,0.374,0.012,0.414,0.349,0.345,0.015,0.392,0.319,0.239,0.017,0.293,0.207,0.198,0.014,0.251,0.165,0.02,0.0,0.02,0.02,-0.034,0.011,0.014,-0.055,0.078,0.009,0.113,0.048,0.081,0.006,0.108,0.07,,,,,0.043,0.01,0.078,0.03,1.09,0.021,1.17,1.062,-0.124,0.012,-0.102,-0.156,-0.081,0.012,-0.041,-0.113,1.283,0.031,1.37,1.226,1.177,0.027,1.254,1.085,2.054,0.069,2.292,1.936,1.63,0.058,1.831,1.521,0.794,0.01,0.832,0.767,0.785,0.012,0.814,0.75,0.098,0.007,0.126,0.08,0.122,0.009,0.15,0.104,0.0
AGC_054,26/06/2025,Sentinel-2,,,,,,,,,,,,,,,,,,,,,,,,,,,,,,,,,,,,,,,,,,,,,,,,,,,,,,,,,,,,,,,,,,,,,,,,,,,,,,,,,,,,,,,,,,,,,100.0
AGC_054,26/12/2024,Sentinel-2,0.142,0.033,0.234,0.073,0.103,0.028,0.183,0.05,0.371,0.035,0.46,0.189,0.353,0.033,0.45,0.153,0.24,0.034,0.36,0.045,0.138,0.041,0.243,-0.06,0.021,0.0,0.021,0.02,-0.016,0.046,0.117,-0.099,0.1,0.021,0.163,0.042,0.091,0.025,0.159,0.045,,,,,0.105,0.033,0.185,0.058,1.237,0.085,1.454,1.123,-0.101,0.037,0.074,-0.18,0.004,0.059,0.241,-0.075,1.228,0.087,1.438,0.862,0.999,0.111,1.162,0.611,2.1,0.151,2.634,1.363,1.636,0.113,2.125,1.095,0.779,0.018,0.825,0.731,0.803,0.037,0.976,0.723,0.065,0.021,0.115,-0.026,0.119,0.018,0.182,0.021,0.0
AGC_054,31/12/2025,Sentinel-2,0.146,0.054,0.316,0.078,0.1,0.041,0.242,0.05,0.345,0.027,0.449,0.225,0.344,0.028,0.434,0.185,0.254,0.033,0.345,0.07,0.152,0.039,0.229,-0.029,0.021,0.0,0.022,0.02,-0.025,0.067,0.215,-0.1,0.111,0.044,0.259,0.057,0.086,0.035,0.205,0.044,,,,,0.105,0.041,0.242,0.06,1.24,0.108,1.638,1.128,-0.111,0.05,0.086,-0.206,-0.006,0.082,0.257,-0.085,1.257,0.118,1.518,0.842,1.026,0.153,1.186,0.591,2.056,0.127,2.535,1.453,1.685,0.115,2.055,1.15,0.819,0.021,0.886,0.766,0.809,0.055,1.049,0.719,0.072,0.021,0.106,-0.012,0.127,0.016,0.174,0.032,0.0
AGC_065,01/02/2023,Landsat,,,,,,,,,,,,,,,,,,,,,,,,,,,,,,,,,,,,,,,,,-0.645,0.013,-0.596,-0.685,,,,,,,,,,,,,,,,,,,,,,,,,,,,,,,,,,,,,,,,,,,,,,,,,0.0
AGC_065,05/01/2022,Landsat,,,,,,,,,,,,,,,,,,,,,,,,,,,,,,,,,,,,,,,,,-0.629,0.015,-0.595,-0.685,,,,,,,,,,,,,,,,,,,,,,,,,,,,,,,,,,,,,,,,,,,,,,,,,0.0
AGC_065,05/05/2025,Landsat,,,,,,,,,,,,,,,,,,,,,,,,,,,,,,,,,,,,,,,,,-0.643,0.018,-0.505,-0.668,,,,,,,,,,,,,,,,,,,,,,,,,,,,,,,,,,,,,,,,,,,,,,,,,9.5
AGC_065,15/09/2024,Landsat,,,,,,,,,,,,,,,,,,,,,,,,,,,,,,,,,,,,,,,,,-0.622,0.014,-0.571,-0.642,,,,,,,,,,,,,,,,,,,,,,,,,,,,,,,,,,,,,,,,,,,,,,,,,82.98
AGC_065,24/07/2022,Landsat,,,,,,,,,,,,,,,,,,,,,,,,,,,,,,,,,,,,,,,,,-0.647,0.008,-0.604,-0.667,,,,,,,,,,,,,,,,,,,,,,,,,,,,,,,,,,,,,,,,,,,,,,,,,0.0
AGC_065,27/01/2024,Landsat,,,,,,,,,,,,,,,,,,,,,,,,,,,,,,,,,,,,,,,,,-0.661,0.014,-0.62,-0.684,,,,,,,,,,,,,,,,,,,,,,,,,,,,,,,,,,,,,,,,,,,,,,,,,0.0
AGC_065,28/07/2023,Landsat,,,,,,,,,,,,,,,,,,,,,,,,,,,,,,,,,,,,,,,,,-0.661,0.009,-0.626,-0.68,,,,,,,,,,,,,,,,,,,,,,,,,,,,,,,,,,,,,,,,,,,,,,,,,15.28
AGC_065,31/12/2025,Landsat,,,,,,,,,,,,,,,,,,,,,,,,,,,,,,,,,,,,,,,,,-0.618,0.017,-0.573,-0.674,,,,,,,,,,,,,,,,,,,,,,,,,,,,,,,,,,,,,,,,,,,,,,,,,0.0
AGC_065,01/01/2022,Sentinel-2,0.217,0.058,0.553,0.115,0.144,0.031,0.34,0.066,0.454,0.07,0.599,0.167,0.453,0.072,0.655,0.157,0.36,0.079,0.628,0.073,0.199,0.068,0.481,-0.074,0.022,0.001,0.027,0.021,0.052,0.05,0.403,-0.077,0.114,0.05,0.365,0.031,0.127,0.025,0.281,0.057,,,,,0.175,0.033,0.241,0.077,1.429,0.094,1.635,1.168,-0.156,0.07,0.22,-0.407,0.019,0.059,0.389,-0.232,1.385,0.19,2.375,0.639,0.969,0.111,1.605,0.439,2.719,0.459,4.797,1.373,2.172,0.387,4.382,1.156,0.801,0.073,1.365,0.704,0.753,0.086,1.443,0.514,0.089,0.031,0.25,-0.03,0.182,0.044,0.372,0.033,0.0
AGC_065,04/08/2022,Sentinel-2,0.523,0.162,0.829,0.141,0.391,0.192,1.0,0.079,0.214,0.16,0.469,-0.225,0.238,0.121,0.493,-0.115,0.361,0.107,0.614,0.006,0.124,0.13,0.504,-0.389,0.031,0.004,0.04,0.022,0.491,0.47,3.295,-0.063,0.461,0.162,0.866,0.097,0.284,0.126,0.661,0.065,,,,,0.249,0.098,0.464,-0.016,1.711,0.362,2.733,0.968,0.215,0.159,0.579,-0.162,0.424,0.208,0.795,-0.178,0.675,0.226,1.387,0.267,0.437,0.222,1.432,0.114,1.69,0.419,2.948,0.793,2.23,0.596,4.18,1.013,1.353,0.304,2.029,0.806,1.562,0.475,3.157,0.796,0.036,0.039,0.236,-0.087,0.114,0.033,0.237,0.002,9.452422282
AGC_065,12/03/2023,Sentinel-2,0.152,0.037,0.387,0.095,0.102,0.023,0.235,0.061,0.389,0.035,0.514,0.222,0.383,0.035,0.527,0.197,0.297,0.044,0.528,0.104,0.203,0.048,0.396,-0.059,0.021,0.0,0.023,0.021,-0.022,0.035,0.184,-0.084,0.089,0.029,0.254,0.028,0.088,0.019,0.191,0.053,,,,,0.1,0.033,0.224,0.047,1.226,0.084,1.576,1.099,-0.152,0.039,0.08,-0.273,-0.053,0.056,0.292,-0.188,1.364,0.105,1.75,0.852,1.119,0.12,1.464,0.549,2.254,0.189,3.227,1.492,1.857,0.183,3.239,1.231,0.824,0.046,1.173,0.718,0.767,0.043,1.077,0.645,0.098,0.025,0.191,-0.023,0.152,0.024,0.273,0.045,0.0
AGC_065,18/10/2023,Sentinel-2,0.245,0.053,0.481,0.151,0.14,0.032,0.331,0.083,0.424,0.025,0.497,0.255,0.441,0.029,0.532,0.243,0.389,0.041,0.556,0.157,0.299,0.05,0.497,0.025,0.022,0.001,0.025,0.021,0.04,0.05,0.366,-0.049,0.13,0.038,0.303,0.065,0.121,0.025,0.267,0.073,,,,,0.102,0.028,0.227,0.04,1.228,0.07,1.589,1.084,-0.158,0.048,0.098,-0.266,-0.058,0.067,0.317,-0.203,1.383,0.131,1.726,0.821,1.133,0.145,1.509,0.518,2.59,0.175,3.273,1.641,2.287,0.221,3.502,1.372,0.884,0.067,1.323,0.768,0.776,0.062,1.227,0.66,0.139,0.027,0.235,0.01,0.194,0.022,0.28,0.068,0.0
AGC_065,20/05/2024,Sentinel-2,0.178,0.043,0.416,0.111,0.117,0.026,0.303,0.08,0.435,0.025,0.502,0.264,0.438,0.032,0.519,0.245,0.356,0.046,0.524,0.14,0.316,0.051,0.466,0.055,0.021,0.0,0.024,0.021,0.001,0.039,0.303,-0.053,0.092,0.028,0.261,0.055,0.1,0.02,0.242,0.071,,,,,0.046,0.027,0.173,0.014,1.098,0.065,1.418,1.028,-0.19,0.042,0.033,-0.286,-0.146,0.06,0.187,-0.259,1.476,0.122,1.802,0.936,1.352,0.155,1.698,0.685,2.57,0.193,3.157,1.65,2.123,0.218,3.204,1.325,0.825,0.048,1.165,0.73,0.727,0.045,1.034,0.651,0.16,0.029,0.23,0.024,0.186,0.026,0.273,0.065,0.0
AGC_065,26/06/2025,Sentinel-2,,,,,,,,,,,,,,,,,,,,,,,,,,,,,,,,,,,,,,,,,,,,,,,,,,,,,,,,,,,,,,,,,,,,,,,,,,,,,,,,,,,,,,,,,,,,,100.0
AGC_065,26/12/2024,Sentinel-2,0.239,0.059,0.585,0.14,0.157,0.037,0.324,0.067,0.463,0.045,0.594,0.188,0.46,0.047,0.626,0.203,0.355,0.075,0.619,0.07,0.184,0.089,0.483,-0.133,0.023,0.001,0.028,0.022,0.081,0.064,0.376,-0.076,0.158,0.06,0.454,0.034,0.141,0.032,0.271,0.058,,,,,0.184,0.024,0.283,0.116,1.453,0.072,1.79,1.262,-0.128,0.079,0.223,-0.44,0.056,0.096,0.425,-0.271,1.314,0.222,2.571,0.636,0.911,0.185,1.745,0.403,2.73,0.318,4.348,1.509,2.146,0.381,4.249,1.151,0.785,0.096,1.406,0.651,0.777,0.086,1.394,0.5,0.081,0.043,0.247,-0.049,0.175,0.043,0.353,0.026,0.0
AGC_065,31/12/2025,Sentinel-2,0.259,0.07,0.529,0.136,0.183,0.051,0.358,0.082,0.42,0.041,0.56,0.151,0.426,0.039,0.621,0.148,0.352,0.055,0.62,0.058,0.161,0.064,0.486,-0.151,0.023,0.001,0.026,0.021,0.108,0.085,0.392,-0.056,0.191,0.072,0.424,0.034,0.154,0.041,0.277,0.069,,,,,0.203,0.024,0.288,0.07,1.511,0.076,1.81,1.151,-0.102,0.064,0.204,-0.365,0.102,0.082,0.434,-0.186,1.239,0.16,2.15,0.661,0.825,0.136,1.457,0.394,2.498,0.23,4.283,1.346,2.111,0.288,4.263,1.122,0.845,0.082,1.389,0.705,0.826,0.082,1.399,0.566,0.067,0.028,0.241,-0.059,0.168,0.028,0.354,0.025,0.0
AGC_076,01/08/2022,Landsat,,,,,,,,,,,,,,,,,,,,,,,,,,,,,,,,,,,,,,,,,,,,,,,,,,,,,,,,,,,,,,,,,,,,,,,,,,,,,,,,,,,,,,,,,,,,,100.0
AGC_076,01/10/2024,Landsat,,,,,,,,,,,,,,,,,,,,,,,,,,,,,,,,,,,,,,,,,,,,,,,,,,,,,,,,,,,,,,,,,,,,,,,,,,,,,,,,,,,,,,,,,,,,,100.0
AGC_076,05/01/2022,Landsat,,,,,,,,,,,,,,,,,,,,,,,,,,,,,,,,,,,,,,,,,-0.631,0.006,-0.618,-0.642,,,,,,,,,,,,,,,,,,,,,,,,,,,,,,,,,,,,,,,,,,,,,,,,,0.0
AGC_076,05/05/2025,Landsat,,,,,,,,,,,,,,,,,,,,,,,,,,,,,,,,,,,,,,,,,-0.623,0.007,-0.603,-0.633,,,,,,,,,,,,,,,,,,,,,,,,,,,,,,,,,,,,,,,,,,,,,,,,,0.0
AGC_076,07/03/2024,Landsat,,,,,,,,,,,,,,,,,,,,,,,,,,,,,,,,,,,,,,,,,-0.637,0.007,-0.624,-0.648,,,,,,,,,,,,,,,,,,,,,,,,,,,,,,,,,,,,,,,,,,,,,,,,,0.0
AGC_076,09/02/2023,Landsat,,,,,,,,,,,,,,,,,,,,,,,,,,,,,,,,,,,,,,,,,-0.622,0.007,-0.611,-0.635,,,,,,,,,,,,,,,,,,,,,,,,,,,,,,,,,,,,,,,,,,,,,,,,,0.0
AGC_076,12/08/2023,Landsat,,,,,,,,,,,,,,,,,,,,,,,,,,,,,,,,,,,,,,,,,,,,,,,,,,,,,,,,,,,,,,,,,,,,,,,,,,,,,,,,,,,,,,,,,,,,,100.0
AGC_076,31/12/2025,Landsat,,,,,,,,,,,,,,,,,,,,,,,,,,,,,,,,,,,,,,,,,-0.621,0.016,-0.598,-0.648,,,,,,,,,,,,,,,,,,,,,,,,,,,,,,,,,,,,,,,,,,,,,,,,,0.0
AGC_076,01/01/2022,Sentinel-2,0.263,0.04,0.388,0.19,0.178,0.03,0.262,0.116,0.448,0.023,0.484,0.37,0.451,0.027,0.495,0.339,0.367,0.035,0.455,0.26,0.203,0.037,0.283,0.101,0.022,0.0,0.023,0.021,0.106,0.051,0.25,0.003,0.17,0.034,0.255,0.102,0.154,0.025,0.22,0.102,,,,,0.177,0.013,0.203,0.139,1.43,0.039,1.51,1.322,-0.115,0.039,0.015,-0.205,0.063,0.044,0.178,-0.05,1.263,0.098,1.516,0.97,0.885,0.079,1.106,0.698,2.654,0.17,2.958,2.027,2.168,0.177,2.67,1.703,0.817,0.042,0.966,0.751,0.802,0.046,0.961,0.712,0.086,0.017,0.123,0.039,0.176,0.018,0.216,0.113,0.0
AGC_076,04/07/2025,Sentinel-2,0.552,0.065,0.7,0.352,0.41,0.068,0.598,0.239,0.361,0.019,0.444,0.323,0.328,0.023,0.404,0.281,0.437,0.037,0.519,0.304,0.174,0.039,0.34,0.087,0.029,0.001,0.032,0.025,0.508,0.141,0.923,0.199,0.441,0.048,0.571,0.288,0.316,0.047,0.435,0.198,,,,,0.285,0.03,0.345,0.181,1.801,0.112,2.055,1.441,0.155,0.056,0.289,0.026,0.419,0.068,0.567,0.206,0.736,0.086,0.949,0.552,0.413,0.07,0.658,0.276,1.982,0.103,2.356,1.781,2.568,0.233,3.157,1.875,1.299,0.129,1.653,0.953,1.354,0.148,1.763,1.025,0.045,0.011,0.101,0.023,0.147,0.01,0.18,0.118,0.0
AGC_076,12/03/2023,Sentinel-2,0.134,0.017,0.192,0.098,0.097,0.012,0.14,0.073,0.4,0.019,0.456,0.362,0.387,0.023,0.448,0.33,0.288,0.03,0.373,0.212,0.201,0.038,0.298,0.11,0.02,0.0,0.021,0.02,-0.03,0.019,0.035,-0.062,0.066,0.015,0.124,0.039,0.084,0.01,0.119,0.066,,,,,0.092,0.017,0.136,0.063,1.202,0.041,1.315,1.135,-0.16,0.027,-0.059,-0.225,-0.069,0.038,0.041,-0.144,1.383,0.077,1.581,1.126,1.152,0.088,1.335,0.922,2.268,0.122,2.626,1.984,1.812,0.119,2.19,1.537,0.799,0.019,0.857,0.758,0.751,0.025,0.842,0.697,0.099,0.02,0.148,0.052,0.149,0.017,0.196,0.105,0.0
AGC_076,18/10/2023,Sentinel-2,0.193,0.045,0.386,0.146,0.131,0.031,0.283,0.095,0.447,0.023,0.503,0.384,0.434,0.028,0.495,0.363,0.35,0.04,0.447,0.265,0.266,0.047,0.369,0.169,0.021,0.0,0.023,0.021,0.027,0.051,0.288,-0.028,0.094,0.034,0.195,0.048,0.114,0.025,0.236,0.085,,,,,0.093,0.015,0.132,0.069,1.205,0.038,1.304,1.147,-0.168,0.041,-0.047,-0.251,-0.077,0.055,0.067,-0.178,1.41,0.118,1.671,1.098,1.174,0.128,1.433,0.875,2.543,0.176,2.962,2.138,2.089,0.195,2.619,1.722,0.821,0.039,0.943,0.763,0.748,0.048,0.92,0.672,0.128,0.025,0.189,0.079,0.179,0.022,0.232,0.132,0.0
AGC_076,25/05/2024,Sentinel-2,0.151,0.018,0.212,0.118,0.117,0.013,0.162,0.093,0.45,0.016,0.49,0.403,0.431,0.023,0.479,0.369,0.329,0.032,0.396,0.246,0.258,0.041,0.339,0.151,0.021,0.0,0.021,0.02,0.002,0.02,0.073,-0.034,0.069,0.017,0.121,0.029,0.101,0.01,0.138,0.082,,,,,0.078,0.013,0.113,0.059,1.169,0.03,1.254,1.124,-0.187,0.028,-0.122,-0.252,-0.111,0.039,-0.015,-0.185,1.464,0.087,1.672,1.277,1.255,0.099,1.455,1.031,2.518,0.143,2.841,2.169,1.987,0.142,2.31,1.651,0.789,0.017,0.832,0.739,0.719,0.026,0.789,0.664,0.129,0.023,0.175,0.072,0.173,0.019,0.214,0.125,0.0
AGC_076,30/07/2022,Sentinel-2,0.508,0.064,0.659,0.337,0.405,0.06,0.556,0.241,0.406,0.024,0.451,0.333,0.368,0.028,0.436,0.276,0.422,0.05,0.537,0.301,0.225,0.056,0.346,0.069,0.028,0.001,0.031,0.025,0.507,0.119,0.846,0.202,0.447,0.051,0.534,0.284,0.316,0.04,0.417,0.199,,,,,0.218,0.023,0.267,0.165,1.559,0.075,1.729,1.397,0.112,0.042,0.196,-0.022,0.321,0.058,0.435,0.148,0.802,0.07,1.044,0.672,0.517,0.068,0.742,0.394,2.17,0.139,2.543,1.762,2.485,0.303,3.315,1.862,1.143,0.097,1.424,0.947,1.223,0.099,1.457,0.987,0.066,0.016,0.116,0.02,0.151,0.014,0.194,0.108,0.0
AGC_076,31/12/2024,Sentinel-2,0.233,0.025,0.302,0.172,0.168,0.016,0.224,0.118,0.47,0.026,0.529,0.392,0.452,0.028,0.518,0.383,0.336,0.04,0.435,0.226,0.172,0.051,0.294,0.021,0.021,0.0,0.022,0.021,0.1,0.029,0.181,0.009,0.135,0.027,0.228,0.083,0.151,0.014,0.19,0.105,,,,,0.174,0.018,0.206,0.104,1.424,0.051,1.52,1.232,-0.112,0.034,-0.016,-0.188,0.063,0.04,0.191,-0.04,1.256,0.086,1.463,1.033,0.883,0.071,1.083,0.68,2.657,0.185,3.147,2.241,2.023,0.186,2.542,1.585,0.761,0.044,0.976,0.702,0.786,0.033,0.869,0.724,0.074,0.023,0.131,0.008,0.163,0.022,0.214,0.103,0.0
AGC_076,31/12/2025,Sentinel-2,0.235,0.052,0.373,0.164,0.164,0.035,0.275,0.117,0.399,0.027,0.454,0.317,0.403,0.034,0.488,0.315,0.321,0.058,0.464,0.202,0.141,0.059,0.291,0.002,0.022,0.0,0.023,0.021,0.075,0.053,0.252,0.005,0.17,0.043,0.273,0.097,0.138,0.026,0.221,0.102,,,,,0.189,0.013,0.228,0.163,1.467,0.041,1.592,1.389,-0.094,0.039,0.002,-0.211,0.097,0.044,0.198,-0.023,1.211,0.097,1.536,0.996,0.827,0.074,1.047,0.669,2.36,0.193,2.904,1.921,1.968,0.263,2.728,1.507,0.831,0.059,1.005,0.738,0.829,0.043,0.936,0.712,0.059,0.024,0.129,0.001,0.153,0.028,0.237,0.094,0.0
AGC_090,01/02/2023,Landsat,,,,,,,,,,,,,,,,,,,,,,,,,,,,,,,,,,,,,,,,,-0.613,0.008,-0.583,-0.634,,,,,,,,,,,,,,,,,,,,,,,,,,,,,,,,,,,,,,,,,,,,,,,,,0.0
AGC_090,05/01/2022,Landsat,,,,,,,,,,,,,,,,,,,,,,,,,,,,,,,,,,,,,,,,,-0.614,0.01,-0.592,-0.644,,,,,,,,,,,,,,,,,,,,,,,,,,,,,,,,,,,,,,,,,,,,,,,,,0.0
AGC_090,05/05/2025,Landsat,,,,,,,,,,,,,,,,,,,,,,,,,,,,,,,,,,,,,,,,,-0.643,0.009,-0.617,-0.659,,,,,,,,,,,,,,,,,,,,,,,,,,,,,,,,,,,,,,,,,,,,,,,,,0.0
AGC_090,15/09/2024,Landsat,,,,,,,,,,,,,,,,,,,,,,,,,,,,,,,,,,,,,,,,,,,,,,,,,,,,,,,,,,,,,,,,,,,,,,,,,,,,,,,,,,,,,,,,,,,,,100.0
AGC_090,24/07/2022,Landsat,,,,,,,,,,,,,,,,,,,,,,,,,,,,,,,,,,,,,,,,,-0.647,0.006,-0.628,-0.665,,,,,,,,,,,,,,,,,,,,,,,,,,,,,,,,,,,,,,,,,,,,,,,,,0.0
AGC_090,27/01/2024,Landsat,,,,,,,,,,,,,,,,,,,,,,,,,,,,,,,,,,,,,,,,,-0.642,0.006,-0.621,-0.655,,,,,,,,,,,,,,,,,,,,,,,,,,,,,,,,,,,,,,,,,,,,,,,,,0.0
AGC_090,28/07/2023,Landsat,,,,,,,,,,,,,,,,,,,,,,,,,,,,,,,,,,,,,,,,,-0.648,0.008,-0.62,-0.663,,,,,,,,,,,,,,,,,,,,,,,,,,,,,,,,,,,,,,,,,,,,,,,,,0.0
AGC_090,31/12/2025,Landsat,,,,,,,,,,,,,,,,,,,,,,,,,,,,,,,,,,,,,,,,,-0.607,0.024,-0.566,-0.662,,,,,,,,,,,,,,,,,,,,,,,,,,,,,,,,,,,,,,,,,,,,,,,,,0.0
AGC_090,01/01/2022,Sentinel-2,0.166,0.033,0.315,0.121,0.118,0.023,0.226,0.084,0.426,0.033,0.528,0.309,0.42,0.039,0.549,0.308,0.321,0.045,0.472,0.191,0.198,0.048,0.358,0.042,0.021,0.0,0.022,0.021,0.004,0.039,0.179,-0.051,0.08,0.022,0.179,0.017,0.102,0.02,0.189,0.072,,,,,0.132,0.014,0.179,0.092,1.304,0.038,1.436,1.202,-0.164,0.037,-0.023,-0.283,-0.033,0.043,0.157,-0.15,1.398,0.108,1.79,1.046,1.073,0.091,1.354,0.729,2.465,0.256,3.439,1.89,1.959,0.217,2.787,1.471,0.794,0.017,0.862,0.727,0.744,0.038,0.907,0.626,0.094,0.024,0.179,0.019,0.165,0.026,0.259,0.092,0.0
AGC_090,04/07/2025,Sentinel-2,0.382,0.101,0.663,0.139,0.272,0.089,0.574,0.096,0.336,0.039,0.44,-0.004,0.329,0.044,0.425,-0.013,0.358,0.051,0.508,-0.075,0.169,0.058,0.337,-0.269,0.026,0.002,0.031,0.022,0.245,0.163,0.883,-0.035,0.297,0.088,0.563,0.117,0.213,0.066,0.426,0.081,,,,,0.202,0.038,0.316,0.13,1.514,0.125,1.922,1.298,0.032,0.096,0.361,-0.172,0.229,0.12,0.608,-0.021,0.954,0.173,1.415,0.469,0.642,0.155,1.043,0.244,1.994,0.18,2.477,0.974,2.135,0.228,3.064,0.861,1.076,0.126,1.588,0.843,1.084,0.191,1.965,0.783,0.059,0.023,0.117,-0.1,0.146,0.021,0.201,-0.031,0.0
AGC_090,12/03/2023,Sentinel-2,0.122,0.01,0.157,0.089,0.094,0.009,0.128,0.073,0.402,0.023,0.469,0.299,0.395,0.024,0.461,0.274,0.303,0.025,0.372,0.176,0.222,0.033,0.319,0.088,0.02,0.0,0.02,0.02,-0.04,0.014,0.017,-0.07,0.05,0.008,0.079,0.02,0.078,0.008,0.109,0.061,,,,,0.087,0.014,0.129,0.053,1.191,0.033,1.296,1.111,-0.189,0.022,-0.08,-0.258,-0.103,0.029,0.009,-0.184,1.467,0.065,1.695,1.174,1.233,0.073,1.45,0.981,2.311,0.13,2.709,1.755,1.874,0.102,2.186,1.427,0.811,0.014,0.85,0.754,0.727,0.021,0.836,0.668,0.112,0.018,0.166,0.042,0.161,0.015,0.206,0.088,0.0
AGC_090,18/10/2023,Sentinel-2,0.201,0.038,0.409,0.148,0.135,0.027,0.315,0.1,0.466,0.019,0.526,0.351,0.449,0.024,0.536,0.359,0.341,0.036,0.498,0.252,0.211,0.042,0.371,0.104,0.022,0.0,0.023,0.021,0.042,0.046,0.361,-0.018,0.104,0.03,0.276,0.047,0.121,0.022,0.265,0.09,,,,,0.14,0.016,0.198,0.099,1.327,0.045,1.493,1.219,-0.15,0.036,0.031,-0.252,-0.01,0.047,0.227,-0.14,1.357,0.097,1.672,0.94,1.025,0.093,1.326,0.63,2.634,0.167,3.308,2.123,2.045,0.183,2.982,1.673,0.776,0.035,0.976,0.709,0.751,0.04,1.008,0.663,0.097,0.021,0.18,0.045,0.171,0.02,0.247,0.125,0.0
AGC_090,25/05/2024,Sentinel-2,0.163,0.015,0.217,0.113,0.129,0.012,0.173,0.1,0.459,0.017,0.505,0.362,0.453,0.021,0.506,0.333,0.365,0.024,0.435,0.244,0.296,0.028,0.384,0.163,0.021,0.0,0.021,0.02,0.014,0.019,0.08,-0.032,0.068,0.012,0.117,0.026,0.107,0.01,0.141,0.082,,,,,0.077,0.01,0.105,0.053,1.168,0.023,1.235,1.112,-0.215,0.022,-0.114,-0.283,-0.14,0.025,-0.031,-0.22,1.549,0.07,1.79,1.257,1.327,0.066,1.563,1.063,2.659,0.137,3.051,1.998,2.153,0.119,2.541,1.645,0.81,0.014,0.892,0.774,0.698,0.022,0.806,0.635,0.15,0.016,0.204,0.078,0.194,0.015,0.24,0.123,0.0
AGC_090,30/07/2022,Sentinel-2,0.673,0.075,0.807,0.284,0.581,0.089,0.836,0.234,0.376,0.024,0.456,0.125,0.35,0.026,0.433,0.149,0.495,0.056,0.591,0.129,0.215,0.052,0.371,-0.133,0.034,0.002,0.038,0.025,0.922,0.24,1.947,0.173,0.626,0.064,0.795,0.305,0.429,0.059,0.59,0.186,,,,,0.315,0.033,0.368,0.162,1.927,0.136,2.166,1.387,0.274,0.061,0.42,0.025,0.539,0.073,0.681,0.186,0.574,0.08,0.952,0.409,0.302,0.065,0.686,0.19,2.081,0.115,2.53,1.349,3.005,0.378,3.894,1.297,1.442,0.151,1.811,0.93,1.69,0.21,2.307,1.009,0.042,0.011,0.096,-0.043,0.136,0.011,0.176,0.049,0.0
AGC_090,31/12/2024,Sentinel-2,0.201,0.018,0.291,0.149,0.154,0.02,0.226,0.085,0.492,0.021,0.553,0.39,0.469,0.022,0.534,0.369,0.346,0.028,0.464,0.255,0.186,0.037,0.342,0.078,0.021,0.0,0.022,0.021,0.075,0.037,0.199,-0.048,0.084,0.02,0.172,0.021,0.139,0.019,0.198,0.074,,,,,0.171,0.014,0.201,0.102,1.414,0.041,1.503,1.228,-0.156,0.038,-0.027,-0.325,0.015,0.048,0.169,-0.191,1.375,0.114,1.964,1.055,0.975,0.099,1.471,0.71,2.769,0.153,3.289,2.17,2.063,0.138,2.73,1.684,0.745,0.027,0.865,0.698,0.735,0.034,0.875,0.6,0.084,0.02,0.179,0.031,0.175,0.019,0.265,0.121,0.0
AGC_090,31/12/2025,Sentinel-2,0.169,0.027,0.293,0.059,0.123,0.025,0.239,0.043,0.443,0.025,0.508,0.213,0.445,0.033,0.541,0.235,0.359,0.05,0.489,0.184,0.196,0.066,0.377,0.028,0.021,0.0,0.022,0.02,0.007,0.04,0.19,-0.12,0.075,0.027,0.211,0.018,0.104,0.021,0.193,0.032,,,,,0.176,0.016,0.207,0.13,1.428,0.046,1.521,1.298,-0.203,0.056,0.028,-0.369,-0.029,0.071,0.216,-0.242,1.523,0.188,2.17,0.946,1.071,0.164,1.638,0.644,2.615,0.215,3.355,1.615,2.141,0.258,2.914,1.452,0.817,0.042,0.947,0.749,0.712,0.049,0.976,0.569,0.093,0.036,0.205,0.012,0.19,0.033,0.289,0.085,0.0
AGC_108,02/08/2022,Landsat,,,,,,,,,,,,,,,,,,,,,,,,,,,,,,,,,,,,,,,,,-0.62,0.013,-0.593,-0.649,,,,,,,,,,,,,,,,,,,,,,,,,,,,,,,,,,,,,,,,,,,,,,,,,73.02
AGC_108,05/01/2022,Landsat,,,,,,,,,,,,,,,,,,,,,,,,,,,,,,,,,,,,,,,,,-0.613,0.009,-0.59,-0.627,,,,,,,,,,,,,,,,,,,,,,,,,,,,,,,,,,,,,,,,,,,,,,,,,0.0
AGC_108,16/03/2024,Landsat,,,,,,,,,,,,,,,,,,,,,,,,,,,,,,,,,,,,,,,,,-0.625,0.011,-0.605,-0.651,,,,,,,,,,,,,,,,,,,,,,,,,,,,,,,,,,,,,,,,,,,,,,,,,0.0
AGC_108,18/10/2024,Landsat,,,,,,,,,,,,,,,,,,,,,,,,,,,,,,,,,,,,,,,,,,,,,,,,,,,,,,,,,,,,,,,,,,,,,,,,,,,,,,,,,,,,,,,,,,,,,100.0
AGC_108,21/05/2025,Landsat,,,,,,,,,,,,,,,,,,,,,,,,,,,,,,,,,,,,,,,,,-0.632,0.005,-0.617,-0.645,,,,,,,,,,,,,,,,,,,,,,,,,,,,,,,,,,,,,,,,,,,,,,,,,0.0
AGC_108,24/02/2023,Landsat,,,,,,,,,,,,,,,,,,,,,,,,,,,,,,,,,,,,,,,,,-0.532,0.02,-0.499,-0.574,,,,,,,,,,,,,,,,,,,,,,,,,,,,,,,,,,,,,,,,,,,,,,,,,0.0
AGC_108,29/08/2023,Landsat,,,,,,,,,,,,,,,,,,,,,,,,,,,,,,,,,,,,,,,,,-0.647,0.008,-0.612,-0.658,,,,,,,,,,,,,,,,,,,,,,,,,,,,,,,,,,,,,,,,,,,,,,,,,0.0
AGC_108,31/12/2025,Landsat,,,,,,,,,,,,,,,,,,,,,,,,,,,,,,,,,,,,,,,,,-0.593,0.015,-0.567,-0.631,,,,,,,,,,,,,,,,,,,,,,,,,,,,,,,,,,,,,,,,,,,,,,,,,0.0
AGC_108,01/01/2022,Sentinel-2,0.272,0.048,0.539,0.178,0.196,0.044,0.473,0.122,0.421,0.025,0.516,0.366,0.396,0.028,0.486,0.323,0.295,0.043,0.467,0.187,0.12,0.05,0.276,-0.03,0.023,0.001,0.027,0.022,0.149,0.083,0.714,0.016,0.224,0.05,0.442,0.12,0.173,0.035,0.382,0.109,,,,,0.182,0.02,0.248,0.131,1.447,0.061,1.658,1.3,-0.025,0.051,0.152,-0.158,0.157,0.064,0.385,0.001,1.056,0.107,1.375,0.737,0.733,0.095,0.998,0.444,2.321,0.158,2.889,1.955,1.849,0.18,2.753,1.46,0.796,0.042,1.041,0.708,0.899,0.068,1.266,0.75,0.048,0.02,0.111,-0.011,0.132,0.021,0.196,0.076,0.0
AGC_108,04/07/2025,Sentinel-2,0.382,0.078,0.652,0.213,0.261,0.066,0.537,0.139,0.362,0.03,0.462,0.272,0.347,0.024,0.42,0.235,0.357,0.05,0.551,0.181,0.17,0.04,0.349,-0.02,0.026,0.001,0.03,0.023,0.238,0.122,0.801,0.041,0.284,0.057,0.452,0.152,0.212,0.049,0.405,0.122,,,,,0.2,0.03,0.292,0.13,1.504,0.096,1.824,1.298,0.03,0.051,0.197,-0.098,0.228,0.07,0.439,0.047,0.946,0.094,1.217,0.671,0.634,0.092,0.911,0.39,2.068,0.113,2.446,1.613,2.132,0.256,3.452,1.441,1.03,0.098,1.472,0.836,1.055,0.101,1.445,0.855,0.059,0.013,0.094,-0.008,0.145,0.015,0.178,0.078,0.0
AGC_108,12/03/2023,Sentinel-2,0.125,0.012,0.193,0.093,0.089,0.011,0.139,0.058,0.4,0.027,0.489,0.33,0.386,0.027,0.469,0.315,0.279,0.034,0.397,0.194,0.207,0.031,0.286,0.13,0.02,0.0,0.021,0.02,-0.041,0.016,0.036,-0.083,0.067,0.012,0.099,0.036,0.078,0.009,0.119,0.053,,,,,0.077,0.015,0.126,0.049,1.166,0.035,1.288,1.103,-0.16,0.03,-0.078,-0.241,-0.084,0.027,-0.009,-0.156,1.383,0.084,1.637,1.169,1.186,0.064,1.37,1.019,2.262,0.145,2.77,1.921,1.778,0.13,2.317,1.482,0.786,0.018,0.839,0.732,0.747,0.027,0.835,0.677,0.102,0.017,0.147,0.062,0.145,0.02,0.21,0.096,0.0
AGC_108,18/10/2023,Sentinel-2,0.215,0.05,0.531,0.144,0.14,0.04,0.415,0.093,0.414,0.022,0.495,0.344,0.403,0.024,0.459,0.318,0.323,0.035,0.521,0.226,0.234,0.03,0.389,0.146,0.022,0.001,0.026,0.022,0.045,0.067,0.546,-0.028,0.129,0.036,0.335,0.07,0.123,0.031,0.331,0.085,,,,,0.097,0.016,0.165,0.063,1.215,0.04,1.394,1.135,-0.116,0.035,0.074,-0.208,-0.019,0.043,0.221,-0.133,1.266,0.087,1.527,0.863,1.043,0.084,1.308,0.637,2.355,0.132,2.698,1.933,1.964,0.165,3.172,1.583,0.834,0.05,1.191,0.766,0.807,0.052,1.155,0.712,0.107,0.013,0.153,0.068,0.158,0.016,0.204,0.11,0.0
AGC_108,25/05/2024,Sentinel-2,0.138,0.022,0.3,0.101,0.107,0.019,0.255,0.065,0.435,0.027,0.494,0.362,0.412,0.028,0.474,0.334,0.3,0.035,0.436,0.212,0.236,0.031,0.335,0.155,0.021,0.0,0.022,0.021,-0.012,0.029,0.22,-0.073,0.071,0.018,0.167,0.035,0.093,0.015,0.207,0.059,,,,,0.069,0.012,0.119,0.045,1.149,0.028,1.27,1.094,-0.169,0.028,-0.086,-0.246,-0.101,0.028,0.034,-0.175,1.411,0.082,1.652,1.187,1.228,0.07,1.423,0.935,2.406,0.16,2.802,2.002,1.866,0.145,2.548,1.539,0.775,0.018,0.909,0.734,0.733,0.028,0.857,0.664,0.118,0.017,0.162,0.074,0.156,0.02,0.214,0.107,0.0
AGC_108,30/07/2022,Sentinel-2,0.2,0.04,0.331,0.126,0.135,0.033,0.247,0.072,0.417,0.029,0.529,0.322,0.408,0.03,0.496,0.313,0.331,0.044,0.492,0.214,0.231,0.042,0.369,0.107,0.021,0.0,0.022,0.021,0.032,0.05,0.206,-0.06,0.131,0.026,0.204,0.048,0.116,0.026,0.201,0.067,,,,,0.109,0.014,0.15,0.073,1.244,0.035,1.353,1.157,-0.141,0.03,-0.056,-0.276,-0.033,0.027,0.042,-0.155,1.33,0.084,1.761,1.119,1.069,0.058,1.366,0.919,2.388,0.172,2.968,1.912,2.002,0.199,2.936,1.545,0.837,0.032,0.989,0.755,0.781,0.032,0.878,0.646,0.107,0.019,0.164,0.05,0.165,0.022,0.245,0.104,0.0
AGC_108,31/12/2024,Sentinel-2,0.254,0.041,0.445,0.187,0.2,0.033,0.337,0.142,0.46,0.021,0.52,0.38,0.426,0.023,0.499,0.341,0.314,0.037,0.468,0.198,0.146,0.038,0.276,0.037,0.022,0.0,0.024,0.022,0.156,0.06,0.401,0.047,0.184,0.041,0.354,0.117,0.177,0.027,0.28,0.125,,,,,0.176,0.014,0.221,0.122,1.428,0.043,1.567,1.278,-0.065,0.033,0.038,-0.147,0.112,0.041,0.236,0.003,1.142,0.076,1.346,0.928,0.801,0.066,0.994,0.619,2.49,0.142,2.991,2.033,1.924,0.165,2.76,1.494,0.772,0.033,0.944,0.708,0.842,0.04,0.976,0.757,0.06,0.016,0.115,0.015,0.146,0.017,0.203,0.086,0.0
AGC_108,31/12/2025,Sentinel-2,0.21,0.05,0.39,0.103,0.147,0.038,0.273,0.044,0.361,0.077,0.465,-0.035,0.368,0.056,0.472,0.074,0.297,0.049,0.469,0.111,0.127,0.054,0.303,-0.093,0.022,0.0,0.023,0.021,0.045,0.062,0.256,-0.115,0.152,0.045,0.307,0.061,0.123,0.032,0.223,0.035,,,,,0.177,0.022,0.242,0.126,1.433,0.066,1.637,1.289,-0.093,0.052,0.186,-0.27,0.085,0.064,0.409,-0.127,1.213,0.123,1.739,0.686,0.85,0.106,1.292,0.419,2.185,0.257,2.786,1.161,1.859,0.203,2.766,1.249,0.856,0.078,1.17,0.752,0.84,0.072,1.313,0.684,0.055,0.024,0.126,-0.036,0.143,0.025,0.234,0.049,0.0
AGC_119,01/08/2022,Landsat,,,,,,,,,,,,,,,,,,,,,,,,,,,,,,,,,,,,,,,,,,,,,,,,,,,,,,,,,,,,,,,,,,,,,,,,,,,,,,,,,,,,,,,,,,,,,100.0
AGC_119,01/10/2024,Landsat,,,,,,,,,,,,,,,,,,,,,,,,,,,,,,,,,,,,,,,,,,,,,,,,,,,,,,,,,,,,,,,,,,,,,,,,,,,,,,,,,,,,,,,,,,,,,100.0
AGC_119,05/01/2022,Landsat,,,,,,,,,,,,,,,,,,,,,,,,,,,,,,,,,,,,,,,,,-0.65,0.009,-0.636,-0.668,,,,,,,,,,,,,,,,,,,,,,,,,,,,,,,,,,,,,,,,,,,,,,,,,0.0
AGC_119,09/02/2023,Landsat,,,,,,,,,,,,,,,,,,,,,,,,,,,,,,,,,,,,,,,,,-0.631,0.013,-0.612,-0.656,,,,,,,,,,,,,,,,,,,,,,,,,,,,,,,,,,,,,,,,,,,,,,,,,0.0
AGC_119,12/08/2023,Landsat,,,,,,,,,,,,,,,,,,,,,,,,,,,,,,,,,,,,,,,,,,,,,,,,,,,,,,,,,,,,,,,,,,,,,,,,,,,,,,,,,,,,,,,,,,,,,100.0
AGC_119,13/05/2025,Landsat,,,,,,,,,,,,,,,,,,,,,,,,,,,,,,,,,,,,,,,,,-0.621,0.014,-0.589,-0.64,,,,,,,,,,,,,,,,,,,,,,,,,,,,,,,,,,,,,,,,,,,,,,,,,0.0
AGC_119,20/02/2024,Landsat,,,,,,,,,,,,,,,,,,,,,,,,,,,,,,,,,,,,,,,,,-0.637,0.015,-0.61,-0.669,,,,,,,,,,,,,,,,,,,,,,,,,,,,,,,,,,,,,,,,,,,,,,,,,0.0
AGC_119,31/12/2025,Landsat,,,,,,,,,,,,,,,,,,,,,,,,,,,,,,,,,,,,,,,,,-0.634,0.015,-0.607,-0.657,,,,,,,,,,,,,,,,,,,,,,,,,,,,,,,,,,,,,,,,,,,,,,,,,0.0
AGC_119,01/01/2022,Sentinel-2,0.317,0.094,0.622,0.153,0.19,0.067,0.386,0.079,0.354,0.056,0.441,0.227,0.381,0.056,0.506,0.228,0.341,0.082,0.596,0.15,0.174,0.084,0.443,-0.017,0.024,0.001,0.029,0.022,0.124,0.111,0.448,-0.061,0.249,0.079,0.437,0.094,0.16,0.052,0.297,0.066,,,,,0.179,0.036,0.296,0.115,1.44,0.111,1.842,1.26,-0.025,0.092,0.192,-0.32,0.152,0.105,0.389,-0.162,1.072,0.212,1.943,0.678,0.751,0.167,1.386,0.44,2.258,0.29,3.052,1.592,2.086,0.426,3.955,1.354,0.92,0.109,1.305,0.767,0.946,0.127,1.359,0.66,0.068,0.035,0.183,-0.006,0.15,0.04,0.282,0.061,0.0
AGC_119,04/07/2025,Sentinel-2,0.557,0.089,0.738,0.345,0.379,0.077,0.582,0.219,0.34,0.025,0.399,0.285,0.336,0.037,0.432,0.26,0.431,0.071,0.576,0.248,0.178,0.069,0.314,0.02,0.03,0.002,0.034,0.026,0.458,0.151,0.9,0.174,0.448,0.068,0.627,0.276,0.297,0.053,0.43,0.186,,,,,0.276,0.032,0.339,0.213,1.768,0.122,2.027,1.541,0.17,0.062,0.314,0.019,0.424,0.076,0.591,0.235,0.714,0.092,0.963,0.522,0.409,0.078,0.62,0.257,2.02,0.176,2.519,1.703,2.572,0.448,3.717,1.66,1.268,0.152,1.667,0.972,1.377,0.168,1.853,1.069,0.044,0.016,0.09,0.006,0.142,0.018,0.184,0.097,0.0
AGC_119,12/03/2023,Sentinel-2,0.186,0.075,0.374,0.091,0.131,0.05,0.265,0.065,0.392,0.041,0.495,0.304,0.372,0.051,0.502,0.252,0.277,0.076,0.497,0.119,0.174,0.08,0.414,-0.012,0.021,0.001,0.023,0.021,0.027,0.077,0.243,-0.077,0.129,0.055,0.27,0.038,0.113,0.039,0.217,0.057,,,,,0.109,0.027,0.168,0.061,1.247,0.069,1.403,1.13,-0.097,0.059,0.061,-0.226,0.012,0.079,0.217,-0.141,1.224,0.143,1.583,0.885,0.988,0.151,1.328,0.644,2.206,0.279,3.016,1.674,1.802,0.338,2.979,1.27,0.813,0.063,0.995,0.737,0.82,0.071,1.079,0.693,0.08,0.037,0.193,-0.005,0.135,0.038,0.252,0.057,0.0
AGC_119,23/10/2023,Sentinel-2,0.232,0.094,0.521,0.126,0.168,0.069,0.396,0.093,0.309,0.039,0.4,0.229,0.308,0.047,0.431,0.211,0.259,0.075,0.474,0.142,0.148,0.071,0.336,-0.015,0.022,0.001,0.026,0.021,0.072,0.106,0.449,-0.044,0.201,0.071,0.379,0.095,0.135,0.051,0.298,0.076,,,,,0.117,0.034,0.194,0.049,1.267,0.087,1.482,1.103,-0.028,0.058,0.107,-0.134,0.088,0.082,0.28,-0.06,1.065,0.12,1.309,0.806,0.848,0.137,1.127,0.563,1.904,0.201,2.515,1.533,1.731,0.301,2.802,1.33,0.904,0.077,1.114,0.808,0.932,0.087,1.164,0.814,0.062,0.028,0.127,-0.006,0.117,0.03,0.188,0.063,0.0
AGC_119,30/05/2024,Sentinel-2,0.178,0.07,0.378,0.095,0.135,0.048,0.279,0.078,0.375,0.04,0.477,0.283,0.35,0.055,0.497,0.228,0.257,0.08,0.476,0.108,0.159,0.081,0.389,-0.019,0.021,0.001,0.023,0.021,0.03,0.071,0.251,-0.055,0.135,0.055,0.276,0.053,0.114,0.036,0.221,0.07,,,,,0.103,0.03,0.164,0.049,1.231,0.075,1.391,1.104,-0.084,0.044,0.02,-0.25,0.019,0.064,0.181,-0.147,1.188,0.106,1.666,0.961,0.971,0.122,1.345,0.694,2.098,0.274,2.973,1.592,1.727,0.335,2.814,1.242,0.818,0.059,1.007,0.747,0.834,0.049,0.958,0.691,0.072,0.036,0.191,-0.008,0.124,0.038,0.252,0.051,0.0
AGC_119,30/07/2022,Sentinel-2,0.322,0.079,0.524,0.209,0.222,0.049,0.338,0.144,0.384,0.043,0.494,0.293,0.354,0.054,0.515,0.267,0.31,0.082,0.552,0.178,0.161,0.086,0.424,-0.003,0.024,0.001,0.026,0.022,0.183,0.083,0.382,0.058,0.281,0.048,0.395,0.186,0.189,0.037,0.273,0.13,,,,,0.157,0.026,0.25,0.116,1.376,0.076,1.666,1.263,0.013,0.042,0.142,-0.077,0.17,0.057,0.378,0.075,0.977,0.081,1.166,0.752,0.713,0.08,0.86,0.451,2.122,0.285,3.124,1.729,1.944,0.398,3.467,1.433,0.909,0.07,1.134,0.796,0.985,0.065,1.211,0.886,0.061,0.031,0.15,-0.001,0.132,0.033,0.229,0.079,0.0
AGC_119,31/12/2024,Sentinel-2,0.35,0.1,0.63,0.163,0.223,0.077,0.424,0.092,0.364,0.068,0.481,0.202,0.385,0.064,0.539,0.203,0.351,0.089,0.607,0.145,0.166,0.092,0.433,-0.025,0.025,0.002,0.029,0.022,0.18,0.135,0.576,-0.037,0.282,0.083,0.481,0.105,0.186,0.059,0.341,0.08,,,,,0.198,0.033,0.269,0.123,1.499,0.101,1.737,1.279,0.0,0.088,0.191,-0.291,0.197,0.099,0.431,-0.088,1.016,0.188,1.822,0.68,0.683,0.144,1.194,0.397,2.287,0.339,3.342,1.51,2.147,0.489,4.091,1.338,0.934,0.11,1.3,0.791,0.984,0.129,1.359,0.683,0.06,0.033,0.151,-0.008,0.149,0.039,0.271,0.061,0.0
AGC_119,31/12/2025,Sentinel-2,0.359,0.075,0.529,0.222,0.243,0.06,0.37,0.105,0.306,0.068,0.442,0.101,0.343,0.06,0.51,0.145,0.346,0.08,0.598,0.114,0.107,0.097,0.371,-0.162,0.024,0.001,0.026,0.022,0.186,0.097,0.392,-0.036,0.308,0.052,0.412,0.171,0.19,0.045,0.277,0.08,,,,,0.249,0.027,0.309,0.185,1.668,0.095,1.894,1.454,0.015,0.085,0.193,-0.191,0.262,0.088,0.442,-0.002,0.984,0.169,1.471,0.676,0.593,0.116,1.004,0.387,2.069,0.279,3.08,1.34,2.106,0.416,3.974,1.258,1.015,0.113,1.29,0.831,1.03,0.122,1.367,0.773,0.038,0.034,0.127,-0.051,0.146,0.038,0.26,0.043,0.0
AGC_129,03/07/2023,Landsat,,,,,,,,,,,,,,,,,,,,,,,,,,,,,,,,,,,,,,,,,-0.642,0.009,-0.621,-0.668,,,,,,,,,,,,,,,,,,,,,,,,,,,,,,,,,,,,,,,,,,,,,,,,,54.89
AGC_129,05/01/2022,Landsat,,,,,,,,,,,,,,,,,,,,,,,,,,,,,,,,,,,,,,,,,-0.65,0.012,-0.623,-0.682,,,,,,,,,,,,,,,,,,,,,,,,,,,,,,,,,,,,,,,,,,,,,,,,,0.0
AGC_129,14/08/2024,Landsat,,,,,,,,,,,,,,,,,,,,,,,,,,,,,,,,,,,,,,,,,-0.651,0.008,-0.63,-0.669,,,,,,,,,,,,,,,,,,,,,,,,,,,,,,,,,,,,,,,,,,,,,,,,,0.0
AGC_129,19/04/2025,Landsat,,,,,,,,,,,,,,,,,,,,,,,,,,,,,,,,,,,,,,,,,-0.654,0.01,-0.631,-0.681,,,,,,,,,,,,,,,,,,,,,,,,,,,,,,,,,,,,,,,,,,,,,,,,,0.0
AGC_129,21/01/2023,Landsat,,,,,,,,,,,,,,,,,,,,,,,,,,,,,,,,,,,,,,,,,,,,,,,,,,,,,,,,,,,,,,,,,,,,,,,,,,,,,,,,,,,,,,,,,,,,,
AGC_129,26/12/2023,Landsat,,,,,,,,,,,,,,,,,,,,,,,,,,,,,,,,,,,,,,,,,,,,,,,,,,,,,,,,,,,,,,,,,,,,,,,,,,,,,,,,,,,,,,,,,,,,,100.0
AGC_129,30/07/2022,Landsat,,,,,,,,,,,,,,,,,,,,,,,,,,,,,,,,,,,,,,,,,-0.655,0.007,-0.642,-0.67,,,,,,,,,,,,,,,,,,,,,,,,,,,,,,,,,,,,,,,,,,,,,,,,,0.0
AGC_129,31/12/2025,Landsat,,,,,,,,,,,,,,,,,,,,,,,,,,,,,,,,,,,,,,,,,-0.62,0.019,-0.582,-0.66,,,,,,,,,,,,,,,,,,,,,,,,,,,,,,,,,,,,,,,,,,,,,,,,,0.0
AGC_129,01/01/2022,Sentinel-2,0.215,0.078,0.57,0.111,0.124,0.052,0.393,0.035,0.33,0.056,0.477,0.081,0.348,0.044,0.469,0.164,0.273,0.06,0.532,0.069,0.165,0.059,0.428,-0.076,0.023,0.001,0.027,0.021,0.018,0.085,0.481,-0.124,0.164,0.069,0.477,0.035,0.108,0.042,0.309,0.029,,,,,0.114,0.042,0.298,0.054,1.262,0.115,1.849,1.114,-0.061,0.065,0.277,-0.334,0.052,0.093,0.486,-0.271,1.14,0.144,2.005,0.566,0.915,0.156,1.743,0.346,2.081,0.205,2.769,1.393,1.773,0.257,3.269,1.148,0.852,0.084,1.303,0.744,0.875,0.092,1.483,0.655,0.073,0.027,0.235,-0.023,0.128,0.028,0.278,0.03,0.0
AGC_129,04/07/2025,Sentinel-2,0.431,0.107,0.789,0.167,0.262,0.094,0.768,0.092,0.293,0.045,0.463,0.139,0.302,0.039,0.476,0.186,0.341,0.077,0.553,0.15,0.148,0.06,0.344,-0.052,0.028,0.002,0.037,0.023,0.247,0.176,1.619,-0.054,0.337,0.084,0.63,0.172,0.213,0.069,0.555,0.07,,,,,0.204,0.04,0.333,0.124,1.521,0.131,1.999,1.283,0.111,0.065,0.419,-0.061,0.306,0.087,0.637,0.091,0.807,0.103,1.129,0.409,0.538,0.102,0.834,0.222,1.873,0.17,2.819,1.458,2.076,0.379,3.476,1.353,1.104,0.143,1.761,0.844,1.209,0.164,2.292,0.904,0.045,0.015,0.095,-0.016,0.125,0.02,0.194,0.054,0.0
AGC_129,12/03/2023,Sentinel-2,0.193,0.054,0.421,0.043,0.137,0.043,0.297,0.018,0.402,0.115,0.515,-0.004,0.402,0.094,0.547,0.054,0.311,0.079,0.524,0.057,0.134,0.095,0.369,-0.226,0.022,0.0,0.024,0.02,0.036,0.069,0.281,-0.148,0.128,0.05,0.385,0.053,0.118,0.036,0.233,0.015,,,,,0.186,0.026,0.3,0.12,1.461,0.081,1.858,1.274,-0.127,0.065,0.168,-0.283,0.06,0.082,0.387,-0.095,1.303,0.162,1.789,0.713,0.898,0.138,1.21,0.442,2.415,0.451,3.413,1.115,1.94,0.318,3.198,1.121,0.812,0.075,1.105,0.721,0.789,0.086,1.202,0.65,0.06,0.042,0.153,-0.092,0.155,0.042,0.282,0.027,0.2111932418162618
AGC_129,23/10/2023,Sentinel-2,0.275,0.069,0.517,0.123,0.179,0.062,0.427,0.048,0.238,0.156,0.391,-0.3,0.278,0.129,0.391,-0.179,0.279,0.094,0.42,-0.073,0.107,0.106,0.284,-0.277,0.023,0.001,0.026,0.021,0.081,0.098,0.495,-0.114,0.226,0.064,0.474,0.119,0.14,0.047,0.314,0.036,,,,,0.179,0.028,0.27,0.107,1.438,0.086,1.74,1.24,-0.005,0.084,0.25,-0.18,0.172,0.099,0.443,-0.051,1.024,0.16,1.439,0.599,0.719,0.138,1.108,0.386,1.838,0.377,2.282,0.696,1.813,0.299,2.451,0.865,1.004,0.102,1.322,0.861,1.001,0.144,1.485,0.817,0.043,0.041,0.124,-0.104,0.124,0.042,0.195,-0.03,0.0
AGC_129,30/05/2024,Sentinel-2,0.159,0.065,0.517,0.092,0.106,0.045,0.361,0.056,0.38,0.046,0.494,0.257,0.37,0.041,0.487,0.239,0.259,0.055,0.466,0.104,0.192,0.056,0.384,0.006,0.022,0.001,0.026,0.021,-0.01,0.069,0.397,-0.089,0.123,0.052,0.446,0.066,0.093,0.035,0.279,0.05,,,,,0.07,0.037,0.247,0.035,1.155,0.093,1.657,1.072,-0.104,0.05,0.12,-0.217,-0.034,0.079,0.333,-0.164,1.239,0.12,1.553,0.786,1.083,0.157,1.392,0.501,2.187,0.208,2.897,1.627,1.715,0.222,2.747,1.232,0.784,0.06,1.166,0.704,0.802,0.068,1.241,0.689,0.092,0.028,0.179,0.002,0.128,0.026,0.237,0.048,0.0
AGC_129,30/07/2022,Sentinel-2,0.625,0.091,0.844,0.352,0.489,0.126,0.926,0.246,0.334,0.036,0.467,0.209,0.301,0.04,0.43,0.148,0.436,0.06,0.607,0.063,0.168,0.059,0.399,-0.282,0.034,0.003,0.04,0.027,0.726,0.334,2.866,0.22,0.571,0.091,0.828,0.346,0.373,0.081,0.647,0.207,,,,,0.29,0.046,0.388,0.161,1.83,0.182,2.27,1.384,0.269,0.091,0.503,0.052,0.513,0.104,0.732,0.242,0.585,0.114,0.9,0.331,0.328,0.094,0.61,0.155,1.87,0.169,2.512,1.348,2.589,0.384,4.083,1.133,1.393,0.222,2.105,0.835,1.671,0.329,2.811,1.069,0.036,0.015,0.105,-0.077,0.124,0.016,0.185,0.021,0.0
AGC_129,31/12/2024,Sentinel-2,0.267,0.1,0.569,0.131,0.159,0.075,0.395,0.04,0.305,0.061,0.433,0.047,0.33,0.047,0.443,0.132,0.275,0.066,0.495,0.05,0.155,0.062,0.366,-0.073,0.023,0.001,0.027,0.021,0.074,0.124,0.51,-0.118,0.215,0.09,0.479,0.057,0.135,0.059,0.319,0.033,,,,,0.126,0.04,0.284,0.048,1.292,0.109,1.794,1.101,-0.007,0.074,0.269,-0.275,0.118,0.099,0.483,-0.173,1.024,0.148,1.757,0.576,0.803,0.154,1.419,0.348,2.0,0.2,2.59,1.305,1.783,0.267,2.959,1.105,0.891,0.094,1.298,0.755,0.958,0.121,1.508,0.726,0.063,0.025,0.176,-0.028,0.121,0.026,0.246,0.022,0.0
AGC_129,31/12/2025,Sentinel-2,0.334,0.069,0.522,0.129,0.198,0.069,0.414,0.041,0.161,0.185,0.451,-0.371,0.22,0.148,0.494,-0.25,0.246,0.112,0.531,-0.084,-0.028,0.139,0.335,-0.395,0.024,0.001,0.026,0.021,0.117,0.116,0.517,-0.121,0.296,0.071,0.484,0.141,0.157,0.056,0.321,0.031,,,,,0.275,0.039,0.396,0.172,1.766,0.15,2.31,1.415,0.094,0.102,0.377,-0.201,0.355,0.119,0.635,0.0,0.845,0.177,1.502,0.453,0.488,0.137,1.001,0.223,1.648,0.461,2.95,0.6,1.709,0.389,3.267,0.844,1.062,0.13,1.516,0.844,1.162,0.179,1.841,0.753,-0.007,0.047,0.138,-0.117,0.1,0.049,0.246,-0.032,0.0
AGC_183,05/01/2022,Landsat,,,,,,,,,,,,,,,,,,,,,,,,,,,,,,,,,,,,,,,,,-0.634,0.015,-0.585,-0.649,,,,,,,,,,,,,,,,,,,,,,,,,,,,,,,,,,,,,,,,,,,,,,,,,0.0
AGC_183,05/05/2025,Landsat,,,,,,,,,,,,,,,,,,,,,,,,,,,,,,,,,,,,,,,,,-0.638,0.01,-0.609,-0.654,,,,,,,,,,,,,,,,,,,,,,,,,,,,,,,,,,,,,,,,,,,,,,,,,0.0
AGC_183,15/09/2024,Landsat,,,,,,,,,,,,,,,,,,,,,,,,,,,,,,,,,,,,,,,,,,,,,,,,,,,,,,,,,,,,,,,,,,,,,,,,,,,,,,,,,,,,,,,,,,,,,100.0
AGC_183,16/01/2023,Landsat,,,,,,,,,,,,,,,,,,,,,,,,,,,,,,,,,,,,,,,,,-0.636,0.021,-0.574,-0.661,,,,,,,,,,,,,,,,,,,,,,,,,,,,,,,,,,,,,,,,,,,,,,,,,0.0
AGC_183,24/07/2022,Landsat,,,,,,,,,,,,,,,,,,,,,,,,,,,,,,,,,,,,,,,,,-0.637,0.015,-0.597,-0.658,,,,,,,,,,,,,,,,,,,,,,,,,,,,,,,,,,,,,,,,,,,,,,,,,0.0
AGC_183,27/01/2024,Landsat,,,,,,,,,,,,,,,,,,,,,,,,,,,,,,,,,,,,,,,,,-0.629,0.015,-0.59,-0.656,,,,,,,,,,,,,,,,,,,,,,,,,,,,,,,,,,,,,,,,,,,,,,,,,0.0
AGC_183,27/07/2023,Landsat,,,,,,,,,,,,,,,,,,,,,,,,,,,,,,,,,,,,,,,,,,,,,,,,,,,,,,,,,,,,,,,,,,,,,,,,,,,,,,,,,,,,,,,,,,,,,100.0
AGC_183,31/12/2025,Landsat,,,,,,,,,,,,,,,,,,,,,,,,,,,,,,,,,,,,,,,,,-0.628,0.017,-0.559,-0.65,,,,,,,,,,,,,,,,,,,,,,,,,,,,,,,,,,,,,,,,,,,,,,,,,0.0
AGC_183,01/01/2022,Sentinel-2,0.174,0.03,0.349,0.012,0.112,0.021,0.225,0.008,0.345,0.031,0.459,0.101,0.354,0.039,0.457,0.062,0.284,0.049,0.441,-0.026,0.205,0.057,0.364,-0.133,0.021,0.0,0.022,0.02,-0.009,0.033,0.169,-0.161,0.108,0.02,0.232,0.069,0.095,0.018,0.184,0.007,,,,,0.085,0.016,0.141,0.054,1.186,0.04,1.329,1.114,-0.116,0.044,0.174,-0.23,-0.032,0.053,0.276,-0.164,1.268,0.105,1.597,0.703,1.071,0.106,1.391,0.568,2.108,0.167,2.681,1.132,1.807,0.176,2.575,0.949,0.856,0.03,0.988,0.77,0.815,0.042,1.122,0.717,0.097,0.028,0.18,-0.053,0.141,0.026,0.227,-0.011,2.453271028037383
AGC_183,04/08/2022,Sentinel-2,0.584,0.135,0.827,-0.022,0.505,0.133,0.849,-0.013,0.377,0.045,0.448,0.072,0.358,0.055,0.446,0.007,0.433,0.099,0.597,-0.052,0.23,0.079,0.382,-0.195,0.032,0.003,0.039,0.02,0.753,0.315,2.058,-0.188,0.566,0.126,0.851,0.129,0.38,0.091,0.599,-0.01,,,,,0.228,0.048,0.357,0.122,1.602,0.164,2.109,1.279,0.216,0.087,0.467,-0.166,0.419,0.114,0.706,-0.026,0.653,0.124,1.398,0.363,0.419,0.12,1.054,0.172,2.133,0.213,2.611,1.014,2.612,0.509,3.968,0.902,1.216,0.172,1.841,0.84,1.482,0.27,2.555,0.82,0.055,0.021,0.104,-0.071,0.131,0.023,0.174,-0.02,2.336448598130841
AGC_183,12/03/2023,Sentinel-2,0.11,0.019,0.192,0.01,0.097,0.018,0.171,0.008,0.251,0.031,0.351,0.129,0.269,0.032,0.342,0.109,0.203,0.04,0.297,0.024,0.143,0.049,0.256,-0.07,0.02,0.0,0.021,0.02,-0.052,0.02,0.035,-0.162,0.064,0.017,0.135,0.0,0.071,0.012,0.118,0.006,,,,,0.062,0.016,0.103,0.037,1.134,0.036,1.229,1.077,-0.095,0.034,0.062,-0.166,-0.033,0.043,0.154,-0.11,1.214,0.079,1.399,0.883,1.073,0.087,1.246,0.734,1.74,0.116,2.041,1.246,1.517,0.12,1.843,1.05,0.872,0.033,0.944,0.777,0.844,0.03,0.989,0.768,0.069,0.025,0.122,-0.031,0.102,0.021,0.146,0.011,47.780373831775705
AGC_183,18/10/2023,Sentinel-2,0.226,0.06,0.499,-0.029,0.143,0.042,0.348,-0.017,0.423,0.058,0.508,0.01,0.412,0.068,0.51,-0.02,0.336,0.067,0.5,-0.115,0.216,0.064,0.364,-0.288,0.022,0.001,0.025,0.02,0.051,0.068,0.413,-0.193,0.139,0.049,0.372,0.039,0.126,0.034,0.285,-0.013,,,,,0.13,0.021,0.194,0.055,1.3,0.054,1.481,1.116,-0.12,0.062,0.21,-0.242,0.01,0.067,0.374,-0.14,1.282,0.147,1.638,0.653,0.988,0.123,1.327,0.455,2.437,0.304,3.078,0.961,2.037,0.251,2.996,0.794,0.838,0.056,1.118,0.752,0.805,0.08,1.201,0.671,0.097,0.029,0.173,-0.112,0.164,0.034,0.235,-0.049,2.102803738317757
AGC_183,20/05/2024,Sentinel-2,0.14,0.037,0.481,-0.026,0.101,0.029,0.406,-0.018,0.391,0.036,0.457,0.094,0.386,0.047,0.482,0.064,0.3,0.055,0.453,-0.02,0.257,0.063,0.392,-0.104,0.021,0.0,0.025,0.02,-0.027,0.046,0.488,-0.196,0.079,0.029,0.312,0.001,0.085,0.023,0.312,-0.015,,,,,0.046,0.014,0.112,0.029,1.096,0.031,1.253,1.06,-0.167,0.049,0.088,-0.254,-0.123,0.06,0.188,-0.22,1.41,0.128,1.682,0.839,1.289,0.141,1.566,0.683,2.271,0.211,2.863,1.136,1.872,0.201,2.659,0.961,0.823,0.029,1.083,0.724,0.752,0.051,1.132,0.674,0.131,0.034,0.204,-0.048,0.156,0.03,0.228,-0.01,1.6355140186915886
AGC_183,26/06/2025,Sentinel-2,,,,,,,,,,,,,,,,,,,,,,,,,,,,,,,,,,,,,,,,,,,,,,,,,,,,,,,,,,,,,,,,,,,,,,,,,,,,,,,,,,,,,,,,,,,,,100.0
AGC_183,26/12/2024,Sentinel-2,0.18,0.033,0.339,-0.017,0.125,0.029,0.237,-0.01,0.421,0.045,0.508,0.161,0.416,0.053,0.528,0.129,0.317,0.066,0.49,0.025,0.169,0.068,0.345,-0.125,0.021,0.0,0.022,0.02,0.018,0.047,0.191,-0.186,0.11,0.032,0.267,0.023,0.109,0.025,0.194,-0.009,,,,,0.158,0.015,0.192,0.099,1.376,0.043,1.475,1.219,-0.146,0.069,0.117,-0.339,0.012,0.07,0.273,-0.174,1.357,0.194,2.025,0.791,0.987,0.142,1.421,0.571,2.451,0.284,3.24,1.297,1.957,0.279,2.923,1.051,0.797,0.049,0.99,0.719,0.763,0.064,1.041,0.598,0.078,0.034,0.177,-0.049,0.162,0.04,0.282,0.011,4.322429906542056
AGC_183,31/12/2025,Sentinel-2,0.164,0.05,0.431,-0.028,0.104,0.037,0.318,-0.019,0.346,0.051,0.461,-0.024,0.369,0.063,0.491,-0.061,0.301,0.075,0.452,-0.2,0.181,0.077,0.314,-0.295,0.021,0.0,0.024,0.02,-0.024,0.056,0.311,-0.2,0.108,0.041,0.307,0.048,0.086,0.03,0.245,-0.017,,,,,0.128,0.027,0.208,0.083,1.295,0.072,1.525,1.182,-0.145,0.069,0.254,-0.266,-0.018,0.078,0.347,-0.128,1.351,0.169,1.726,0.595,1.047,0.144,1.293,0.485,2.194,0.259,2.926,0.884,1.889,0.253,2.651,0.667,0.86,0.036,1.078,0.739,0.787,0.07,1.175,0.661,0.086,0.036,0.151,-0.128,0.154,0.039,0.237,-0.086,3.154205607476636
AGC_186,02/02/2023,Landsat,,,,,,,,,,,,,,,,,,,,,,,,,,,,,,,,,,,,,,,,,,,,,,,,,,,,,,,,,,,,,,,,,,,,,,,,,,,,,,,,,,,,,,,,,,,,,
AGC_186,02/10/2024,Landsat,,,,,,,,,,,,,,,,,,,,,,,,,,,,,,,,,,,,,,,,,,,,,,,,,,,,,,,,,,,,,,,,,,,,,,,,,,,,,,,,,,,,,,,,,,,,,
AGC_186,05/01/2022,Landsat,,,,,,,,,,,,,,,,,,,,,,,,,,,,,,,,,,,,,,,,,-0.601,0.013,-0.572,-0.638,,,,,,,,,,,,,,,,,,,,,,,,,,,,,,,,,,,,,,,,,,,,,,,,,0.0
AGC_186,14/05/2025,Landsat,,,,,,,,,,,,,,,,,,,,,,,,,,,,,,,,,,,,,,,,,,,,,,,,,,,,,,,,,,,,,,,,,,,,,,,,,,,,,,,,,,,,,,,,,,,,,
AGC_186,19/08/2023,Landsat,,,,,,,,,,,,,,,,,,,,,,,,,,,,,,,,,,,,,,,,,,,,,,,,,,,,,,,,,,,,,,,,,,,,,,,,,,,,,,,,,,,,,,,,,,,,,100.0
AGC_186,21/02/2024,Landsat,,,,,,,,,,,,,,,,,,,,,,,,,,,,,,,,,,,,,,,,,,,,,,,,,,,,,,,,,,,,,,,,,,,,,,,,,,,,,,,,,,,,,,,,,,,,,
AGC_186,30/07/2022,Landsat,,,,,,,,,,,,,,,,,,,,,,,,,,,,,,,,,,,,,,,,,,,,,,,,,,,,,,,,,,,,,,,,,,,,,,,,,,,,,,,,,,,,,,,,,,,,,
AGC_186,31/12/2025,Landsat,,,,,,,,,,,,,,,,,,,,,,,,,,,,,,,,,,,,,,,,,-0.608,0.021,-0.568,-0.642,,,,,,,,,,,,,,,,,,,,,,,,,,,,,,,,,,,,,,,,,,,,,,,,,0.0
AGC_186,01/01/2022,Sentinel-2,0.197,0.016,0.295,0.145,0.151,0.014,0.23,0.094,0.476,0.021,0.515,0.396,0.456,0.026,0.506,0.357,0.345,0.032,0.429,0.23,0.194,0.041,0.321,0.084,0.021,0.0,0.022,0.021,0.063,0.025,0.203,-0.039,0.09,0.026,0.331,0.039,0.133,0.013,0.199,0.079,,,,,0.162,0.017,0.205,0.079,1.389,0.048,1.516,1.171,-0.159,0.038,-0.02,-0.284,0.003,0.047,0.173,-0.17,1.383,0.107,1.793,1.041,0.998,0.095,1.41,0.705,2.687,0.176,3.048,2.111,2.063,0.146,2.5,1.599,0.767,0.014,0.865,0.731,0.74,0.038,0.9,0.635,0.089,0.021,0.165,0.036,0.175,0.02,0.239,0.108,0.0
AGC_186,04/07/2025,Sentinel-2,0.525,0.113,0.77,0.205,0.383,0.108,0.755,0.133,0.313,0.038,0.438,0.204,0.303,0.041,0.42,0.196,0.41,0.049,0.536,0.233,0.152,0.049,0.311,-0.046,0.03,0.002,0.036,0.023,0.45,0.222,1.494,0.008,0.424,0.102,0.624,0.152,0.29,0.078,0.539,0.104,,,,,0.275,0.039,0.346,0.169,1.767,0.148,2.057,1.406,0.156,0.11,0.408,-0.102,0.408,0.127,0.66,0.083,0.746,0.174,1.227,0.421,0.433,0.137,0.846,0.205,1.88,0.171,2.447,1.488,2.41,0.272,3.31,1.608,1.29,0.166,1.774,0.937,1.375,0.263,2.233,0.857,0.041,0.016,0.09,-0.015,0.139,0.018,0.193,0.095,0.0
AGC_186,12/03/2023,Sentinel-2,0.136,0.009,0.194,0.11,0.109,0.008,0.151,0.085,0.438,0.015,0.499,0.4,0.428,0.016,0.473,0.369,0.331,0.021,0.382,0.255,0.261,0.034,0.31,0.133,0.02,0.0,0.021,0.02,-0.017,0.013,0.068,-0.047,0.048,0.008,0.108,0.009,0.091,0.007,0.135,0.074,,,,,0.077,0.023,0.19,0.049,1.168,0.057,1.47,1.104,-0.205,0.019,-0.125,-0.255,-0.13,0.036,0.022,-0.178,1.517,0.06,1.683,1.286,1.302,0.09,1.434,0.958,2.497,0.099,2.797,2.169,1.994,0.092,2.239,1.685,0.798,0.016,0.829,0.731,0.706,0.016,0.777,0.661,0.133,0.02,0.162,0.061,0.176,0.013,0.209,0.13,0.0
AGC_186,18/10/2023,Sentinel-2,0.208,0.063,0.51,0.151,0.153,0.049,0.424,0.114,0.481,0.018,0.555,0.423,0.479,0.021,0.546,0.398,0.401,0.025,0.489,0.318,0.316,0.043,0.39,0.159,0.022,0.001,0.026,0.022,0.058,0.088,0.586,-0.007,0.087,0.067,0.484,0.032,0.129,0.041,0.344,0.096,,,,,0.097,0.039,0.236,0.054,1.219,0.1,1.619,1.115,-0.21,0.064,0.087,-0.302,-0.115,0.101,0.316,-0.224,1.545,0.184,1.866,0.84,1.286,0.226,1.579,0.519,2.844,0.157,3.409,2.32,2.347,0.138,2.914,1.933,0.826,0.032,1.057,0.744,0.708,0.076,1.152,0.613,0.156,0.031,0.207,0.059,0.21,0.018,0.258,0.15,0.0
AGC_186,25/05/2024,Sentinel-2,0.173,0.025,0.396,0.145,0.142,0.021,0.349,0.115,0.472,0.015,0.506,0.413,0.465,0.019,0.512,0.39,0.376,0.021,0.434,0.308,0.319,0.027,0.382,0.18,0.021,0.0,0.023,0.021,0.033,0.034,0.383,-0.006,0.07,0.028,0.304,0.042,0.117,0.017,0.274,0.097,,,,,0.065,0.016,0.165,0.049,1.14,0.039,1.394,1.104,-0.217,0.03,0.008,-0.283,-0.154,0.044,0.173,-0.227,1.557,0.092,1.79,0.983,1.369,0.109,1.588,0.705,2.745,0.132,3.099,2.277,2.209,0.107,2.531,1.891,0.805,0.018,0.944,0.776,0.694,0.034,0.986,0.631,0.162,0.018,0.204,0.075,0.2,0.014,0.24,0.145,0.0
AGC_186,30/07/2022,Sentinel-2,0.741,0.068,0.845,0.44,0.686,0.097,0.932,0.349,0.38,0.021,0.459,0.283,0.345,0.019,0.414,0.25,0.541,0.052,0.627,0.307,0.241,0.048,0.422,0.057,0.037,0.002,0.041,0.029,1.265,0.334,2.854,0.374,0.705,0.066,0.855,0.41,0.494,0.062,0.646,0.27,,,,,0.347,0.031,0.388,0.208,2.068,0.137,2.266,1.526,0.342,0.06,0.471,0.083,0.614,0.065,0.721,0.293,0.493,0.072,0.846,0.359,0.242,0.054,0.547,0.162,2.057,0.086,2.411,1.665,3.407,0.43,4.355,1.886,1.653,0.178,2.032,1.032,1.971,0.242,2.636,1.169,0.038,0.007,0.071,0.01,0.13,0.007,0.16,0.102,0.0
AGC_186,31/12/2024,Sentinel-2,0.208,0.015,0.256,0.153,0.154,0.017,0.194,0.111,0.494,0.021,0.544,0.413,0.479,0.035,0.554,0.378,0.369,0.047,0.465,0.261,0.224,0.063,0.363,0.097,0.021,0.0,0.021,0.021,0.07,0.032,0.143,-0.009,0.086,0.025,0.247,0.043,0.136,0.016,0.172,0.095,,,,,0.159,0.019,0.204,0.106,1.378,0.054,1.513,1.238,-0.175,0.052,-0.072,-0.301,-0.018,0.069,0.12,-0.178,1.435,0.158,1.861,1.155,1.046,0.15,1.432,0.786,2.856,0.254,3.483,2.214,2.188,0.241,2.735,1.707,0.765,0.027,0.84,0.704,0.722,0.048,0.827,0.614,0.104,0.035,0.183,0.041,0.189,0.031,0.26,0.129,0.0
AGC_186,31/12/2025,Sentinel-2,0.213,0.025,0.328,0.153,0.159,0.019,0.255,0.105,0.443,0.02,0.495,0.379,0.44,0.041,0.521,0.349,0.339,0.068,0.444,0.205,0.156,0.084,0.287,-0.018,0.021,0.0,0.022,0.021,0.07,0.034,0.222,-0.022,0.144,0.038,0.334,0.046,0.136,0.017,0.208,0.088,,,,,0.195,0.016,0.232,0.151,1.484,0.049,1.605,1.356,-0.138,0.067,0.005,-0.288,0.057,0.078,0.23,-0.107,1.334,0.179,1.809,0.99,0.902,0.137,1.239,0.626,2.593,0.264,3.176,2.07,2.059,0.307,2.6,1.515,0.791,0.047,0.91,0.701,0.768,0.057,0.897,0.631,0.069,0.039,0.137,-0.007,0.17,0.04,0.244,0.093,0.0
