Anio,Idestado,Nomestado,Idddr,Nomddr,Idcader,Nomcader,Idmunicipio,Nommunicipio,Idciclo,Nomcicloproductivo,Idmodalidad,Nommodalidad,Idunidadmedida,Nomunidad,Idcultivo,Nomcultivo,Sembrada,Cosechada,Siniestrada,Volumenproduccion,Rendimiento,Precio,Valorproduccion
2003,1,Aguascalientes,1,Aguascalientes,1,Aguascalientes,1,Aguascalientes,1,Otoño-Invierno,1,Riego,200201,Tonelada,5490000,Avena forrajera en verde,1062.0,1062.0,0.0,28529.0,26.86,323.4,9226278.6
2003,1,Aguascalientes,1,Aguascalientes,1,Aguascalientes,10,El Llano,3,Perennes,2,Temporal,200201,Tonelada,9120000,Tuna,149.0,124.0,0.0,289.0,2.33,1000.0,289000.0
2003,1,Aguascalientes,1,Aguascalientes,3,Pabellón,4,Cosío,3,Perennes,1,Riego,200201,Tonelada,15050000,Pastos y praderas,17.0,17.0,0.0,1117.0,65.71,300.0,335100.0
2003,1,Aguascalientes,1,Aguascalientes,3,Pabellón,9,Tepezalá,2,Primavera-Verano,1,Riego,200201,Tonelada,6840000,Frijol,143.0,143.0,0.0,297.0,2.08,4719.36,1401649.92
2003,2,Baja California,2,Ensenada,1,Tijuana,5,Playas de Rosarito,1,Otoño-Invierno,2,Temporal,200201,Tonelada,8170000,Pastos y praderas seco,20.0,20.0,0.0,45.0,2.25,1000.0,45000.0
2003,2,Baja California,2,Ensenada,3,Ensenada,1,Ensenada,2,Primavera-Verano,1,Riego,200201,Tonelada,5370000,Apio,9.0,9.0,0.0,321.93,35.77,2196.42,707093.49
2003,2,Baja California,2,Ensenada,4,San Quintín,1,Ensenada,2,Primavera-Verano,1,Riego,200201,Tonelada,5750000,Semilla de calabacita,3.0,3.0,0.0,1.35,0.45,961400.0,1297890.0
2003,2,Baja California,3,Río Colorado,2,Benito Juárez,2,Mexicali,3,Perennes,1,Riego,200201,Tonelada,9000000,Toronja (pomelo),1.0,1.0,0.0,26.4,26.4,1485.0,39204.0
2003,2,Baja California,3,Río Colorado,6,Colonias Nuevas,2,Mexicali,2,Primavera-Verano,1,Riego,200201,Tonelada,7490000,Maíz grano,25.0,25.0,0.0,81.25,3.25,1550.0,125937.5
2003,3,Baja California Sur,4,Mulegé,2,Vizcaíno,2,Mulegé,3,Perennes,1,Riego,200201,Tonelada,7850000,Naranja,80.0,12.0,0.0,30.4,2.53,1500.0,45600.0
2003,3,Baja California Sur,6,La Paz,1,La Paz,3,La Paz,3,Perennes,1,Riego,200201,Tonelada,7060000,Guayaba,3.0,3.0,0.0,3.0,1.0,8000.0,24000.0
2003,4,Campeche,8,Hecelchakán,2,Tenabo,8,Tenabo,3,Perennes,1,Riego,200201,Tonelada,9290000,Zapote,10.0,7.0,0.0,21.0,3.0,800.0,16800.0
2003,4,Campeche,10,Champotón,2,Yohaltúm,4,Champotón,3,Perennes,2,Temporal,200201,Tonelada,7560000,Mango,23.0,23.0,0.0,299.0,13.0,2000.0,598000.0
2003,5,Coahuila,12,Acuña,2,Zaragoza,19,Morelos,1,Otoño-Invierno,1,Riego,200201,Tonelada,5490000,Avena forrajera en verde,301.5,301.5,0.0,9045.0,30.0,350.0,3165750.0
2003,5,Coahuila,13,Sabinas,1,San Juan Sabinas,32,San Juan de Sabinas,1,Otoño-Invierno,1,Riego,200201,Tonelada,5490000,Avena forrajera en verde,428.5,380.5,48.0,9505.5,24.98,250.0,2376375.0
2003,5,Coahuila,14,Frontera,1,Monclova,18,Monclova,1,Otoño-Invierno,1,Riego,200201,Tonelada,9270000,Zanahoria,2.0,2.0,0.0,60.0,30.0,1300.0,78000.0
2003,5,Coahuila,14,Frontera,3,Cuatro Ciénegas,7,Cuatro Ciénegas,2,Primavera-Verano,1,Riego,200201,Tonelada,8790000,Sorgo forrajero en verde,484.0,484.0,0.0,16105.0,33.27,250.0,4026250.0
2003,5,Coahuila,15,Saltillo,2,General Cepeda,11,General Cepeda,2,Primavera-Verano,1,Riego,200201,Tonelada,6120000,Chile verde,15.0,15.0,0.0,360.0,24.0,3500.0,1260000.0
2003,5,Coahuila,192,Laguna-Coahuila,5,Sn. Pedro,33,San Pedro,2,Primavera-Verano,1,Riego,200201,Tonelada,5740000,Calabacita,27.0,12.0,15.0,220.0,18.33,2000.0,440000.0
2003,6,Colima,16,Colima,1,Coquimatlán,2,Colima,1,Otoño-Invierno,1,Riego,200201,Tonelada,7670000,Melón,94.0,94.0,0.0,1140.0,12.13,3315.79,3780000.6
2003,6,Colima,16,Colima,1,Coquimatlán,10,Villa de Álvarez,3,Perennes,2,Temporal,200201,Tonelada,8880000,Tamarindo,77.0,77.0,0.0,462.0,6.0,6000.0,2772000.0
2003,6,Colima,16,Colima,2,Comala,8,Minatitlán,3,Perennes,2,Temporal,200201,Tonelada,6530000,Durazno,5.0,5.0,0.0,10.0,2.0,12000.0,120000.0
2003,6,Colima,17,Tecomán,1,Armería,9,Tecomán,3,Perennes,1,Riego,200201,Tonelada,9000000,Toronja (pomelo),10.0,10.0,0.0,53.0,5.3,2945.0,156085.0
2003,7,Chiapas,18,Tuxtla Gutiérrez,1,Tuxtla Gutiérrez,86,Suchiapa,3,Perennes,2,Temporal,200201,Tonelada,7850000,Naranja,10.0,10.0,0.0,60.0,6.0,900.0,54000.0
2003,7,Chiapas,19,San Cristóbal de las Casas,1,San Cristóbal de Las Casas,23,Chamula,3,Perennes,2,Temporal,200201,Tonelada,7580000,Manzana,195.0,195.0,0.0,487.5,2.5,5000.0,2437500.0
2003,7,Chiapas,19,San Cristóbal de las Casas,3,Chenalhó,22,Chalchihuitán,2,Primavera-Verano,2,Temporal,200201,Tonelada,6840000,Frijol,157.5,157.5,0.0,55.13,0.35,7000.0,385910.0
2003,7,Chiapas,21,Villa Flores,1,Villaflores,108,Villaflores,1,Otoño-Invierno,1,Riego,200201,Tonelada,7490000,Maíz grano,620.0,620.0,0.0,1860.0,3.0,1411.29,2624999.4
2003,7,Chiapas,22,Pichucalco,2,Juárez,88,Sunuapa,2,Primavera-Verano,2,Temporal,200201,Tonelada,7490000,Maíz grano,221.0,221.0,0.0,190.06,0.86,2200.0,418132.0
2003,7,Chiapas,23,Palenque,2,Yajalon,31,Chilón,1,Otoño-Invierno,2,Temporal,200201,Tonelada,7490000,Maíz grano,3600.0,3550.0,50.0,4544.8,1.28,2000.0,9089600.0
2003,7,Chiapas,25,Tapachula,1,Tapachula,54,Mazatán,2,Primavera-Verano,2,Temporal,200201,Tonelada,8830000,Soya,4733.0,4309.0,424.0,11160.31,2.59,3000.0,33480930.0
2003,7,Chiapas,25,Tapachula,2,Suchiate,87,Suchiate,3,Perennes,1,Riego,200201,Tonelada,8290000,Piña,48.0,1.0,0.0,33.0,33.0,2500.0,82500.0
2003,7,Chiapas,25,Tapachula,4,Acapetahua,32,Escuintla,2,Primavera-Verano,2,Temporal,200201,Tonelada,5410000,Arroz palay,20.0,20.0,0.0,60.0,3.0,2000.0,120000.0
2003,8,Chihuahua,28,Casas Grandes,1,Nuevo Casas Grandes,50,Nuevo Casas Grandes,2,Primavera-Verano,1,Riego,200201,Tonelada,5740000,Calabacita,1.0,1.0,0.0,53.0,53.0,3000.0,159000.0
2003,8,Chihuahua,30,El Carmen,1,El Carmen,10,Buenaventura,1,Otoño-Invierno,1,Riego,200201,Tonelada,9050000,Trigo grano,203.0,203.0,0.0,1015.0,5.0,1350.0,1370250.0
2003,8,Chihuahua,32,Madera,3,Soto Máynez,48,Namiquipa,2,Primavera-Verano,2,Temporal,200201,Tonelada,7490000,Maíz grano,1040.0,70.0,970.0,350.0,5.0,1400.0,490000.0
2003,8,Chihuahua,34,Papigochi,1,La Junta,31,Guerrero,2,Primavera-Verano,2,Temporal,200201,Tonelada,6840000,Frijol,5781.0,5398.0,383.0,2213.0,0.41,3800.0,8409400.0
2003,8,Chihuahua,35,Chihuahua,2,Villa Aldama,2,Aldama,2,Primavera-Verano,1,Riego,200201,Tonelada,5690000,Cacahuate,218.0,218.0,0.0,654.0,3.0,3500.0,2289000.0
2003,8,Chihuahua,37,San Juanito,1,San Juanito,8,Batopilas,1,Otoño-Invierno,2,Temporal,200201,Tonelada,9030000,Trigo forrajero seco,5.0,5.0,0.0,3.75,0.75,3800.0,14250.0
2003,8,Chihuahua,39,Parral,1,Parral,3,Allende,2,Primavera-Verano,1,Riego,200201,Tonelada,6110000,Chile seco,160.0,160.0,0.0,192.0,1.2,20000.0,3840000.0
2003,8,Chihuahua,40,Delicias,1,Camargo,11,Camargo,1,Otoño-Invierno,1,Riego,200201,Tonelada,9090000,Triticale forrajero en verde,30.0,30.0,0.0,1350.0,45.0,175.0,236250.0
2003,8,Chihuahua,40,Delicias,3,Delicias,45,Meoqui,2,Primavera-Verano,1,Riego,200201,Tonelada,5690000,Cacahuate,92.0,92.0,0.0,259.37,2.82,4400.0,1141228.0
2003,8,Chihuahua,40,Delicias,5,Julimes,38,Julimes,2,Primavera-Verano,1,Riego,200201,Tonelada,5790000,Camote,30.5,30.5,0.0,610.0,20.0,3500.0,2135000.0
2003,9,Ciudad de México / DF,42,Xochimilco,1,San Mateo Xalpa,13,Xochimilco,1,Otoño-Invierno,1,Riego,200201,Tonelada,6330000,Coliflor,3.0,3.0,0.0,45.0,15.0,8000.0,360000.0
2003,9,Ciudad de México / DF,42,Xochimilco,2,San Antonio Tecómitl,11,Tláhuac,2,Primavera-Verano,2,Temporal,200201,Tonelada,6540000,Ebo (janamargo o veza),25.0,25.0,0.0,99.0,3.96,1595.96,158000.04
2003,10,Durango,43,Durango,3,Durango,5,Durango,2,Primavera-Verano,1,Riego,200201,Tonelada,7490000,Maíz grano,10493.54,9049.52,1444.02,61196.74,6.76,1500.0,91795110.0
2003,10,Durango,43,Durango,11,Vicente Guerrero,38,Vicente Guerrero,2,Primavera-Verano,1,Riego,200201,Tonelada,6110000,Chile seco,355.5,334.51,20.99,367.96,1.1,25000.0,9199000.0
2003,10,Durango,45,Guadalupe Victoria,1,Cuencamé,21,Peñón Blanco,3,Perennes,1,Riego,200201,Tonelada,7960000,Nuez,87.0,87.0,0.0,156.6,1.8,25000.0,3915000.0
2003,10,Durango,46,Villa Ocampo,2,Guanaceví,9,Guanaceví,1,Otoño-Invierno,1,Riego,200201,Tonelada,15050000,Pastos y praderas,15.0,15.0,0.0,420.0,28.0,305.0,128100.0
