family,split_id,method,ID_POLIGONO,observed,predicted,graph_weight
target_matched,target_matched_01,LocalGraph_g0p25,AGC_001,3.5,2.9532347217004427,0.25
target_matched,target_matched_01,LocalGraph_g0p25,AGC_002,4.63,4.491393942681418,0.25
target_matched,target_matched_01,LocalGraph_g0p25,AGC_007,3.5,3.149709352784792,0.25
target_matched,target_matched_01,LocalGraph_g0p25,AGC_009,4.79,4.649823146861093,0.25
target_matched,target_matched_01,LocalGraph_g0p25,AGC_010,4.1,4.410864829590716,0.25
target_matched,target_matched_01,LocalGraph_g0p25,AGC_014,4.83,4.364721005607125,0.25
target_matched,target_matched_01,LocalGraph_g0p25,AGC_023,3.0,2.972819498977086,0.25
target_matched,target_matched_01,LocalGraph_g0p25,AGC_024,3.03,4.528307598804871,0.25
target_matched,target_matched_01,LocalGraph_g0p25,AGC_026,3.55,4.4533165433938295,0.25
target_matched,target_matched_01,LocalGraph_g0p25,AGC_032,4.03,4.635749359598721,0.25
target_matched,target_matched_01,LocalGraph_g0p25,AGC_034,2.0,3.1507935081615392,0.25
target_matched,target_matched_01,LocalGraph_g0p25,AGC_038,3.3,3.161886222116167,0.25
target_matched,target_matched_01,LocalGraph_g0p25,AGC_040,3.0,2.93279617823478,0.25
target_matched,target_matched_01,LocalGraph_g0p25,AGC_057,4.55,4.81459022663153,0.25
target_matched,target_matched_01,LocalGraph_g0p25,AGC_058,2.5,3.0157186112985226,0.25
target_matched,target_matched_01,LocalGraph_g0p25,AGC_064,4.51,4.63591693934645,0.25
target_matched,target_matched_01,LocalGraph_g0p25,AGC_068,2.5,2.8900278198307854,0.25
target_matched,target_matched_01,LocalGraph_g0p25,AGC_073,4.3,4.444101679918896,0.25
target_matched,target_matched_01,LocalGraph_g0p25,AGC_079,3.3,3.219998486833454,0.25
target_matched,target_matched_01,LocalGraph_g0p25,AGC_098,3.0,2.9950862151676496,0.25
target_matched,target_matched_01,LocalGraph_g0p25,AGC_099,3.5,2.9586495030655104,0.25
target_matched,target_matched_01,LocalGraph_g0p25,AGC_101,4.57,4.504897807265829,0.25
target_matched,target_matched_01,LocalGraph_g0p25,AGC_103,3.0,2.9960135264414047,0.25
target_matched,target_matched_01,LocalGraph_g0p25,AGC_105,4.41,4.433211647555102,0.25
target_matched,target_matched_01,LocalGraph_g0p25,AGC_109,4.54,4.728424342856515,0.25
target_matched,target_matched_01,LocalGraph_g0p25,AGC_110,4.18,4.439443521126909,0.25
target_matched,target_matched_01,LocalGraph_g0p25,AGC_111,4.72,4.546545664019851,0.25
target_matched,target_matched_01,LocalGraph_g0p25,AGC_112,3.0,2.855140049420361,0.25
target_matched,target_matched_01,LocalGraph_g0p25,AGC_117,3.5,3.131223266199271,0.25
target_matched,target_matched_01,LocalGraph_g0p25,AGC_119,4.4,4.628423159669781,0.25
target_matched,target_matched_01,LocalGraph_g0p25,AGC_131,4.89,4.590357774839374,0.25
target_matched,target_matched_01,LocalGraph_g0p25,AGC_134,4.52,4.2957030000665,0.25
target_matched,target_matched_01,LocalGraph_g0p25,AGC_141,3.5,2.978979058867963,0.25
target_matched,target_matched_01,LocalGraph_g0p25,AGC_151,4.69,4.605756416515976,0.25
target_matched,target_matched_01,LocalGraph_g0p25,AGC_171,2.15,4.50868152197487,0.25
target_matched,target_matched_01,LocalGraph_g0p25,AGC_179,4.55,4.611017670382486,0.25
target_matched,target_matched_01,LocalGraph_g0p25,AGC_181,4.51,4.5613401895431585,0.25
target_matched,target_matched_01,LocalGraph_g0p25,AGC_185,5.01,4.495642648880473,0.25
target_matched,target_matched_01,LocalGraph_g0p25,AGC_193,4.57,4.516888338879994,0.25
target_matched,target_matched_01,LocalGraph_g0p25,AGC_194,3.2,2.9768331257430423,0.25
target_matched,target_matched_01,LocalGraph_g0p25,AGC_197,4.52,4.532297897535434,0.25
target_matched,target_matched_02,LocalGraph_g0p30,AGC_006,4.49,4.429684777152358,0.3
target_matched,target_matched_02,LocalGraph_g0p30,AGC_007,3.5,3.1701136005256014,0.3
target_matched,target_matched_02,LocalGraph_g0p30,AGC_008,4.55,4.207841346220328,0.3
target_matched,target_matched_02,LocalGraph_g0p30,AGC_009,4.79,4.514498541498575,0.3
target_matched,target_matched_02,LocalGraph_g0p30,AGC_010,4.1,4.433679701671466,0.3
target_matched,target_matched_02,LocalGraph_g0p30,AGC_012,4.69,4.654011894016126,0.3
target_matched,target_matched_02,LocalGraph_g0p30,AGC_019,3.0,2.99259965218378,0.3
target_matched,target_matched_02,LocalGraph_g0p30,AGC_022,4.55,4.3199141681690065,0.3
target_matched,target_matched_02,LocalGraph_g0p30,AGC_024,3.03,4.005070557404672,0.3
target_matched,target_matched_02,LocalGraph_g0p30,AGC_026,3.55,4.436435026247088,0.3
target_matched,target_matched_02,LocalGraph_g0p30,AGC_034,2.0,3.159702831599153,0.3
target_matched,target_matched_02,LocalGraph_g0p30,AGC_051,4.45,4.322248864526656,0.3
target_matched,target_matched_02,LocalGraph_g0p30,AGC_053,3.5,2.970430523502614,0.3
target_matched,target_matched_02,LocalGraph_g0p30,AGC_054,2.5,2.989236082981429,0.3
target_matched,target_matched_02,LocalGraph_g0p30,AGC_059,4.41,4.5229000118054445,0.3
target_matched,target_matched_02,LocalGraph_g0p30,AGC_060,4.52,4.812229231886362,0.3
target_matched,target_matched_02,LocalGraph_g0p30,AGC_062,3.81,4.4280128242593575,0.3
target_matched,target_matched_02,LocalGraph_g0p30,AGC_066,3.0,2.9157292819033507,0.3
target_matched,target_matched_02,LocalGraph_g0p30,AGC_070,3.3,3.1918116372213823,0.3
target_matched,target_matched_02,LocalGraph_g0p30,AGC_089,3.0,3.084485083213953,0.3
target_matched,target_matched_02,LocalGraph_g0p30,AGC_096,4.59,4.33064281211431,0.3
target_matched,target_matched_02,LocalGraph_g0p30,AGC_098,3.0,3.0169413019352427,0.3
target_matched,target_matched_02,LocalGraph_g0p30,AGC_099,3.5,2.978667572818364,0.3
target_matched,target_matched_02,LocalGraph_g0p30,AGC_101,4.57,4.330580352656648,0.3
target_matched,target_matched_02,LocalGraph_g0p30,AGC_102,4.4,4.427281436197649,0.3
target_matched,target_matched_02,LocalGraph_g0p30,AGC_106,4.43,4.354435669985574,0.3
target_matched,target_matched_02,LocalGraph_g0p30,AGC_108,4.51,4.6534910064941615,0.3
target_matched,target_matched_02,LocalGraph_g0p30,AGC_110,4.18,4.380444461597691,0.3
target_matched,target_matched_02,LocalGraph_g0p30,AGC_112,3.0,2.845076864030536,0.3
target_matched,target_matched_02,LocalGraph_g0p30,AGC_114,3.0,2.995199559275674,0.3
target_matched,target_matched_02,LocalGraph_g0p30,AGC_117,3.5,2.9606454823627466,0.3
target_matched,target_matched_02,LocalGraph_g0p30,AGC_119,4.4,4.49956530181819,0.3
target_matched,target_matched_02,LocalGraph_g0p30,AGC_125,4.06,4.483065528001553,0.3
target_matched,target_matched_02,LocalGraph_g0p30,AGC_138,2.5,2.988546263608032,0.3
target_matched,target_matched_02,LocalGraph_g0p30,AGC_145,3.5,2.902591193080054,0.3
target_matched,target_matched_02,LocalGraph_g0p30,AGC_150,4.52,4.521280132061992,0.3
target_matched,target_matched_02,LocalGraph_g0p30,AGC_152,4.87,4.560372606456545,0.3
target_matched,target_matched_02,LocalGraph_g0p30,AGC_162,5.59,4.679666841085458,0.3
target_matched,target_matched_02,LocalGraph_g0p30,AGC_172,5.19,4.513184268169001,0.3
target_matched,target_matched_02,LocalGraph_g0p30,AGC_193,4.57,4.098713502949076,0.3
target_matched,target_matched_02,LocalGraph_g0p30,AGC_194,3.2,3.011480434789601,0.3
target_matched,target_matched_03,LocalGraph_g0p30,AGC_002,4.63,4.4535100941331205,0.3
target_matched,target_matched_03,LocalGraph_g0p30,AGC_004,3.0,2.9678009148802453,0.3
target_matched,target_matched_03,LocalGraph_g0p30,AGC_006,4.49,4.633337677794985,0.3
target_matched,target_matched_03,LocalGraph_g0p30,AGC_007,3.5,3.1446148423913187,0.3
target_matched,target_matched_03,LocalGraph_g0p30,AGC_010,4.1,4.40352343627314,0.3
target_matched,target_matched_03,LocalGraph_g0p30,AGC_013,4.01,4.560937976162661,0.3
target_matched,target_matched_03,LocalGraph_g0p30,AGC_014,4.83,4.373931340665457,0.3
target_matched,target_matched_03,LocalGraph_g0p30,AGC_034,2.0,3.1310735943971277,0.3
target_matched,target_matched_03,LocalGraph_g0p30,AGC_038,3.3,3.118019971106527,0.3
target_matched,target_matched_03,LocalGraph_g0p30,AGC_051,4.45,4.332446071207966,0.3
target_matched,target_matched_03,LocalGraph_g0p30,AGC_058,2.5,3.0564997587542795,0.3
target_matched,target_matched_03,LocalGraph_g0p30,AGC_059,4.41,4.526408983047558,0.3
target_matched,target_matched_03,LocalGraph_g0p30,AGC_064,4.51,4.575294473824669,0.3
target_matched,target_matched_03,LocalGraph_g0p30,AGC_068,2.5,2.9322623566570845,0.3
target_matched,target_matched_03,LocalGraph_g0p30,AGC_070,3.3,3.1190388503561794,0.3
target_matched,target_matched_03,LocalGraph_g0p30,AGC_079,3.3,3.1950207707825626,0.3
target_matched,target_matched_03,LocalGraph_g0p30,AGC_092,4.57,4.472029972121407,0.3
target_matched,target_matched_03,LocalGraph_g0p30,AGC_099,3.5,2.996609729454449,0.3
target_matched,target_matched_03,LocalGraph_g0p30,AGC_100,4.5,4.392094953192504,0.3
target_matched,target_matched_03,LocalGraph_g0p30,AGC_102,4.4,4.48845194108728,0.3
target_matched,target_matched_03,LocalGraph_g0p30,AGC_103,3.0,3.0146613172465093,0.3
target_matched,target_matched_03,LocalGraph_g0p30,AGC_104,4.56,4.419320724276718,0.3
target_matched,target_matched_03,LocalGraph_g0p30,AGC_106,4.43,4.315868160224584,0.3
target_matched,target_matched_03,LocalGraph_g0p30,AGC_114,3.0,2.9892002037749954,0.3
target_matched,target_matched_03,LocalGraph_g0p30,AGC_117,3.5,3.136713077709976,0.3
target_matched,target_matched_03,LocalGraph_g0p30,AGC_122,3.5,2.8740201667246574,0.3
target_matched,target_matched_03,LocalGraph_g0p30,AGC_124,5.05,4.392747260201917,0.3
target_matched,target_matched_03,LocalGraph_g0p30,AGC_125,4.06,4.345464748805448,0.3
target_matched,target_matched_03,LocalGraph_g0p30,AGC_127,5.57,4.524988939793939,0.3
target_matched,target_matched_03,LocalGraph_g0p30,AGC_131,4.89,4.536262676262027,0.3
target_matched,target_matched_03,LocalGraph_g0p30,AGC_144,2.5,3.0076972356065697,0.3
target_matched,target_matched_03,LocalGraph_g0p30,AGC_145,3.5,2.8566768130368394,0.3
target_matched,target_matched_03,LocalGraph_g0p30,AGC_157,3.0,3.1251798354287588,0.3
target_matched,target_matched_03,LocalGraph_g0p30,AGC_165,4.44,4.569149408298063,0.3
target_matched,target_matched_03,LocalGraph_g0p30,AGC_167,4.54,4.48513167938692,0.3
target_matched,target_matched_03,LocalGraph_g0p30,AGC_171,2.15,4.311778849192382,0.3
target_matched,target_matched_03,LocalGraph_g0p30,AGC_179,4.55,4.423889876486221,0.3
target_matched,target_matched_03,LocalGraph_g0p30,AGC_184,4.47,4.547161659741641,0.3
target_matched,target_matched_03,LocalGraph_g0p30,AGC_189,4.03,4.346622216313779,0.3
target_matched,target_matched_03,LocalGraph_g0p30,AGC_194,3.2,2.9082772539602453,0.3
target_matched,target_matched_03,LocalGraph_g0p30,AGC_195,3.68,4.421395913589734,0.3
target_matched,target_matched_04,LocalGraph_g0p20,AGC_001,3.5,2.955353935403683,0.2
target_matched,target_matched_04,LocalGraph_g0p20,AGC_004,3.0,2.975924280325105,0.2
target_matched,target_matched_04,LocalGraph_g0p20,AGC_009,4.79,4.460805420831124,0.2
target_matched,target_matched_04,LocalGraph_g0p20,AGC_026,3.55,4.342298793161997,0.2
target_matched,target_matched_04,LocalGraph_g0p20,AGC_038,3.3,2.9040297273761073,0.2
target_matched,target_matched_04,LocalGraph_g0p20,AGC_044,3.5,3.3029648725227654,0.2
target_matched,target_matched_04,LocalGraph_g0p20,AGC_053,3.5,3.189810586942711,0.2
target_matched,target_matched_04,LocalGraph_g0p20,AGC_056,5.07,4.598964782301778,0.2
target_matched,target_matched_04,LocalGraph_g0p20,AGC_064,4.51,4.438479799549652,0.2
target_matched,target_matched_04,LocalGraph_g0p20,AGC_068,2.5,2.951674340178669,0.2
target_matched,target_matched_04,LocalGraph_g0p20,AGC_070,3.3,2.969262679802055,0.2
target_matched,target_matched_04,LocalGraph_g0p20,AGC_077,4.76,4.445696183694461,0.2
target_matched,target_matched_04,LocalGraph_g0p20,AGC_092,4.57,4.418813543943058,0.2
target_matched,target_matched_04,LocalGraph_g0p20,AGC_098,3.0,2.9338933376877825,0.2
target_matched,target_matched_04,LocalGraph_g0p20,AGC_101,4.57,4.157577865805536,0.2
target_matched,target_matched_04,LocalGraph_g0p20,AGC_103,3.0,2.9971126061505053,0.2
target_matched,target_matched_04,LocalGraph_g0p20,AGC_104,4.56,4.430739398892593,0.2
target_matched,target_matched_04,LocalGraph_g0p20,AGC_109,4.54,4.700666435909292,0.2
target_matched,target_matched_04,LocalGraph_g0p20,AGC_115,4.6,4.339557103249284,0.2
target_matched,target_matched_04,LocalGraph_g0p20,AGC_119,4.4,4.436555543021994,0.2
target_matched,target_matched_04,LocalGraph_g0p20,AGC_122,3.5,2.830842372774375,0.2
target_matched,target_matched_04,LocalGraph_g0p20,AGC_124,5.05,4.421130269995287,0.2
target_matched,target_matched_04,LocalGraph_g0p20,AGC_131,4.89,4.429235604238282,0.2
target_matched,target_matched_04,LocalGraph_g0p20,AGC_134,4.52,4.292880594070377,0.2
target_matched,target_matched_04,LocalGraph_g0p20,AGC_138,2.5,3.09407784297842,0.2
target_matched,target_matched_04,LocalGraph_g0p20,AGC_144,2.5,2.9796952911198584,0.2
target_matched,target_matched_04,LocalGraph_g0p20,AGC_145,3.5,2.8065061670497102,0.2
target_matched,target_matched_04,LocalGraph_g0p20,AGC_146,4.58,4.4892478339216515,0.2
target_matched,target_matched_04,LocalGraph_g0p20,AGC_150,4.52,4.43057987321186,0.2
target_matched,target_matched_04,LocalGraph_g0p20,AGC_152,4.87,4.520724696276887,0.2
target_matched,target_matched_04,LocalGraph_g0p20,AGC_155,4.52,4.620953790708886,0.2
target_matched,target_matched_04,LocalGraph_g0p20,AGC_157,3.0,3.1534206581123727,0.2
target_matched,target_matched_04,LocalGraph_g0p20,AGC_159,4.77,4.543582433873206,0.2
target_matched,target_matched_04,LocalGraph_g0p20,AGC_165,4.44,4.386820949021906,0.2
target_matched,target_matched_04,LocalGraph_g0p20,AGC_172,5.19,4.524162752753091,0.2
target_matched,target_matched_04,LocalGraph_g0p20,AGC_176,4.38,4.477065220431926,0.2
target_matched,target_matched_04,LocalGraph_g0p20,AGC_181,4.51,4.375349749986664,0.2
target_matched,target_matched_04,LocalGraph_g0p20,AGC_185,5.01,4.245354597355829,0.2
target_matched,target_matched_04,LocalGraph_g0p20,AGC_189,4.03,4.257790972417334,0.2
target_matched,target_matched_04,LocalGraph_g0p20,AGC_194,3.2,2.749396866066908,0.2
target_matched,target_matched_04,LocalGraph_g0p20,AGC_197,4.52,4.252886745070809,0.2
target_matched,target_matched_05,LocalGraph_g0p30,AGC_002,4.63,4.496139837649475,0.3
target_matched,target_matched_05,LocalGraph_g0p30,AGC_009,4.79,4.6125019912791725,0.3
target_matched,target_matched_05,LocalGraph_g0p30,AGC_010,4.1,4.441148891311245,0.3
target_matched,target_matched_05,LocalGraph_g0p30,AGC_013,4.01,4.543172778846148,0.3
target_matched,target_matched_05,LocalGraph_g0p30,AGC_053,3.5,3.223242416965356,0.3
target_matched,target_matched_05,LocalGraph_g0p30,AGC_058,2.5,3.118896972148279,0.3
target_matched,target_matched_05,LocalGraph_g0p30,AGC_062,3.81,4.488235005368147,0.3
target_matched,target_matched_05,LocalGraph_g0p30,AGC_064,4.51,4.604089116586756,0.3
target_matched,target_matched_05,LocalGraph_g0p30,AGC_067,3.0,3.13704294080741,0.3
target_matched,target_matched_05,LocalGraph_g0p30,AGC_068,2.5,2.991701027399964,0.3
target_matched,target_matched_05,LocalGraph_g0p30,AGC_070,3.3,3.0883848931350673,0.3
target_matched,target_matched_05,LocalGraph_g0p30,AGC_072,4.55,4.614213506135966,0.3
target_matched,target_matched_05,LocalGraph_g0p30,AGC_079,3.3,2.995214969755699,0.3
target_matched,target_matched_05,LocalGraph_g0p30,AGC_098,3.0,3.084630424255996,0.3
target_matched,target_matched_05,LocalGraph_g0p30,AGC_100,4.5,4.429984511740042,0.3
target_matched,target_matched_05,LocalGraph_g0p30,AGC_102,4.4,4.50358516667958,0.3
target_matched,target_matched_05,LocalGraph_g0p30,AGC_106,4.43,4.40211129342089,0.3
target_matched,target_matched_05,LocalGraph_g0p30,AGC_110,4.18,4.431650500352765,0.3
target_matched,target_matched_05,LocalGraph_g0p30,AGC_111,4.72,4.561964240408583,0.3
target_matched,target_matched_05,LocalGraph_g0p30,AGC_114,3.0,3.0687545679893953,0.3
target_matched,target_matched_05,LocalGraph_g0p30,AGC_119,4.4,4.592982173709919,0.3
target_matched,target_matched_05,LocalGraph_g0p30,AGC_122,3.5,3.006248425016675,0.3
target_matched,target_matched_05,LocalGraph_g0p30,AGC_123,2.5,3.0515716096289296,0.3
target_matched,target_matched_05,LocalGraph_g0p30,AGC_125,4.06,4.482487360772447,0.3
target_matched,target_matched_05,LocalGraph_g0p30,AGC_131,4.89,4.55246856021226,0.3
target_matched,target_matched_05,LocalGraph_g0p30,AGC_134,4.52,4.466492621739794,0.3
target_matched,target_matched_05,LocalGraph_g0p30,AGC_138,2.5,3.1516723307475276,0.3
target_matched,target_matched_05,LocalGraph_g0p30,AGC_140,3.2,3.2460544552925867,0.3
target_matched,target_matched_05,LocalGraph_g0p30,AGC_144,2.5,3.070380560582244,0.3
target_matched,target_matched_05,LocalGraph_g0p30,AGC_145,3.5,3.046241773597254,0.3
target_matched,target_matched_05,LocalGraph_g0p30,AGC_160,3.62,4.687732416937701,0.3
target_matched,target_matched_05,LocalGraph_g0p30,AGC_161,4.46,4.7011148560580045,0.3
target_matched,target_matched_05,LocalGraph_g0p30,AGC_167,4.54,4.554575555146277,0.3
target_matched,target_matched_05,LocalGraph_g0p30,AGC_168,4.49,4.517654952333446,0.3
target_matched,target_matched_05,LocalGraph_g0p30,AGC_170,3.0,3.041353836109246,0.3
target_matched,target_matched_05,LocalGraph_g0p30,AGC_171,2.15,4.347031146868744,0.3
target_matched,target_matched_05,LocalGraph_g0p30,AGC_178,4.39,4.440870398792967,0.3
target_matched,target_matched_05,LocalGraph_g0p30,AGC_180,4.14,4.462549233513285,0.3
target_matched,target_matched_05,LocalGraph_g0p30,AGC_184,4.47,4.55662617812356,0.3
target_matched,target_matched_05,LocalGraph_g0p30,AGC_189,4.03,4.440222011388319,0.3
target_matched,target_matched_05,LocalGraph_g0p30,AGC_197,4.52,4.479730443464883,0.3
target_matched,target_matched_06,LocalGraph_g0p25,AGC_002,4.63,4.429518363696614,0.25
target_matched,target_matched_06,LocalGraph_g0p25,AGC_004,3.0,2.962363321953047,0.25
target_matched,target_matched_06,LocalGraph_g0p25,AGC_005,5.16,4.54693315183782,0.25
target_matched,target_matched_06,LocalGraph_g0p25,AGC_010,4.1,4.413370236379862,0.25
target_matched,target_matched_06,LocalGraph_g0p25,AGC_034,2.0,3.1641964531050744,0.25
target_matched,target_matched_06,LocalGraph_g0p25,AGC_037,3.5,3.007671747915513,0.25
target_matched,target_matched_06,LocalGraph_g0p25,AGC_038,3.3,3.1541183027660296,0.25
target_matched,target_matched_06,LocalGraph_g0p25,AGC_046,3.0,3.0738304822380282,0.25
target_matched,target_matched_06,LocalGraph_g0p25,AGC_054,2.5,3.0183875087824763,0.25
target_matched,target_matched_06,LocalGraph_g0p25,AGC_058,2.5,3.028606471574245,0.25
target_matched,target_matched_06,LocalGraph_g0p25,AGC_064,4.51,4.508621107764379,0.25
target_matched,target_matched_06,LocalGraph_g0p25,AGC_066,3.0,2.9549081124271206,0.25
target_matched,target_matched_06,LocalGraph_g0p25,AGC_070,3.3,3.159805548614176,0.25
target_matched,target_matched_06,LocalGraph_g0p25,AGC_073,4.3,4.3999607934152705,0.25
target_matched,target_matched_06,LocalGraph_g0p25,AGC_079,3.3,3.236567019774331,0.25
target_matched,target_matched_06,LocalGraph_g0p25,AGC_089,3.0,3.136097097965038,0.25
target_matched,target_matched_06,LocalGraph_g0p25,AGC_090,4.68,4.371068026236412,0.25
target_matched,target_matched_06,LocalGraph_g0p25,AGC_096,4.59,4.273796067357039,0.25
target_matched,target_matched_06,LocalGraph_g0p25,AGC_100,4.5,4.302535338101118,0.25
target_matched,target_matched_06,LocalGraph_g0p25,AGC_103,3.0,3.036993410748921,0.25
target_matched,target_matched_06,LocalGraph_g0p25,AGC_104,4.56,4.333793147519637,0.25
target_matched,target_matched_06,LocalGraph_g0p25,AGC_109,4.54,4.736911939177984,0.25
target_matched,target_matched_06,LocalGraph_g0p25,AGC_112,3.0,2.844775022381155,0.25
target_matched,target_matched_06,LocalGraph_g0p25,AGC_117,3.5,3.155016510866194,0.25
target_matched,target_matched_06,LocalGraph_g0p25,AGC_122,3.5,2.9818479861482956,0.25
target_matched,target_matched_06,LocalGraph_g0p25,AGC_125,4.06,4.3920589077479715,0.25
target_matched,target_matched_06,LocalGraph_g0p25,AGC_127,5.57,4.495774997064453,0.25
target_matched,target_matched_06,LocalGraph_g0p25,AGC_131,4.89,4.458251587070522,0.25
target_matched,target_matched_06,LocalGraph_g0p25,AGC_134,4.52,4.449265844877785,0.25
target_matched,target_matched_06,LocalGraph_g0p25,AGC_135,4.49,4.639574908053456,0.25
target_matched,target_matched_06,LocalGraph_g0p25,AGC_144,2.5,3.0533823638783932,0.25
target_matched,target_matched_06,LocalGraph_g0p25,AGC_150,4.52,4.332850828452308,0.25
target_matched,target_matched_06,LocalGraph_g0p25,AGC_152,4.87,4.54141704675518,0.25
target_matched,target_matched_06,LocalGraph_g0p25,AGC_160,3.62,4.648092953114631,0.25
target_matched,target_matched_06,LocalGraph_g0p25,AGC_161,4.46,4.680776675729915,0.25
target_matched,target_matched_06,LocalGraph_g0p25,AGC_172,5.19,4.528081983176568,0.25
target_matched,target_matched_06,LocalGraph_g0p25,AGC_180,4.14,4.440652247413427,0.25
target_matched,target_matched_06,LocalGraph_g0p25,AGC_189,4.03,4.3300261725268765,0.25
target_matched,target_matched_06,LocalGraph_g0p25,AGC_194,3.2,2.9280782688716953,0.25
target_matched,target_matched_06,LocalGraph_g0p25,AGC_195,3.68,4.38166989555531,0.25
target_matched,target_matched_06,LocalGraph_g0p25,AGC_197,4.52,4.297987881692796,0.25
target_matched,target_matched_07,LocalGraph_g0p30,AGC_001,3.5,2.9663365323777,0.3
target_matched,target_matched_07,LocalGraph_g0p30,AGC_004,3.0,2.969299540963262,0.3
target_matched,target_matched_07,LocalGraph_g0p30,AGC_006,4.49,4.59586641601628,0.3
target_matched,target_matched_07,LocalGraph_g0p30,AGC_009,4.79,4.447033177182037,0.3
target_matched,target_matched_07,LocalGraph_g0p30,AGC_010,4.1,4.361745728354563,0.3
target_matched,target_matched_07,LocalGraph_g0p30,AGC_012,4.69,4.692021992745648,0.3
target_matched,target_matched_07,LocalGraph_g0p30,AGC_013,4.01,4.554632341544071,0.3
target_matched,target_matched_07,LocalGraph_g0p30,AGC_014,4.83,4.372225612991911,0.3
target_matched,target_matched_07,LocalGraph_g0p30,AGC_034,2.0,3.2330799538476405,0.3
target_matched,target_matched_07,LocalGraph_g0p30,AGC_037,3.5,2.953027567889606,0.3
target_matched,target_matched_07,LocalGraph_g0p30,AGC_038,3.3,3.226207428005097,0.3
target_matched,target_matched_07,LocalGraph_g0p30,AGC_053,3.5,2.970118725613434,0.3
target_matched,target_matched_07,LocalGraph_g0p30,AGC_055,5.45,4.572066682272905,0.3
target_matched,target_matched_07,LocalGraph_g0p30,AGC_056,5.07,4.548602059599605,0.3
target_matched,target_matched_07,LocalGraph_g0p30,AGC_058,2.5,2.959232500887871,0.3
target_matched,target_matched_07,LocalGraph_g0p30,AGC_064,4.51,4.488622932410641,0.3
target_matched,target_matched_07,LocalGraph_g0p30,AGC_079,3.3,3.2596971922270237,0.3
target_matched,target_matched_07,LocalGraph_g0p30,AGC_080,3.5,3.325120536509045,0.3
target_matched,target_matched_07,LocalGraph_g0p30,AGC_090,4.68,4.453411155692794,0.3
target_matched,target_matched_07,LocalGraph_g0p30,AGC_101,4.57,4.405410573678818,0.3
target_matched,target_matched_07,LocalGraph_g0p30,AGC_106,4.43,4.34946606640378,0.3
target_matched,target_matched_07,LocalGraph_g0p30,AGC_110,4.18,4.367103312286484,0.3
target_matched,target_matched_07,LocalGraph_g0p30,AGC_112,3.0,2.9214718207198276,0.3
target_matched,target_matched_07,LocalGraph_g0p30,AGC_117,3.5,2.948716225388148,0.3
target_matched,target_matched_07,LocalGraph_g0p30,AGC_122,3.5,2.919287384459468,0.3
target_matched,target_matched_07,LocalGraph_g0p30,AGC_125,4.06,4.340647220928355,0.3
target_matched,target_matched_07,LocalGraph_g0p30,AGC_131,4.89,4.507392724928769,0.3
target_matched,target_matched_07,LocalGraph_g0p30,AGC_134,4.52,4.4335337764947855,0.3
target_matched,target_matched_07,LocalGraph_g0p30,AGC_138,2.5,3.0153798663112337,0.3
target_matched,target_matched_07,LocalGraph_g0p30,AGC_152,4.87,4.539388908069464,0.3
target_matched,target_matched_07,LocalGraph_g0p30,AGC_157,3.0,3.1136892425775566,0.3
target_matched,target_matched_07,LocalGraph_g0p30,AGC_162,5.59,4.676985091218966,0.3
target_matched,target_matched_07,LocalGraph_g0p30,AGC_165,4.44,4.504651559404286,0.3
target_matched,target_matched_07,LocalGraph_g0p30,AGC_166,2.5,3.040361966036632,0.3
target_matched,target_matched_07,LocalGraph_g0p30,AGC_167,4.54,4.483383684053085,0.3
target_matched,target_matched_07,LocalGraph_g0p30,AGC_168,4.49,4.467566693681802,0.3
target_matched,target_matched_07,LocalGraph_g0p30,AGC_169,2.5,2.9193027199936843,0.3
target_matched,target_matched_07,LocalGraph_g0p30,AGC_171,2.15,4.295785309910489,0.3
target_matched,target_matched_07,LocalGraph_g0p30,AGC_178,4.39,4.430742368264131,0.3
target_matched,target_matched_07,LocalGraph_g0p30,AGC_180,4.14,4.439601007142078,0.3
target_matched,target_matched_07,LocalGraph_g0p30,AGC_189,4.03,4.337420447965625,0.3
target_matched,target_matched_08,LocalGraph_g0p30,AGC_001,3.5,2.9843025366371068,0.3
target_matched,target_matched_08,LocalGraph_g0p30,AGC_008,4.55,4.252964930178951,0.3
target_matched,target_matched_08,LocalGraph_g0p30,AGC_009,4.79,4.555570703777143,0.3
target_matched,target_matched_08,LocalGraph_g0p30,AGC_022,4.55,4.404517853996645,0.3
target_matched,target_matched_08,LocalGraph_g0p30,AGC_024,3.03,4.121426562991224,0.3
target_matched,target_matched_08,LocalGraph_g0p30,AGC_026,3.55,4.464921039148078,0.3
target_matched,target_matched_08,LocalGraph_g0p30,AGC_032,4.03,4.5449754892824,0.3
target_matched,target_matched_08,LocalGraph_g0p30,AGC_045,4.1,4.480555072596804,0.3
target_matched,target_matched_08,LocalGraph_g0p30,AGC_053,3.5,3.1842149001798177,0.3
target_matched,target_matched_08,LocalGraph_g0p30,AGC_058,2.5,3.0773239624773367,0.3
target_matched,target_matched_08,LocalGraph_g0p30,AGC_064,4.51,4.536102946511639,0.3
target_matched,target_matched_08,LocalGraph_g0p30,AGC_066,3.0,2.978409230883869,0.3
target_matched,target_matched_08,LocalGraph_g0p30,AGC_068,2.5,2.9444665268322807,0.3
target_matched,target_matched_08,LocalGraph_g0p30,AGC_070,3.3,3.125083448228546,0.3
target_matched,target_matched_08,LocalGraph_g0p30,AGC_080,3.5,3.258529858021856,0.3
target_matched,target_matched_08,LocalGraph_g0p30,AGC_099,3.5,3.067173496868146,0.3
target_matched,target_matched_08,LocalGraph_g0p30,AGC_101,4.57,4.364164697898661,0.3
target_matched,target_matched_08,LocalGraph_g0p30,AGC_103,3.0,2.9926051453481515,0.3
target_matched,target_matched_08,LocalGraph_g0p30,AGC_105,4.41,4.485072900133343,0.3
target_matched,target_matched_08,LocalGraph_g0p30,AGC_106,4.43,4.32589275775919,0.3
target_matched,target_matched_08,LocalGraph_g0p30,AGC_109,4.54,4.7519310364405225,0.3
target_matched,target_matched_08,LocalGraph_g0p30,AGC_110,4.18,4.3573268271574115,0.3
target_matched,target_matched_08,LocalGraph_g0p30,AGC_114,3.0,2.974710301053225,0.3
target_matched,target_matched_08,LocalGraph_g0p30,AGC_119,4.4,4.540444462186704,0.3
target_matched,target_matched_08,LocalGraph_g0p30,AGC_125,4.06,4.486764517001477,0.3
target_matched,target_matched_08,LocalGraph_g0p30,AGC_138,2.5,3.0769467164157005,0.3
target_matched,target_matched_08,LocalGraph_g0p30,AGC_145,3.5,2.89887654113829,0.3
target_matched,target_matched_08,LocalGraph_g0p30,AGC_146,4.58,4.464295309363543,0.3
target_matched,target_matched_08,LocalGraph_g0p30,AGC_150,4.52,4.523236446353542,0.3
target_matched,target_matched_08,LocalGraph_g0p30,AGC_151,4.69,4.477979017917789,0.3
target_matched,target_matched_08,LocalGraph_g0p30,AGC_152,4.87,4.456537953994365,0.3
target_matched,target_matched_08,LocalGraph_g0p30,AGC_159,4.77,4.623794691901556,0.3
target_matched,target_matched_08,LocalGraph_g0p30,AGC_161,4.46,4.676959578970939,0.3
target_matched,target_matched_08,LocalGraph_g0p30,AGC_163,3.0,3.0604922480673458,0.3
target_matched,target_matched_08,LocalGraph_g0p30,AGC_164,3.0,2.9811232286326392,0.3
target_matched,target_matched_08,LocalGraph_g0p30,AGC_166,2.5,2.9623129138921094,0.3
target_matched,target_matched_08,LocalGraph_g0p30,AGC_167,4.54,4.575791475603755,0.3
target_matched,target_matched_08,LocalGraph_g0p30,AGC_176,4.38,4.581693302043293,0.3
target_matched,target_matched_08,LocalGraph_g0p30,AGC_181,4.51,4.557761525513853,0.3
target_matched,target_matched_08,LocalGraph_g0p30,AGC_185,5.01,4.395602862853663,0.3
target_matched,target_matched_08,LocalGraph_g0p30,AGC_189,4.03,4.412774944715937,0.3
target_matched,target_matched_09,LocalGraph_g0p20,AGC_002,4.63,4.487588772791138,0.2
target_matched,target_matched_09,LocalGraph_g0p20,AGC_004,3.0,3.0081861726600425,0.2
target_matched,target_matched_09,LocalGraph_g0p20,AGC_010,4.1,4.305426617876614,0.2
target_matched,target_matched_09,LocalGraph_g0p20,AGC_015,2.64,4.727064444929582,0.2
target_matched,target_matched_09,LocalGraph_g0p20,AGC_017,4.98,4.472204985193715,0.2
target_matched,target_matched_09,LocalGraph_g0p20,AGC_022,4.55,4.342292249947886,0.2
target_matched,target_matched_09,LocalGraph_g0p20,AGC_034,2.0,3.220431269829732,0.2
target_matched,target_matched_09,LocalGraph_g0p20,AGC_038,3.3,3.2403130709207457,0.2
target_matched,target_matched_09,LocalGraph_g0p20,AGC_051,4.45,4.34408062851139,0.2
target_matched,target_matched_09,LocalGraph_g0p20,AGC_053,3.5,3.204513887923599,0.2
target_matched,target_matched_09,LocalGraph_g0p20,AGC_054,2.5,3.0816175985718566,0.2
target_matched,target_matched_09,LocalGraph_g0p20,AGC_058,2.5,3.1292044454935546,0.2
target_matched,target_matched_09,LocalGraph_g0p20,AGC_064,4.51,4.620284129215397,0.2
target_matched,target_matched_09,LocalGraph_g0p20,AGC_066,3.0,3.007400036166165,0.2
target_matched,target_matched_09,LocalGraph_g0p20,AGC_067,3.0,3.218549112963122,0.2
target_matched,target_matched_09,LocalGraph_g0p20,AGC_068,2.5,2.9658819539794967,0.2
target_matched,target_matched_09,LocalGraph_g0p20,AGC_070,3.3,3.2557464559356815,0.2
target_matched,target_matched_09,LocalGraph_g0p20,AGC_073,4.3,4.166060717669627,0.2
target_matched,target_matched_09,LocalGraph_g0p20,AGC_077,4.76,4.531876180211314,0.2
target_matched,target_matched_09,LocalGraph_g0p20,AGC_078,3.0,3.2037224222336915,0.2
target_matched,target_matched_09,LocalGraph_g0p20,AGC_092,4.57,4.611668126829653,0.2
target_matched,target_matched_09,LocalGraph_g0p20,AGC_097,4.69,4.801927687752497,0.2
target_matched,target_matched_09,LocalGraph_g0p20,AGC_098,3.0,3.031200073658571,0.2
target_matched,target_matched_09,LocalGraph_g0p20,AGC_102,4.4,4.404009635584263,0.2
target_matched,target_matched_09,LocalGraph_g0p20,AGC_104,4.56,4.413493863477913,0.2
target_matched,target_matched_09,LocalGraph_g0p20,AGC_106,4.43,4.237360092526548,0.2
target_matched,target_matched_09,LocalGraph_g0p20,AGC_108,4.51,4.840731967358465,0.2
target_matched,target_matched_09,LocalGraph_g0p20,AGC_115,4.6,4.286013487373952,0.2
target_matched,target_matched_09,LocalGraph_g0p20,AGC_119,4.4,4.691443885469608,0.2
target_matched,target_matched_09,LocalGraph_g0p20,AGC_122,3.5,2.8914751660665816,0.2
target_matched,target_matched_09,LocalGraph_g0p20,AGC_125,4.06,4.375789282635706,0.2
target_matched,target_matched_09,LocalGraph_g0p20,AGC_140,3.2,3.345921796927401,0.2
target_matched,target_matched_09,LocalGraph_g0p20,AGC_144,2.5,3.0329309450454245,0.2
target_matched,target_matched_09,LocalGraph_g0p20,AGC_145,3.5,2.858708820790143,0.2
target_matched,target_matched_09,LocalGraph_g0p20,AGC_160,3.62,4.720274012396836,0.2
target_matched,target_matched_09,LocalGraph_g0p20,AGC_165,4.44,4.45967932859886,0.2
target_matched,target_matched_09,LocalGraph_g0p20,AGC_168,4.49,4.424998085955207,0.2
target_matched,target_matched_09,LocalGraph_g0p20,AGC_181,4.51,4.586133447731208,0.2
target_matched,target_matched_09,LocalGraph_g0p20,AGC_184,4.47,4.530652768141743,0.2
target_matched,target_matched_09,LocalGraph_g0p20,AGC_187,3.0,3.1159162166796315,0.2
target_matched,target_matched_09,LocalGraph_g0p20,AGC_189,4.03,4.334250527378321,0.2
target_matched,target_matched_10,LocalGraph_g0p30,AGC_001,3.5,2.97185665078611,0.3
target_matched,target_matched_10,LocalGraph_g0p30,AGC_002,4.63,4.420762291811531,0.3
target_matched,target_matched_10,LocalGraph_g0p30,AGC_005,5.16,4.5494501852073395,0.3
target_matched,target_matched_10,LocalGraph_g0p30,AGC_006,4.49,4.636569539824126,0.3
target_matched,target_matched_10,LocalGraph_g0p30,AGC_009,4.79,4.432684717746035,0.3
target_matched,target_matched_10,LocalGraph_g0p30,AGC_010,4.1,4.338725923989165,0.3
target_matched,target_matched_10,LocalGraph_g0p30,AGC_013,4.01,4.548796404397202,0.3
target_matched,target_matched_10,LocalGraph_g0p30,AGC_014,4.83,4.316139139459198,0.3
target_matched,target_matched_10,LocalGraph_g0p30,AGC_019,3.0,3.0483863202995165,0.3
target_matched,target_matched_10,LocalGraph_g0p30,AGC_026,3.55,4.400230818044868,0.3
target_matched,target_matched_10,LocalGraph_g0p30,AGC_038,3.3,3.0166490649165025,0.3
target_matched,target_matched_10,LocalGraph_g0p30,AGC_049,5.53,4.73309344283906,0.3
target_matched,target_matched_10,LocalGraph_g0p30,AGC_054,2.5,3.0290304451123284,0.3
target_matched,target_matched_10,LocalGraph_g0p30,AGC_059,4.41,4.5362486021079125,0.3
target_matched,target_matched_10,LocalGraph_g0p30,AGC_060,4.52,4.505832797077653,0.3
target_matched,target_matched_10,LocalGraph_g0p30,AGC_064,4.51,4.468305996821113,0.3
target_matched,target_matched_10,LocalGraph_g0p30,AGC_068,2.5,2.9707687589042178,0.3
target_matched,target_matched_10,LocalGraph_g0p30,AGC_070,3.3,3.0887844453788826,0.3
target_matched,target_matched_10,LocalGraph_g0p30,AGC_072,4.55,4.598006559131686,0.3
target_matched,target_matched_10,LocalGraph_g0p30,AGC_080,3.5,3.2718292370969957,0.3
target_matched,target_matched_10,LocalGraph_g0p30,AGC_089,3.0,3.131921198620505,0.3
target_matched,target_matched_10,LocalGraph_g0p30,AGC_098,3.0,2.9506291730749705,0.3
target_matched,target_matched_10,LocalGraph_g0p30,AGC_100,4.5,4.364690443006162,0.3
target_matched,target_matched_10,LocalGraph_g0p30,AGC_103,3.0,3.034872322032779,0.3
target_matched,target_matched_10,LocalGraph_g0p30,AGC_115,4.6,4.365747788699328,0.3
target_matched,target_matched_10,LocalGraph_g0p30,AGC_122,3.5,2.861702761532198,0.3
target_matched,target_matched_10,LocalGraph_g0p30,AGC_127,5.57,4.486821466806967,0.3
target_matched,target_matched_10,LocalGraph_g0p30,AGC_131,4.89,4.490224933372388,0.3
target_matched,target_matched_10,LocalGraph_g0p30,AGC_132,4.13,4.620123740126866,0.3
target_matched,target_matched_10,LocalGraph_g0p30,AGC_134,4.52,4.4634618064025195,0.3
target_matched,target_matched_10,LocalGraph_g0p30,AGC_138,2.5,3.130670693372486,0.3
target_matched,target_matched_10,LocalGraph_g0p30,AGC_141,3.5,3.007298627005485,0.3
target_matched,target_matched_10,LocalGraph_g0p30,AGC_144,2.5,3.013613324919663,0.3
target_matched,target_matched_10,LocalGraph_g0p30,AGC_145,3.5,2.8360512199854395,0.3
target_matched,target_matched_10,LocalGraph_g0p30,AGC_160,3.62,4.685673886625053,0.3
target_matched,target_matched_10,LocalGraph_g0p30,AGC_166,2.5,2.962445103492438,0.3
target_matched,target_matched_10,LocalGraph_g0p30,AGC_171,2.15,4.286409925445637,0.3
target_matched,target_matched_10,LocalGraph_g0p30,AGC_176,4.38,4.5331320731975735,0.3
target_matched,target_matched_10,LocalGraph_g0p30,AGC_179,4.55,4.716768679192143,0.3
target_matched,target_matched_10,LocalGraph_g0p30,AGC_180,4.14,4.461910765064249,0.3
target_matched,target_matched_10,LocalGraph_g0p30,AGC_197,4.52,4.449492656989898,0.3
target_matched,target_matched_11,LocalGraph_g0p40,AGC_001,3.5,2.999220226817698,0.4
target_matched,target_matched_11,LocalGraph_g0p40,AGC_006,4.49,4.503401806880628,0.4
target_matched,target_matched_11,LocalGraph_g0p40,AGC_008,4.55,4.365416335921294,0.4
target_matched,target_matched_11,LocalGraph_g0p40,AGC_009,4.79,4.552525768468567,0.4
target_matched,target_matched_11,LocalGraph_g0p40,AGC_012,4.69,4.5470315523539035,0.4
target_matched,target_matched_11,LocalGraph_g0p40,AGC_019,3.0,3.0288306575277106,0.4
target_matched,target_matched_11,LocalGraph_g0p40,AGC_021,4.94,4.623659765983018,0.4
target_matched,target_matched_11,LocalGraph_g0p40,AGC_023,3.0,2.945390309934481,0.4
target_matched,target_matched_11,LocalGraph_g0p40,AGC_026,3.55,4.464089411197091,0.4
target_matched,target_matched_11,LocalGraph_g0p40,AGC_040,3.0,2.9261259081146207,0.4
target_matched,target_matched_11,LocalGraph_g0p40,AGC_041,2.5,3.019576222430893,0.4
target_matched,target_matched_11,LocalGraph_g0p40,AGC_046,3.0,3.011727926862169,0.4
target_matched,target_matched_11,LocalGraph_g0p40,AGC_049,5.53,4.682825833790241,0.4
target_matched,target_matched_11,LocalGraph_g0p40,AGC_051,4.45,4.246206052606169,0.4
target_matched,target_matched_11,LocalGraph_g0p40,AGC_064,4.51,4.541687734811912,0.4
target_matched,target_matched_11,LocalGraph_g0p40,AGC_070,3.3,3.121647145148423,0.4
target_matched,target_matched_11,LocalGraph_g0p40,AGC_072,4.55,4.404094339732922,0.4
target_matched,target_matched_11,LocalGraph_g0p40,AGC_077,4.76,4.501480084055334,0.4
target_matched,target_matched_11,LocalGraph_g0p40,AGC_080,3.5,3.2399083772830757,0.4
target_matched,target_matched_11,LocalGraph_g0p40,AGC_099,3.5,3.01017076835952,0.4
target_matched,target_matched_11,LocalGraph_g0p40,AGC_102,4.4,4.495058410693031,0.4
target_matched,target_matched_11,LocalGraph_g0p40,AGC_106,4.43,4.394178580198118,0.4
target_matched,target_matched_11,LocalGraph_g0p40,AGC_110,4.18,4.4105428040313575,0.4
target_matched,target_matched_11,LocalGraph_g0p40,AGC_114,3.0,3.0209629350358322,0.4
target_matched,target_matched_11,LocalGraph_g0p40,AGC_117,3.5,3.123595393289753,0.4
target_matched,target_matched_11,LocalGraph_g0p40,AGC_119,4.4,4.537420652181197,0.4
target_matched,target_matched_11,LocalGraph_g0p40,AGC_123,2.5,3.144264138131244,0.4
target_matched,target_matched_11,LocalGraph_g0p40,AGC_134,4.52,4.237130259768483,0.4
target_matched,target_matched_11,LocalGraph_g0p40,AGC_138,2.5,3.0245948457916887,0.4
target_matched,target_matched_11,LocalGraph_g0p40,AGC_139,4.67,4.43180368042914,0.4
target_matched,target_matched_11,LocalGraph_g0p40,AGC_151,4.69,4.609211290250598,0.4
target_matched,target_matched_11,LocalGraph_g0p40,AGC_159,4.77,4.582809585592121,0.4
target_matched,target_matched_11,LocalGraph_g0p40,AGC_161,4.46,4.5851641002286,0.4
target_matched,target_matched_11,LocalGraph_g0p40,AGC_164,3.0,2.9336895975207167,0.4
target_matched,target_matched_11,LocalGraph_g0p40,AGC_165,4.44,4.4132161665762535,0.4
target_matched,target_matched_11,LocalGraph_g0p40,AGC_167,4.54,4.528973935588452,0.4
target_matched,target_matched_11,LocalGraph_g0p40,AGC_170,3.0,2.945270079867824,0.4
target_matched,target_matched_11,LocalGraph_g0p40,AGC_171,2.15,4.3414268283272825,0.4
target_matched,target_matched_11,LocalGraph_g0p40,AGC_176,4.38,4.503802932838648,0.4
target_matched,target_matched_11,LocalGraph_g0p40,AGC_181,4.51,4.5940591837571105,0.4
target_matched,target_matched_11,LocalGraph_g0p40,AGC_189,4.03,4.411632176810257,0.4
target_matched,target_matched_12,LocalGraph_g0p30,AGC_005,5.16,4.635589090453134,0.3
target_matched,target_matched_12,LocalGraph_g0p30,AGC_009,4.79,4.441231841330585,0.3
target_matched,target_matched_12,LocalGraph_g0p30,AGC_010,4.1,4.401626494462686,0.3
target_matched,target_matched_12,LocalGraph_g0p30,AGC_015,2.64,4.656733695742983,0.3
target_matched,target_matched_12,LocalGraph_g0p30,AGC_017,4.98,4.485322203177736,0.3
target_matched,target_matched_12,LocalGraph_g0p30,AGC_022,4.55,4.417032615522161,0.3
target_matched,target_matched_12,LocalGraph_g0p30,AGC_034,2.0,3.143983494451403,0.3
target_matched,target_matched_12,LocalGraph_g0p30,AGC_037,3.5,3.0378750138267625,0.3
target_matched,target_matched_12,LocalGraph_g0p30,AGC_038,3.3,3.1552542882914976,0.3
target_matched,target_matched_12,LocalGraph_g0p30,AGC_049,5.53,4.742620944248792,0.3
target_matched,target_matched_12,LocalGraph_g0p30,AGC_051,4.45,4.514902278285248,0.3
target_matched,target_matched_12,LocalGraph_g0p30,AGC_054,2.5,3.0322935633072894,0.3
target_matched,target_matched_12,LocalGraph_g0p30,AGC_058,2.5,3.0539850962338053,0.3
target_matched,target_matched_12,LocalGraph_g0p30,AGC_059,4.41,4.530327852598066,0.3
target_matched,target_matched_12,LocalGraph_g0p30,AGC_060,4.52,4.873885869619976,0.3
target_matched,target_matched_12,LocalGraph_g0p30,AGC_064,4.51,4.470362672816746,0.3
target_matched,target_matched_12,LocalGraph_g0p30,AGC_068,2.5,3.0474545283406345,0.3
target_matched,target_matched_12,LocalGraph_g0p30,AGC_070,3.3,3.1589162815887444,0.3
target_matched,target_matched_12,LocalGraph_g0p30,AGC_073,4.3,4.420505352802881,0.3
target_matched,target_matched_12,LocalGraph_g0p30,AGC_096,4.59,4.394692577495602,0.3
target_matched,target_matched_12,LocalGraph_g0p30,AGC_101,4.57,4.372165195913077,0.3
target_matched,target_matched_12,LocalGraph_g0p30,AGC_105,4.41,4.447970485375903,0.3
target_matched,target_matched_12,LocalGraph_g0p30,AGC_110,4.18,4.41202381792815,0.3
target_matched,target_matched_12,LocalGraph_g0p30,AGC_112,3.0,3.028377769664171,0.3
target_matched,target_matched_12,LocalGraph_g0p30,AGC_117,3.5,3.166625216969529,0.3
target_matched,target_matched_12,LocalGraph_g0p30,AGC_122,3.5,2.967615918473247,0.3
target_matched,target_matched_12,LocalGraph_g0p30,AGC_123,2.5,3.0003304527185124,0.3
target_matched,target_matched_12,LocalGraph_g0p30,AGC_125,4.06,4.433076279319301,0.3
target_matched,target_matched_12,LocalGraph_g0p30,AGC_131,4.89,4.475200595595106,0.3
target_matched,target_matched_12,LocalGraph_g0p30,AGC_133,3.91,4.498628330424418,0.3
target_matched,target_matched_12,LocalGraph_g0p30,AGC_134,4.52,4.511498019205386,0.3
target_matched,target_matched_12,LocalGraph_g0p30,AGC_145,3.5,2.995399792897522,0.3
target_matched,target_matched_12,LocalGraph_g0p30,AGC_161,4.46,4.644673344104431,0.3
target_matched,target_matched_12,LocalGraph_g0p30,AGC_165,4.44,4.4516023651629855,0.3
target_matched,target_matched_12,LocalGraph_g0p30,AGC_169,2.5,3.0457383162353913,0.3
target_matched,target_matched_12,LocalGraph_g0p30,AGC_170,3.0,3.045571261320206,0.3
target_matched,target_matched_12,LocalGraph_g0p30,AGC_171,2.15,4.2806446842143,0.3
target_matched,target_matched_12,LocalGraph_g0p30,AGC_172,5.19,4.549481961209984,0.3
target_matched,target_matched_12,LocalGraph_g0p30,AGC_180,4.14,4.512916514952065,0.3
target_matched,target_matched_12,LocalGraph_g0p30,AGC_185,5.01,4.438307295323959,0.3
target_matched,target_matched_12,LocalGraph_g0p30,AGC_194,3.2,2.9445083310242635,0.3
target_matched,target_matched_13,LocalGraph_g0p25,AGC_002,4.63,4.480704262411864,0.25
target_matched,target_matched_13,LocalGraph_g0p25,AGC_006,4.49,4.582334188316194,0.25
target_matched,target_matched_13,LocalGraph_g0p25,AGC_008,4.55,4.157447664074869,0.25
target_matched,target_matched_13,LocalGraph_g0p25,AGC_009,4.79,4.473051339218065,0.25
target_matched,target_matched_13,LocalGraph_g0p25,AGC_010,4.1,4.341948122863799,0.25
target_matched,target_matched_13,LocalGraph_g0p25,AGC_013,4.01,4.502681133752924,0.25
target_matched,target_matched_13,LocalGraph_g0p25,AGC_023,3.0,2.9955364495462407,0.25
target_matched,target_matched_13,LocalGraph_g0p25,AGC_026,3.55,4.363236008409846,0.25
target_matched,target_matched_13,LocalGraph_g0p25,AGC_038,3.3,3.0428621667883102,0.25
target_matched,target_matched_13,LocalGraph_g0p25,AGC_049,5.53,4.75678356312693,0.25
target_matched,target_matched_13,LocalGraph_g0p25,AGC_051,4.45,4.230308715391673,0.25
target_matched,target_matched_13,LocalGraph_g0p25,AGC_053,3.5,3.1496397469688198,0.25
target_matched,target_matched_13,LocalGraph_g0p25,AGC_056,5.07,4.610278354522252,0.25
target_matched,target_matched_13,LocalGraph_g0p25,AGC_058,2.5,3.045484437375422,0.25
target_matched,target_matched_13,LocalGraph_g0p25,AGC_059,4.41,4.5236156305335005,0.25
target_matched,target_matched_13,LocalGraph_g0p25,AGC_060,4.52,4.831523997912498,0.25
target_matched,target_matched_13,LocalGraph_g0p25,AGC_062,3.81,4.417619995465624,0.25
target_matched,target_matched_13,LocalGraph_g0p25,AGC_064,4.51,4.461430318567914,0.25
target_matched,target_matched_13,LocalGraph_g0p25,AGC_066,3.0,2.9791028343772883,0.25
target_matched,target_matched_13,LocalGraph_g0p25,AGC_067,3.0,3.2011644910440054,0.25
target_matched,target_matched_13,LocalGraph_g0p25,AGC_068,2.5,2.9290591555416055,0.25
target_matched,target_matched_13,LocalGraph_g0p25,AGC_078,3.0,3.195322370618095,0.25
target_matched,target_matched_13,LocalGraph_g0p25,AGC_089,3.0,3.1354994343603226,0.25
target_matched,target_matched_13,LocalGraph_g0p25,AGC_098,3.0,3.1211221686676325,0.25
target_matched,target_matched_13,LocalGraph_g0p25,AGC_099,3.5,2.9901571325044243,0.25
target_matched,target_matched_13,LocalGraph_g0p25,AGC_101,4.57,4.247001311142103,0.25
target_matched,target_matched_13,LocalGraph_g0p25,AGC_102,4.4,4.2701235125217165,0.25
target_matched,target_matched_13,LocalGraph_g0p25,AGC_103,3.0,3.064104463442218,0.25
target_matched,target_matched_13,LocalGraph_g0p25,AGC_105,4.41,4.356137268305161,0.25
target_matched,target_matched_13,LocalGraph_g0p25,AGC_106,4.43,4.26089598874606,0.25
target_matched,target_matched_13,LocalGraph_g0p25,AGC_109,4.54,4.70099633669184,0.25
target_matched,target_matched_13,LocalGraph_g0p25,AGC_110,4.18,4.299726975115375,0.25
target_matched,target_matched_13,LocalGraph_g0p25,AGC_119,4.4,4.456554120731543,0.25
target_matched,target_matched_13,LocalGraph_g0p25,AGC_123,2.5,3.2137518482677665,0.25
target_matched,target_matched_13,LocalGraph_g0p25,AGC_131,4.89,4.464960075273676,0.25
target_matched,target_matched_13,LocalGraph_g0p25,AGC_134,4.52,4.226062768514542,0.25
target_matched,target_matched_13,LocalGraph_g0p25,AGC_141,3.5,3.016507584380103,0.25
target_matched,target_matched_13,LocalGraph_g0p25,AGC_144,2.5,3.109255183497357,0.25
target_matched,target_matched_13,LocalGraph_g0p25,AGC_159,4.77,4.580854989509168,0.25
target_matched,target_matched_13,LocalGraph_g0p25,AGC_179,4.55,4.575472348335172,0.25
target_matched,target_matched_13,LocalGraph_g0p25,AGC_185,5.01,4.305814771263979,0.25
target_matched,target_matched_14,LocalGraph_g0p25,AGC_002,4.63,4.432602691389434,0.25
target_matched,target_matched_14,LocalGraph_g0p25,AGC_006,4.49,4.489654830289148,0.25
target_matched,target_matched_14,LocalGraph_g0p25,AGC_017,4.98,4.4037203302922485,0.25
target_matched,target_matched_14,LocalGraph_g0p25,AGC_019,3.0,2.9973037687063813,0.25
target_matched,target_matched_14,LocalGraph_g0p25,AGC_023,3.0,2.968796662713201,0.25
target_matched,target_matched_14,LocalGraph_g0p25,AGC_026,3.55,4.339416549548011,0.25
target_matched,target_matched_14,LocalGraph_g0p25,AGC_034,2.0,3.200958970958742,0.25
target_matched,target_matched_14,LocalGraph_g0p25,AGC_038,3.3,3.1932472033667256,0.25
target_matched,target_matched_14,LocalGraph_g0p25,AGC_049,5.53,4.6940858798003555,0.25
target_matched,target_matched_14,LocalGraph_g0p25,AGC_053,3.5,3.1695088510584526,0.25
target_matched,target_matched_14,LocalGraph_g0p25,AGC_054,2.5,3.054057017208824,0.25
target_matched,target_matched_14,LocalGraph_g0p25,AGC_056,5.07,4.563527069824252,0.25
target_matched,target_matched_14,LocalGraph_g0p25,AGC_058,2.5,3.0908444511016198,0.25
target_matched,target_matched_14,LocalGraph_g0p25,AGC_062,3.81,4.408077789051433,0.25
target_matched,target_matched_14,LocalGraph_g0p25,AGC_064,4.51,4.57059394146484,0.25
target_matched,target_matched_14,LocalGraph_g0p25,AGC_067,3.0,3.2387520917461767,0.25
target_matched,target_matched_14,LocalGraph_g0p25,AGC_070,3.3,3.1939576003178054,0.25
target_matched,target_matched_14,LocalGraph_g0p25,AGC_077,4.76,4.44531931646023,0.25
target_matched,target_matched_14,LocalGraph_g0p25,AGC_089,3.0,3.159068494785384,0.25
target_matched,target_matched_14,LocalGraph_g0p25,AGC_090,4.68,4.322474320840218,0.25
target_matched,target_matched_14,LocalGraph_g0p25,AGC_096,4.59,4.303069607143284,0.25
target_matched,target_matched_14,LocalGraph_g0p25,AGC_098,3.0,3.0312033676781938,0.25
target_matched,target_matched_14,LocalGraph_g0p25,AGC_102,4.4,4.304686637338231,0.25
target_matched,target_matched_14,LocalGraph_g0p25,AGC_108,4.51,4.6455753531140145,0.25
target_matched,target_matched_14,LocalGraph_g0p25,AGC_110,4.18,4.330635125035246,0.25
target_matched,target_matched_14,LocalGraph_g0p25,AGC_119,4.4,4.6646099973433985,0.25
target_matched,target_matched_14,LocalGraph_g0p25,AGC_124,5.05,4.383878729088771,0.25
target_matched,target_matched_14,LocalGraph_g0p25,AGC_127,5.57,4.484894213797581,0.25
target_matched,target_matched_14,LocalGraph_g0p25,AGC_140,3.2,3.336883237909765,0.25
target_matched,target_matched_14,LocalGraph_g0p25,AGC_141,3.5,3.035260480641379,0.25
target_matched,target_matched_14,LocalGraph_g0p25,AGC_145,3.5,2.9086570747456557,0.25
target_matched,target_matched_14,LocalGraph_g0p25,AGC_152,4.87,4.516270542891339,0.25
target_matched,target_matched_14,LocalGraph_g0p25,AGC_155,4.52,4.585992696960032,0.25
target_matched,target_matched_14,LocalGraph_g0p25,AGC_157,3.0,3.0480536951529182,0.25
target_matched,target_matched_14,LocalGraph_g0p25,AGC_159,4.77,4.542081570353574,0.25
target_matched,target_matched_14,LocalGraph_g0p25,AGC_163,3.0,3.025591556298183,0.25
target_matched,target_matched_14,LocalGraph_g0p25,AGC_167,4.54,4.427627523487895,0.25
target_matched,target_matched_14,LocalGraph_g0p25,AGC_170,3.0,2.978289147006179,0.25
target_matched,target_matched_14,LocalGraph_g0p25,AGC_178,4.39,4.3279946024822,0.25
target_matched,target_matched_14,LocalGraph_g0p25,AGC_185,5.01,4.286269819567031,0.25
target_matched,target_matched_14,LocalGraph_g0p25,AGC_194,3.2,2.9661899176643742,0.25
target_matched,target_matched_15,LocalGraph_g0p25,AGC_001,3.5,2.9017945549718145,0.25
target_matched,target_matched_15,LocalGraph_g0p25,AGC_008,4.55,4.485004814205342,0.25
target_matched,target_matched_15,LocalGraph_g0p25,AGC_009,4.79,4.612220522158588,0.25
target_matched,target_matched_15,LocalGraph_g0p25,AGC_010,4.1,4.4580698772663165,0.25
target_matched,target_matched_15,LocalGraph_g0p25,AGC_015,2.64,4.761096263318697,0.25
target_matched,target_matched_15,LocalGraph_g0p25,AGC_019,3.0,3.0182524330480955,0.25
target_matched,target_matched_15,LocalGraph_g0p25,AGC_024,3.03,4.565812945519701,0.25
target_matched,target_matched_15,LocalGraph_g0p25,AGC_026,3.55,4.506710744607719,0.25
target_matched,target_matched_15,LocalGraph_g0p25,AGC_033,4.47,4.702174626056432,0.25
target_matched,target_matched_15,LocalGraph_g0p25,AGC_034,2.0,3.1773145214833987,0.25
target_matched,target_matched_15,LocalGraph_g0p25,AGC_037,3.5,2.821233111563014,0.25
target_matched,target_matched_15,LocalGraph_g0p25,AGC_045,4.1,4.516946991768698,0.25
target_matched,target_matched_15,LocalGraph_g0p25,AGC_049,5.53,4.752967716440001,0.25
target_matched,target_matched_15,LocalGraph_g0p25,AGC_053,3.5,3.0631147933221143,0.25
target_matched,target_matched_15,LocalGraph_g0p25,AGC_064,4.51,4.605857241071553,0.25
target_matched,target_matched_15,LocalGraph_g0p25,AGC_068,2.5,2.8786146660233793,0.25
target_matched,target_matched_15,LocalGraph_g0p25,AGC_070,3.3,3.1908215193511564,0.25
target_matched,target_matched_15,LocalGraph_g0p25,AGC_073,4.3,4.441339194767731,0.25
target_matched,target_matched_15,LocalGraph_g0p25,AGC_079,3.3,3.2316255939149916,0.25
target_matched,target_matched_15,LocalGraph_g0p25,AGC_080,3.5,3.3268273692166757,0.25
target_matched,target_matched_15,LocalGraph_g0p25,AGC_090,4.68,4.55961208138045,0.25
target_matched,target_matched_15,LocalGraph_g0p25,AGC_092,4.57,4.667855544882421,0.25
target_matched,target_matched_15,LocalGraph_g0p25,AGC_099,3.5,2.893036075786899,0.25
target_matched,target_matched_15,LocalGraph_g0p25,AGC_101,4.57,4.543052123260198,0.25
target_matched,target_matched_15,LocalGraph_g0p25,AGC_104,4.56,4.541105258190998,0.25
target_matched,target_matched_15,LocalGraph_g0p25,AGC_110,4.18,4.501575290951262,0.25
target_matched,target_matched_15,LocalGraph_g0p25,AGC_119,4.4,4.596500780641399,0.25
target_matched,target_matched_15,LocalGraph_g0p25,AGC_122,3.5,2.9045559485259305,0.25
target_matched,target_matched_15,LocalGraph_g0p25,AGC_123,2.5,2.9395001039641797,0.25
target_matched,target_matched_15,LocalGraph_g0p25,AGC_141,3.5,2.939636643885813,0.25
target_matched,target_matched_15,LocalGraph_g0p25,AGC_144,2.5,2.996938672015318,0.25
target_matched,target_matched_15,LocalGraph_g0p25,AGC_145,3.5,2.945116285176731,0.25
target_matched,target_matched_15,LocalGraph_g0p25,AGC_151,4.69,4.611635888704392,0.25
target_matched,target_matched_15,LocalGraph_g0p25,AGC_161,4.46,4.686919657313834,0.25
target_matched,target_matched_15,LocalGraph_g0p25,AGC_164,3.0,2.951805071729644,0.25
target_matched,target_matched_15,LocalGraph_g0p25,AGC_167,4.54,4.711313672417793,0.25
target_matched,target_matched_15,LocalGraph_g0p25,AGC_171,2.15,4.550390643289289,0.25
target_matched,target_matched_15,LocalGraph_g0p25,AGC_172,5.19,4.536528270998809,0.25
target_matched,target_matched_15,LocalGraph_g0p25,AGC_179,4.55,4.657740958842416,0.25
target_matched,target_matched_15,LocalGraph_g0p25,AGC_181,4.51,4.661762688256451,0.25
target_matched,target_matched_15,LocalGraph_g0p25,AGC_194,3.2,2.9837312256730737,0.25
target_matched,target_matched_16,LocalGraph_g0p20,AGC_004,3.0,2.910452143662297,0.2
target_matched,target_matched_16,LocalGraph_g0p20,AGC_008,4.55,4.145066559116423,0.2
target_matched,target_matched_16,LocalGraph_g0p20,AGC_009,4.79,4.437521828814697,0.2
target_matched,target_matched_16,LocalGraph_g0p20,AGC_014,4.83,4.228559321760173,0.2
target_matched,target_matched_16,LocalGraph_g0p20,AGC_023,3.0,2.955685620021784,0.2
target_matched,target_matched_16,LocalGraph_g0p20,AGC_034,2.0,3.2516760266467024,0.2
target_matched,target_matched_16,LocalGraph_g0p20,AGC_037,3.5,2.8535637046167217,0.2
target_matched,target_matched_16,LocalGraph_g0p20,AGC_038,3.3,3.257310017549825,0.2
target_matched,target_matched_16,LocalGraph_g0p20,AGC_040,3.0,2.9262275198076764,0.2
target_matched,target_matched_16,LocalGraph_g0p20,AGC_046,3.0,3.0531784072807566,0.2
target_matched,target_matched_16,LocalGraph_g0p20,AGC_053,3.5,2.8999155185475693,0.2
target_matched,target_matched_16,LocalGraph_g0p20,AGC_054,2.5,2.9303046703382685,0.2
target_matched,target_matched_16,LocalGraph_g0p20,AGC_059,4.41,4.436664268414944,0.2
target_matched,target_matched_16,LocalGraph_g0p20,AGC_060,4.52,4.878636185746098,0.2
target_matched,target_matched_16,LocalGraph_g0p20,AGC_062,3.81,4.434253759051565,0.2
target_matched,target_matched_16,LocalGraph_g0p20,AGC_064,4.51,4.458010447884616,0.2
target_matched,target_matched_16,LocalGraph_g0p20,AGC_073,4.3,4.432039146757626,0.2
target_matched,target_matched_16,LocalGraph_g0p20,AGC_079,3.3,3.30027513761348,0.2
target_matched,target_matched_16,LocalGraph_g0p20,AGC_090,4.68,4.408125160247881,0.2
target_matched,target_matched_16,LocalGraph_g0p20,AGC_092,4.57,4.469978476054582,0.2
target_matched,target_matched_16,LocalGraph_g0p20,AGC_098,3.0,3.1177026284205183,0.2
target_matched,target_matched_16,LocalGraph_g0p20,AGC_101,4.57,4.266006077864093,0.2
target_matched,target_matched_16,LocalGraph_g0p20,AGC_104,4.56,4.3386220940447995,0.2
target_matched,target_matched_16,LocalGraph_g0p20,AGC_105,4.41,4.294813409333246,0.2
target_matched,target_matched_16,LocalGraph_g0p20,AGC_109,4.54,4.747572552144392,0.2
target_matched,target_matched_16,LocalGraph_g0p20,AGC_110,4.18,4.308649516603592,0.2
target_matched,target_matched_16,LocalGraph_g0p20,AGC_114,3.0,3.0653958108735937,0.2
target_matched,target_matched_16,LocalGraph_g0p20,AGC_115,4.6,4.484421188495764,0.2
target_matched,target_matched_16,LocalGraph_g0p20,AGC_117,3.5,2.8936600038029496,0.2
target_matched,target_matched_16,LocalGraph_g0p20,AGC_123,2.5,3.1924972575383523,0.2
target_matched,target_matched_16,LocalGraph_g0p20,AGC_124,5.05,4.443596228623365,0.2
target_matched,target_matched_16,LocalGraph_g0p20,AGC_125,4.06,4.200358840548709,0.2
target_matched,target_matched_16,LocalGraph_g0p20,AGC_148,3.0,3.149942053199139,0.2
target_matched,target_matched_16,LocalGraph_g0p20,AGC_150,4.52,4.357080114809994,0.2
target_matched,target_matched_16,LocalGraph_g0p20,AGC_152,4.87,4.526210818403454,0.2
target_matched,target_matched_16,LocalGraph_g0p20,AGC_161,4.46,4.64379715079843,0.2
target_matched,target_matched_16,LocalGraph_g0p20,AGC_166,2.5,3.0375793991207196,0.2
target_matched,target_matched_16,LocalGraph_g0p20,AGC_172,5.19,4.549094480188691,0.2
target_matched,target_matched_16,LocalGraph_g0p20,AGC_178,4.39,4.354680223250613,0.2
target_matched,target_matched_16,LocalGraph_g0p20,AGC_180,4.14,4.46387159492593,0.2
target_matched,target_matched_16,LocalGraph_g0p20,AGC_189,4.03,4.234517726035251,0.2
