protocol,expression_key,operation,left,right,formula,selected_folds,selection_rate,mean_rank,mean_abs_spearman_train,mean_signed_spearman_train,direction_consistency
fold_municipality_grouped,reverse_safe_ratio::siap_hist__yield_trend_recent::agro_thermal__2025__gdd_proxy_base5p0c,reverse_safe_ratio,siap_hist__yield_trend_recent,agro_thermal__2025__gdd_proxy_base5p0c,(agro_thermal__2025__gdd_proxy_base5p0c) / (abs(siap_hist__yield_trend_recent) + eps),4,0.8,11.5,0.6283736927515485,-0.6283736927515485,1.0
fold_municipality_grouped,reverse_safe_ratio::soilgrids__soc__depth_weighted_0_30cm::clim_official_2025__prec__season_sum,reverse_safe_ratio,soilgrids__soc__depth_weighted_0_30cm,clim_official_2025__prec__season_sum,(clim_official_2025__prec__season_sum) / (abs(soilgrids__soc__depth_weighted_0_30cm) + eps),3,0.6,3.0,0.7030059107128025,-0.7030059107128025,1.0
fold_municipality_grouped,safe_ratio::soilgrids__soc__depth_weighted_0_30cm::clim_official_2025__prec__season_sum,safe_ratio,soilgrids__soc__depth_weighted_0_30cm,clim_official_2025__prec__season_sum,(soilgrids__soc__depth_weighted_0_30cm) / (abs(clim_official_2025__prec__season_sum) + eps),3,0.6,4.0,0.7030059107128025,0.7030059107128025,1.0
fold_municipality_grouped,symmetric_change::soilgrids__soc__depth_weighted_0_30cm::clim_official_2025__prec__season_sum,symmetric_change,soilgrids__soc__depth_weighted_0_30cm,clim_official_2025__prec__season_sum,2*((soilgrids__soc__depth_weighted_0_30cm)-(clim_official_2025__prec__season_sum)) / (abs(soilgrids__soc__depth_weighted_0_30cm)+abs(clim_official_2025__prec__season_sum)+eps),3,0.6,5.0,0.7030059107128025,0.7030059107128025,1.0
fold_municipality_grouped,symmetric_change::siap_hist__yield_trend_recent::siap_hist__yield_mean_recent,symmetric_change,siap_hist__yield_trend_recent,siap_hist__yield_mean_recent,2*((siap_hist__yield_trend_recent)-(siap_hist__yield_mean_recent)) / (abs(siap_hist__yield_trend_recent)+abs(siap_hist__yield_mean_recent)+eps),3,0.6,6.666666666666667,0.6927134069347808,0.6927134069347808,1.0
fold_municipality_grouped,reverse_safe_ratio::siap_hist__yield_trend_recent::clim_official_2025__prec__season_sum,reverse_safe_ratio,siap_hist__yield_trend_recent,clim_official_2025__prec__season_sum,(clim_official_2025__prec__season_sum) / (abs(siap_hist__yield_trend_recent) + eps),3,0.6,8.333333333333334,0.6835224060609465,-0.6835224060609465,1.0
fold_municipality_grouped,symmetric_change::siap_hist__yield_trend_recent::clim_official_2025__prec__season_sum,symmetric_change,siap_hist__yield_trend_recent,clim_official_2025__prec__season_sum,2*((siap_hist__yield_trend_recent)-(clim_official_2025__prec__season_sum)) / (abs(siap_hist__yield_trend_recent)+abs(clim_official_2025__prec__season_sum)+eps),3,0.6,8.333333333333334,0.6816825408809137,0.6816825408809137,1.0
fold_municipality_grouped,reverse_safe_ratio::siap_hist__yield_trend_recent::siap_hist__yield_mean_recent,reverse_safe_ratio,siap_hist__yield_trend_recent,siap_hist__yield_mean_recent,(siap_hist__yield_mean_recent) / (abs(siap_hist__yield_trend_recent) + eps),2,0.4,3.5,0.7188010317814654,-0.7188010317814654,1.0
fold_municipality_grouped,symmetric_change::siap_hist__yield_trend_recent::agro_water__2025__precip_minus_aeti_season,symmetric_change,siap_hist__yield_trend_recent,agro_water__2025__precip_minus_aeti_season,2*((siap_hist__yield_trend_recent)-(agro_water__2025__precip_minus_aeti_season)) / (abs(siap_hist__yield_trend_recent)+abs(agro_water__2025__precip_minus_aeti_season)+eps),2,0.4,6.5,0.7119324966971883,0.7119324966971883,1.0
fold_municipality_grouped,reverse_safe_ratio::clim_official_2025__prec__season_sum::soilgrids__nitrogen__depth_weighted_0_30cm,reverse_safe_ratio,clim_official_2025__prec__season_sum,soilgrids__nitrogen__depth_weighted_0_30cm,(soilgrids__nitrogen__depth_weighted_0_30cm) / (abs(clim_official_2025__prec__season_sum) + eps),2,0.4,13.5,0.5736066083257763,0.5736066083257763,1.0
fold_municipality_grouped,safe_ratio::clim_official_2025__prec__season_sum::soilgrids__nitrogen__depth_weighted_0_30cm,safe_ratio,clim_official_2025__prec__season_sum,soilgrids__nitrogen__depth_weighted_0_30cm,(clim_official_2025__prec__season_sum) / (abs(soilgrids__nitrogen__depth_weighted_0_30cm) + eps),2,0.4,14.5,0.5736066083257763,-0.5736066083257763,1.0
fold_municipality_grouped,reverse_safe_ratio::siap_hist__yield_trend_recent::agro_water__2025__precip_minus_aeti_season,reverse_safe_ratio,siap_hist__yield_trend_recent,agro_water__2025__precip_minus_aeti_season,(agro_water__2025__precip_minus_aeti_season) / (abs(siap_hist__yield_trend_recent) + eps),2,0.4,15.5,0.6996107912721974,-0.6996107912721974,1.0
fold_municipality_grouped,symmetric_change::clim_official_2025__prec__season_sum::soilgrids__nitrogen__depth_weighted_0_30cm,symmetric_change,clim_official_2025__prec__season_sum,soilgrids__nitrogen__depth_weighted_0_30cm,2*((clim_official_2025__prec__season_sum)-(soilgrids__nitrogen__depth_weighted_0_30cm)) / (abs(clim_official_2025__prec__season_sum)+abs(soilgrids__nitrogen__depth_weighted_0_30cm)+eps),2,0.4,15.5,0.5736066083257763,-0.5736066083257763,1.0
fold_municipality_grouped,reverse_safe_ratio::siap_hist__yield_trend_recent::soilgrids__cec__depth_weighted_0_30cm,reverse_safe_ratio,siap_hist__yield_trend_recent,soilgrids__cec__depth_weighted_0_30cm,(soilgrids__cec__depth_weighted_0_30cm) / (abs(siap_hist__yield_trend_recent) + eps),2,0.4,16.0,0.6976545745910001,-0.6976545745910001,1.0
fold_municipality_grouped,reverse_safe_ratio::agro_pheno__y2025_s2_ndvi__auc::soilgrids__cec__depth_weighted_0_30cm,reverse_safe_ratio,agro_pheno__y2025_s2_ndvi__auc,soilgrids__cec__depth_weighted_0_30cm,(soilgrids__cec__depth_weighted_0_30cm) / (abs(agro_pheno__y2025_s2_ndvi__auc) + eps),1,0.2,1.0,0.5660797840472358,-0.5660797840472358,1.0
fold_municipality_grouped,reverse_safe_ratio::clim_official_2025__prec__season_sum::soilgrids__soc__depth_weighted_0_30cm,reverse_safe_ratio,clim_official_2025__prec__season_sum,soilgrids__soc__depth_weighted_0_30cm,(soilgrids__soc__depth_weighted_0_30cm) / (abs(clim_official_2025__prec__season_sum) + eps),1,0.2,1.0,0.5012625826870797,0.5012625826870797,1.0
fold_municipality_grouped,product::siap_hist__yield_trend_recent::siap_hist__yield_mean_recent,product,siap_hist__yield_trend_recent,siap_hist__yield_mean_recent,(siap_hist__yield_trend_recent) * (siap_hist__yield_mean_recent),1,0.2,2.0,0.7348898158937808,0.7348898158937808,1.0
fold_municipality_grouped,safe_ratio::agro_pheno__y2025_s2_ndvi__auc::soilgrids__cec__depth_weighted_0_30cm,safe_ratio,agro_pheno__y2025_s2_ndvi__auc,soilgrids__cec__depth_weighted_0_30cm,(agro_pheno__y2025_s2_ndvi__auc) / (abs(soilgrids__cec__depth_weighted_0_30cm) + eps),1,0.2,2.0,0.5660797840472358,0.5660797840472358,1.0
fold_municipality_grouped,safe_ratio::clim_official_2025__prec__season_sum::soilgrids__soc__depth_weighted_0_30cm,safe_ratio,clim_official_2025__prec__season_sum,soilgrids__soc__depth_weighted_0_30cm,(clim_official_2025__prec__season_sum) / (abs(soilgrids__soc__depth_weighted_0_30cm) + eps),1,0.2,2.0,0.5012625826870797,-0.5012625826870797,1.0
fold_municipality_grouped,symmetric_change::agro_pheno__y2025_s2_ndvi__auc::soilgrids__cec__depth_weighted_0_30cm,symmetric_change,agro_pheno__y2025_s2_ndvi__auc,soilgrids__cec__depth_weighted_0_30cm,2*((agro_pheno__y2025_s2_ndvi__auc)-(soilgrids__cec__depth_weighted_0_30cm)) / (abs(agro_pheno__y2025_s2_ndvi__auc)+abs(soilgrids__cec__depth_weighted_0_30cm)+eps),1,0.2,3.0,0.5660797840472358,0.5660797840472358,1.0
fold_municipality_grouped,symmetric_change::clim_official_2025__prec__season_sum::soilgrids__soc__depth_weighted_0_30cm,symmetric_change,clim_official_2025__prec__season_sum,soilgrids__soc__depth_weighted_0_30cm,2*((clim_official_2025__prec__season_sum)-(soilgrids__soc__depth_weighted_0_30cm)) / (abs(clim_official_2025__prec__season_sum)+abs(soilgrids__soc__depth_weighted_0_30cm)+eps),1,0.2,3.0,0.5012625826870797,-0.5012625826870797,1.0
fold_municipality_grouped,product::soilgrids__soc__depth_weighted_0_30cm::agro_thermal__2025__gdd_proxy_base5p0c,product,soilgrids__soc__depth_weighted_0_30cm,agro_thermal__2025__gdd_proxy_base5p0c,(soilgrids__soc__depth_weighted_0_30cm) * (agro_thermal__2025__gdd_proxy_base5p0c),1,0.2,4.0,0.6416656160304622,0.6416656160304622,1.0
fold_municipality_grouped,difference::agro_pheno__y2025_s2_ndvi__auc::siap_hist__yield_mean_recent,difference,agro_pheno__y2025_s2_ndvi__auc,siap_hist__yield_mean_recent,(agro_pheno__y2025_s2_ndvi__auc) - (siap_hist__yield_mean_recent),1,0.2,4.0,0.5520039501586433,0.5520039501586433,1.0
fold_municipality_grouped,symmetric_change::clim_official_2025__prec__season_sum::siap_hist__yield_trend_recent,symmetric_change,clim_official_2025__prec__season_sum,siap_hist__yield_trend_recent,2*((clim_official_2025__prec__season_sum)-(siap_hist__yield_trend_recent)) / (abs(clim_official_2025__prec__season_sum)+abs(siap_hist__yield_trend_recent)+eps),1,0.2,4.0,0.49167077884225885,-0.49167077884225885,1.0
fold_municipality_grouped,safe_ratio::siap_hist__yield_trend_recent::siap_hist__yield_mean_recent,safe_ratio,siap_hist__yield_trend_recent,siap_hist__yield_mean_recent,(siap_hist__yield_trend_recent) / (abs(siap_hist__yield_mean_recent) + eps),1,0.2,5.0,0.7227988287711594,0.7227988287711594,1.0
fold_municipality_grouped,reverse_difference::agro_pheno__y2025_s2_ndvi__auc::siap_hist__yield_mean_recent,reverse_difference,agro_pheno__y2025_s2_ndvi__auc,siap_hist__yield_mean_recent,(siap_hist__yield_mean_recent) - (agro_pheno__y2025_s2_ndvi__auc),1,0.2,5.0,0.5520039501586433,-0.5520039501586433,1.0
fold_municipality_grouped,symmetric_change::agro_water__2025__precip_minus_aeti_season::siap_hist__yield_trend_recent,symmetric_change,agro_water__2025__precip_minus_aeti_season,siap_hist__yield_trend_recent,2*((agro_water__2025__precip_minus_aeti_season)-(siap_hist__yield_trend_recent)) / (abs(agro_water__2025__precip_minus_aeti_season)+abs(siap_hist__yield_trend_recent)+eps),1,0.2,5.0,0.4911115650246847,-0.4911115650246847,1.0
fold_municipality_grouped,reverse_safe_ratio::agro_pheno__y2025_s2_ndvi__auc::siap_hist__yield_mean_recent,reverse_safe_ratio,agro_pheno__y2025_s2_ndvi__auc,siap_hist__yield_mean_recent,(siap_hist__yield_mean_recent) / (abs(agro_pheno__y2025_s2_ndvi__auc) + eps),1,0.2,6.0,0.5499581733533503,-0.5499581733533503,1.0
fold_municipality_grouped,reverse_safe_ratio::agro_water__2025__precip_minus_aeti_season::soilgrids__soc__depth_weighted_0_30cm,reverse_safe_ratio,agro_water__2025__precip_minus_aeti_season,soilgrids__soc__depth_weighted_0_30cm,(soilgrids__soc__depth_weighted_0_30cm) / (abs(agro_water__2025__precip_minus_aeti_season) + eps),1,0.2,6.0,0.4762356812862236,0.4762356812862236,1.0
fold_municipality_grouped,sum::soilgrids__soc__depth_weighted_0_30cm::emp_symchange__s2_ndvi__season_mean,sum,soilgrids__soc__depth_weighted_0_30cm,emp_symchange__s2_ndvi__season_mean,(soilgrids__soc__depth_weighted_0_30cm) + (emp_symchange__s2_ndvi__season_mean),1,0.2,7.0,0.6274262987984596,0.6274262987984596,1.0
fold_municipality_grouped,safe_ratio::agro_pheno__y2025_s2_ndvi__auc::siap_hist__yield_mean_recent,safe_ratio,agro_pheno__y2025_s2_ndvi__auc,siap_hist__yield_mean_recent,(agro_pheno__y2025_s2_ndvi__auc) / (abs(siap_hist__yield_mean_recent) + eps),1,0.2,7.0,0.5499581733533503,0.5499581733533503,1.0
fold_municipality_grouped,safe_ratio::agro_water__2025__precip_minus_aeti_season::soilgrids__soc__depth_weighted_0_30cm,safe_ratio,agro_water__2025__precip_minus_aeti_season,soilgrids__soc__depth_weighted_0_30cm,(agro_water__2025__precip_minus_aeti_season) / (abs(soilgrids__soc__depth_weighted_0_30cm) + eps),1,0.2,7.0,0.4762356812862236,-0.4762356812862236,1.0
fold_municipality_grouped,reverse_safe_ratio::clim_official_2025__prec__season_sum::agro_soil__soc_x_cec,reverse_safe_ratio,clim_official_2025__prec__season_sum,agro_soil__soc_x_cec,(agro_soil__soc_x_cec) / (abs(clim_official_2025__prec__season_sum) + eps),1,0.2,8.0,0.700858340762838,0.700858340762838,1.0
fold_municipality_grouped,sum::soilgrids__soc__depth_weighted_0_30cm::siap_hist__yield_trend_recent,sum,soilgrids__soc__depth_weighted_0_30cm,siap_hist__yield_trend_recent,(soilgrids__soc__depth_weighted_0_30cm) + (siap_hist__yield_trend_recent),1,0.2,8.0,0.6256834693255623,0.6256834693255623,1.0
fold_municipality_grouped,symmetric_change::agro_pheno__y2025_s2_ndvi__auc::siap_hist__yield_mean_recent,symmetric_change,agro_pheno__y2025_s2_ndvi__auc,siap_hist__yield_mean_recent,2*((agro_pheno__y2025_s2_ndvi__auc)-(siap_hist__yield_mean_recent)) / (abs(agro_pheno__y2025_s2_ndvi__auc)+abs(siap_hist__yield_mean_recent)+eps),1,0.2,8.0,0.5499581733533503,0.5499581733533503,1.0
fold_municipality_grouped,symmetric_change::agro_water__2025__precip_minus_aeti_season::soilgrids__soc__depth_weighted_0_30cm,symmetric_change,agro_water__2025__precip_minus_aeti_season,soilgrids__soc__depth_weighted_0_30cm,2*((agro_water__2025__precip_minus_aeti_season)-(soilgrids__soc__depth_weighted_0_30cm)) / (abs(agro_water__2025__precip_minus_aeti_season)+abs(soilgrids__soc__depth_weighted_0_30cm)+eps),1,0.2,8.0,0.4762356812862236,-0.4762356812862236,1.0
fold_municipality_grouped,safe_ratio::clim_official_2025__prec__season_sum::agro_soil__soc_x_cec,safe_ratio,clim_official_2025__prec__season_sum,agro_soil__soc_x_cec,(clim_official_2025__prec__season_sum) / (abs(agro_soil__soc_x_cec) + eps),1,0.2,9.0,0.700858340762838,-0.700858340762838,1.0
fold_municipality_grouped,sum::agro_pheno__y2025_s2_ndvi__auc::agro_anomaly__s2_ndvi__season_mean_delta,sum,agro_pheno__y2025_s2_ndvi__auc,agro_anomaly__s2_ndvi__season_mean_delta,(agro_pheno__y2025_s2_ndvi__auc) + (agro_anomaly__s2_ndvi__season_mean_delta),1,0.2,9.0,0.5397959994401009,0.5397959994401009,1.0
fold_municipality_grouped,reverse_safe_ratio::clim_official_2025__prec__season_sum::siap_hist__yield_mean_recent,reverse_safe_ratio,clim_official_2025__prec__season_sum,siap_hist__yield_mean_recent,(siap_hist__yield_mean_recent) / (abs(clim_official_2025__prec__season_sum) + eps),1,0.2,9.0,0.4753501991761211,0.4753501991761211,1.0
fold_municipality_grouped,safe_ratio::siap_hist__yield_trend_recent::clim_official_2025__prec__season_sum,safe_ratio,siap_hist__yield_trend_recent,clim_official_2025__prec__season_sum,(siap_hist__yield_trend_recent) / (abs(clim_official_2025__prec__season_sum) + eps),1,0.2,10.0,0.7172905279130602,0.7172905279130602,1.0
fold_municipality_grouped,symmetric_change::clim_official_2025__prec__season_sum::agro_soil__soc_x_cec,symmetric_change,clim_official_2025__prec__season_sum,agro_soil__soc_x_cec,2*((clim_official_2025__prec__season_sum)-(agro_soil__soc_x_cec)) / (abs(clim_official_2025__prec__season_sum)+abs(agro_soil__soc_x_cec)+eps),1,0.2,10.0,0.700858340762838,-0.700858340762838,1.0
fold_municipality_grouped,sum::soilgrids__soc__depth_weighted_0_30cm::soilgrids__nitrogen__depth_weighted_0_30cm,sum,soilgrids__soc__depth_weighted_0_30cm,soilgrids__nitrogen__depth_weighted_0_30cm,(soilgrids__soc__depth_weighted_0_30cm) + (soilgrids__nitrogen__depth_weighted_0_30cm),1,0.2,10.0,0.623109666269387,0.623109666269387,1.0
fold_municipality_grouped,difference::agro_pheno__y2025_s2_ndvi__auc::sat_basic_2025__sentinel_2__ndvi_promedio__mean,difference,agro_pheno__y2025_s2_ndvi__auc,sat_basic_2025__sentinel_2__ndvi_promedio__mean,(agro_pheno__y2025_s2_ndvi__auc) - (sat_basic_2025__sentinel_2__ndvi_promedio__mean),1,0.2,10.0,0.5374833821819436,0.5374833821819436,1.0
fold_municipality_grouped,safe_ratio::clim_official_2025__prec__season_sum::siap_hist__yield_mean_recent,safe_ratio,clim_official_2025__prec__season_sum,siap_hist__yield_mean_recent,(clim_official_2025__prec__season_sum) / (abs(siap_hist__yield_mean_recent) + eps),1,0.2,10.0,0.4753501991761211,-0.4753501991761211,1.0
fold_municipality_grouped,sum::siap_hist__yield_trend_recent::siap_hist__yield_mean_recent,sum,siap_hist__yield_trend_recent,siap_hist__yield_mean_recent,(siap_hist__yield_trend_recent) + (siap_hist__yield_mean_recent),1,0.2,11.0,0.7162702042838133,0.7162702042838133,1.0
fold_municipality_grouped,reverse_difference::agro_pheno__y2025_s2_ndvi__auc::sat_basic_2025__sentinel_2__ndvi_promedio__mean,reverse_difference,agro_pheno__y2025_s2_ndvi__auc,sat_basic_2025__sentinel_2__ndvi_promedio__mean,(sat_basic_2025__sentinel_2__ndvi_promedio__mean) - (agro_pheno__y2025_s2_ndvi__auc),1,0.2,11.0,0.5374833821819436,-0.5374833821819436,1.0
fold_municipality_grouped,symmetric_change::clim_official_2025__prec__season_sum::siap_hist__yield_mean_recent,symmetric_change,clim_official_2025__prec__season_sum,siap_hist__yield_mean_recent,2*((clim_official_2025__prec__season_sum)-(siap_hist__yield_mean_recent)) / (abs(clim_official_2025__prec__season_sum)+abs(siap_hist__yield_mean_recent)+eps),1,0.2,11.0,0.4753501991761211,-0.4753501991761211,1.0
fold_municipality_grouped,difference::soilgrids__soc__depth_weighted_0_30cm::soilgrids__nitrogen__depth_weighted_0_30cm,difference,soilgrids__soc__depth_weighted_0_30cm,soilgrids__nitrogen__depth_weighted_0_30cm,(soilgrids__soc__depth_weighted_0_30cm) - (soilgrids__nitrogen__depth_weighted_0_30cm),1,0.2,12.0,0.6225635448316215,0.6225635448316215,1.0
fold_municipality_grouped,sum::agro_pheno__y2025_s2_ndvi__auc::emp_symchange__s2_ndvi__season_mean,sum,agro_pheno__y2025_s2_ndvi__auc,emp_symchange__s2_ndvi__season_mean,(agro_pheno__y2025_s2_ndvi__auc) + (emp_symchange__s2_ndvi__season_mean),1,0.2,12.0,0.5336364323198163,0.5336364323198163,1.0
fold_municipality_grouped,reverse_difference::soilgrids__soc__depth_weighted_0_30cm::soilgrids__nitrogen__depth_weighted_0_30cm,reverse_difference,soilgrids__soc__depth_weighted_0_30cm,soilgrids__nitrogen__depth_weighted_0_30cm,(soilgrids__nitrogen__depth_weighted_0_30cm) - (soilgrids__soc__depth_weighted_0_30cm),1,0.2,13.0,0.6225635448316215,-0.6225635448316215,1.0
fold_municipality_grouped,sum::agro_pheno__y2025_s2_ndvi__auc::agro_anomaly__s2_evi__season_mean_delta,sum,agro_pheno__y2025_s2_ndvi__auc,agro_anomaly__s2_evi__season_mean_delta,(agro_pheno__y2025_s2_ndvi__auc) + (agro_anomaly__s2_evi__season_mean_delta),1,0.2,13.0,0.5278771258788283,0.5278771258788283,1.0
fold_municipality_grouped,safe_ratio::siap_hist__yield_trend_recent::agro_water__2025__precip_minus_aeti_season,safe_ratio,siap_hist__yield_trend_recent,agro_water__2025__precip_minus_aeti_season,(siap_hist__yield_trend_recent) / (abs(agro_water__2025__precip_minus_aeti_season) + eps),1,0.2,14.0,0.7104132712200047,0.7104132712200047,1.0
fold_municipality_grouped,sum::soilgrids__soc__depth_weighted_0_30cm::agro_anomaly__s2_ndvi__season_mean_delta,sum,soilgrids__soc__depth_weighted_0_30cm,agro_anomaly__s2_ndvi__season_mean_delta,(soilgrids__soc__depth_weighted_0_30cm) + (agro_anomaly__s2_ndvi__season_mean_delta),1,0.2,14.0,0.6224086095152139,0.6224086095152139,1.0
fold_municipality_grouped,difference::agro_pheno__y2025_s2_ndvi__auc::agro_anomaly__s2_evi__season_mean_delta,difference,agro_pheno__y2025_s2_ndvi__auc,agro_anomaly__s2_evi__season_mean_delta,(agro_pheno__y2025_s2_ndvi__auc) - (agro_anomaly__s2_evi__season_mean_delta),1,0.2,14.0,0.5189824441166845,0.5189824441166845,1.0
fold_municipality_grouped,product::siap_hist__yield_trend_recent::soilgrids__nitrogen__depth_weighted_0_30cm,product,siap_hist__yield_trend_recent,soilgrids__nitrogen__depth_weighted_0_30cm,(siap_hist__yield_trend_recent) * (soilgrids__nitrogen__depth_weighted_0_30cm),1,0.2,15.0,0.7096016488909119,0.7096016488909119,1.0
fold_municipality_grouped,difference::soilgrids__soc__depth_weighted_0_30cm::emp_symchange__s2_ndvi__season_mean,difference,soilgrids__soc__depth_weighted_0_30cm,emp_symchange__s2_ndvi__season_mean,(soilgrids__soc__depth_weighted_0_30cm) - (emp_symchange__s2_ndvi__season_mean),1,0.2,15.0,0.6222067104081703,0.6222067104081703,1.0
fold_municipality_grouped,reverse_difference::agro_pheno__y2025_s2_ndvi__auc::agro_anomaly__s2_evi__season_mean_delta,reverse_difference,agro_pheno__y2025_s2_ndvi__auc,agro_anomaly__s2_evi__season_mean_delta,(agro_anomaly__s2_evi__season_mean_delta) - (agro_pheno__y2025_s2_ndvi__auc),1,0.2,15.0,0.5189824441166845,-0.5189824441166845,1.0
fold_municipality_grouped,difference::clim_official_2025__prec__season_sum::agro_thermal__2025__gdd_proxy_base5p0c,difference,clim_official_2025__prec__season_sum,agro_thermal__2025__gdd_proxy_base5p0c,(clim_official_2025__prec__season_sum) - (agro_thermal__2025__gdd_proxy_base5p0c),1,0.2,15.0,0.4707797340477538,-0.4707797340477538,1.0
fold_municipality_grouped,safe_ratio::siap_hist__yield_trend_recent::agro_thermal__2025__gdd_proxy_base5p0c,safe_ratio,siap_hist__yield_trend_recent,agro_thermal__2025__gdd_proxy_base5p0c,(siap_hist__yield_trend_recent) / (abs(agro_thermal__2025__gdd_proxy_base5p0c) + eps),1,0.2,16.0,0.7078323021236976,0.7078323021236976,1.0
fold_municipality_grouped,reverse_difference::soilgrids__soc__depth_weighted_0_30cm::emp_symchange__s2_ndvi__season_mean,reverse_difference,soilgrids__soc__depth_weighted_0_30cm,emp_symchange__s2_ndvi__season_mean,(emp_symchange__s2_ndvi__season_mean) - (soilgrids__soc__depth_weighted_0_30cm),1,0.2,16.0,0.6222067104081703,-0.6222067104081703,1.0
fold_municipality_grouped,sum::agro_pheno__y2025_s2_ndvi__auc::sat_basic_2025__sentinel_2__ndvi_promedio__mean,sum,agro_pheno__y2025_s2_ndvi__auc,sat_basic_2025__sentinel_2__ndvi_promedio__mean,(agro_pheno__y2025_s2_ndvi__auc) + (sat_basic_2025__sentinel_2__ndvi_promedio__mean),1,0.2,16.0,0.5143794463047751,0.5143794463047751,1.0
fold_municipality_grouped,reverse_difference::clim_official_2025__prec__season_sum::agro_thermal__2025__gdd_proxy_base5p0c,reverse_difference,clim_official_2025__prec__season_sum,agro_thermal__2025__gdd_proxy_base5p0c,(agro_thermal__2025__gdd_proxy_base5p0c) - (clim_official_2025__prec__season_sum),1,0.2,16.0,0.4707797340477538,0.4707797340477538,1.0
fold_municipality_grouped,product::siap_hist__yield_trend_recent::soilgrids__soc__depth_weighted_0_30cm,product,siap_hist__yield_trend_recent,soilgrids__soc__depth_weighted_0_30cm,(siap_hist__yield_trend_recent) * (soilgrids__soc__depth_weighted_0_30cm),1,0.2,17.0,0.7076209075840576,0.7076209075840576,1.0
fold_municipality_grouped,difference::soilgrids__soc__depth_weighted_0_30cm::agro_anomaly__s2_ndvi__season_mean_delta,difference,soilgrids__soc__depth_weighted_0_30cm,agro_anomaly__s2_ndvi__season_mean_delta,(soilgrids__soc__depth_weighted_0_30cm) - (agro_anomaly__s2_ndvi__season_mean_delta),1,0.2,17.0,0.621941924694015,0.621941924694015,1.0
fold_municipality_grouped,product::siap_hist__yield_mean_recent::soilgrids__cec__depth_weighted_0_30cm,product,siap_hist__yield_mean_recent,soilgrids__cec__depth_weighted_0_30cm,(siap_hist__yield_mean_recent) * (soilgrids__cec__depth_weighted_0_30cm),1,0.2,17.0,0.512400379612698,-0.512400379612698,1.0
fold_municipality_grouped,safe_ratio::clim_official_2025__prec__season_sum::siap_hist__yield_trend_recent,safe_ratio,clim_official_2025__prec__season_sum,siap_hist__yield_trend_recent,(clim_official_2025__prec__season_sum) / (abs(siap_hist__yield_trend_recent) + eps),1,0.2,17.0,0.4699916798732051,-0.4699916798732051,1.0
fold_municipality_grouped,symmetric_change::siap_hist__yield_trend_recent::soilgrids__cec__depth_weighted_0_30cm,symmetric_change,siap_hist__yield_trend_recent,soilgrids__cec__depth_weighted_0_30cm,2*((siap_hist__yield_trend_recent)-(soilgrids__cec__depth_weighted_0_30cm)) / (abs(siap_hist__yield_trend_recent)+abs(soilgrids__cec__depth_weighted_0_30cm)+eps),1,0.2,18.0,0.7053680781647536,0.7053680781647536,1.0
fold_municipality_grouped,reverse_safe_ratio::siap_hist__yield_trend_recent::wapor_2025__aeti__season_total,reverse_safe_ratio,siap_hist__yield_trend_recent,wapor_2025__aeti__season_total,(wapor_2025__aeti__season_total) / (abs(siap_hist__yield_trend_recent) + eps),1,0.2,18.0,0.6686435191320148,-0.6686435191320148,1.0
fold_municipality_grouped,reverse_difference::soilgrids__soc__depth_weighted_0_30cm::agro_anomaly__s2_ndvi__season_mean_delta,reverse_difference,soilgrids__soc__depth_weighted_0_30cm,agro_anomaly__s2_ndvi__season_mean_delta,(agro_anomaly__s2_ndvi__season_mean_delta) - (soilgrids__soc__depth_weighted_0_30cm),1,0.2,18.0,0.621941924694015,-0.621941924694015,1.0
fold_municipality_grouped,difference::agro_pheno__y2025_s2_ndvi__auc::agro_anomaly__s2_ndvi__season_mean_delta,difference,agro_pheno__y2025_s2_ndvi__auc,agro_anomaly__s2_ndvi__season_mean_delta,(agro_pheno__y2025_s2_ndvi__auc) - (agro_anomaly__s2_ndvi__season_mean_delta),1,0.2,18.0,0.5116220949585105,0.5116220949585105,1.0
fold_municipality_grouped,reverse_safe_ratio::siap_hist__yield_mean_recent::clim_official_2025__prec__season_sum,reverse_safe_ratio,siap_hist__yield_mean_recent,clim_official_2025__prec__season_sum,(clim_official_2025__prec__season_sum) / (abs(siap_hist__yield_mean_recent) + eps),1,0.2,19.0,0.6545501817022553,-0.6545501817022553,1.0
fold_municipality_grouped,sum::soilgrids__soc__depth_weighted_0_30cm::siap_hist__yield_mean_recent,sum,soilgrids__soc__depth_weighted_0_30cm,siap_hist__yield_mean_recent,(soilgrids__soc__depth_weighted_0_30cm) + (siap_hist__yield_mean_recent),1,0.2,19.0,0.6194841430646523,0.6194841430646523,1.0
fold_municipality_grouped,reverse_difference::agro_pheno__y2025_s2_ndvi__auc::agro_anomaly__s2_ndvi__season_mean_delta,reverse_difference,agro_pheno__y2025_s2_ndvi__auc,agro_anomaly__s2_ndvi__season_mean_delta,(agro_anomaly__s2_ndvi__season_mean_delta) - (agro_pheno__y2025_s2_ndvi__auc),1,0.2,19.0,0.5116220949585105,-0.5116220949585105,1.0
fold_municipality_grouped,sum::clim_official_2025__prec__season_sum::siap_hist__yield_mean_recent,sum,clim_official_2025__prec__season_sum,siap_hist__yield_mean_recent,(clim_official_2025__prec__season_sum) + (siap_hist__yield_mean_recent),1,0.2,19.0,0.4596847863830038,-0.4596847863830038,1.0
fold_municipality_grouped,safe_ratio::siap_hist__yield_mean_recent::clim_official_2025__prec__season_sum,safe_ratio,siap_hist__yield_mean_recent,clim_official_2025__prec__season_sum,(siap_hist__yield_mean_recent) / (abs(clim_official_2025__prec__season_sum) + eps),1,0.2,20.0,0.6545501817022553,0.6545501817022553,1.0
fold_municipality_grouped,difference::soilgrids__soc__depth_weighted_0_30cm::siap_hist__yield_mean_recent,difference,soilgrids__soc__depth_weighted_0_30cm,siap_hist__yield_mean_recent,(soilgrids__soc__depth_weighted_0_30cm) - (siap_hist__yield_mean_recent),1,0.2,20.0,0.6194742135511537,0.6194742135511537,1.0
fold_municipality_grouped,reverse_safe_ratio::agro_anomaly__s2_ndvi__season_mean_delta::agro_water__2025__precip_minus_aeti_season,reverse_safe_ratio,agro_anomaly__s2_ndvi__season_mean_delta,agro_water__2025__precip_minus_aeti_season,(agro_water__2025__precip_minus_aeti_season) / (abs(agro_anomaly__s2_ndvi__season_mean_delta) + eps),1,0.2,20.0,0.49647889925846067,-0.49647889925846067,1.0
fold_municipality_grouped,sum::clim_official_2025__prec__season_sum::siap_hist__yield_trend_recent,sum,clim_official_2025__prec__season_sum,siap_hist__yield_trend_recent,(clim_official_2025__prec__season_sum) + (siap_hist__yield_trend_recent),1,0.2,20.0,0.4596847863830038,-0.4596847863830038,1.0
fold_state_stratified,reverse_safe_ratio::siap_hist__yield_trend_recent::siap_hist__yield_mean_recent,reverse_safe_ratio,siap_hist__yield_trend_recent,siap_hist__yield_mean_recent,(siap_hist__yield_mean_recent) / (abs(siap_hist__yield_trend_recent) + eps),5,1.0,5.6,0.6922673908275903,-0.6922673908275903,1.0
fold_state_stratified,reverse_safe_ratio::siap_hist__yield_trend_recent::agro_thermal__2025__gdd_proxy_base5p0c,reverse_safe_ratio,siap_hist__yield_trend_recent,agro_thermal__2025__gdd_proxy_base5p0c,(agro_thermal__2025__gdd_proxy_base5p0c) / (abs(siap_hist__yield_trend_recent) + eps),5,1.0,5.6,0.6916813964777262,-0.6916813964777262,1.0
fold_state_stratified,reverse_safe_ratio::siap_hist__yield_trend_recent::clim_official_2025__prec__season_sum,reverse_safe_ratio,siap_hist__yield_trend_recent,clim_official_2025__prec__season_sum,(clim_official_2025__prec__season_sum) / (abs(siap_hist__yield_trend_recent) + eps),5,1.0,6.0,0.6914468902970817,-0.6914468902970817,1.0
fold_state_stratified,symmetric_change::siap_hist__yield_trend_recent::clim_official_2025__prec__season_sum,symmetric_change,siap_hist__yield_trend_recent,clim_official_2025__prec__season_sum,2*((siap_hist__yield_trend_recent)-(clim_official_2025__prec__season_sum)) / (abs(siap_hist__yield_trend_recent)+abs(clim_official_2025__prec__season_sum)+eps),5,1.0,7.8,0.6836547675749598,0.6836547675749598,1.0
fold_state_stratified,reverse_safe_ratio::clim_official_2025__prec__season_sum::agro_soil__soc_x_cec,reverse_safe_ratio,clim_official_2025__prec__season_sum,agro_soil__soc_x_cec,(agro_soil__soc_x_cec) / (abs(clim_official_2025__prec__season_sum) + eps),5,1.0,11.2,0.661398920142206,0.661398920142206,1.0
fold_state_stratified,safe_ratio::clim_official_2025__prec__season_sum::agro_soil__soc_x_cec,safe_ratio,clim_official_2025__prec__season_sum,agro_soil__soc_x_cec,(clim_official_2025__prec__season_sum) / (abs(agro_soil__soc_x_cec) + eps),5,1.0,12.2,0.661398920142206,-0.661398920142206,1.0
fold_state_stratified,symmetric_change::siap_hist__yield_trend_recent::siap_hist__yield_mean_recent,symmetric_change,siap_hist__yield_trend_recent,siap_hist__yield_mean_recent,2*((siap_hist__yield_trend_recent)-(siap_hist__yield_mean_recent)) / (abs(siap_hist__yield_trend_recent)+abs(siap_hist__yield_mean_recent)+eps),5,1.0,12.6,0.6609817272776735,0.6609817272776735,1.0
fold_state_stratified,symmetric_change::clim_official_2025__prec__season_sum::agro_soil__soc_x_cec,symmetric_change,clim_official_2025__prec__season_sum,agro_soil__soc_x_cec,2*((clim_official_2025__prec__season_sum)-(agro_soil__soc_x_cec)) / (abs(clim_official_2025__prec__season_sum)+abs(agro_soil__soc_x_cec)+eps),5,1.0,13.2,0.661398920142206,-0.661398920142206,1.0
fold_state_stratified,reverse_safe_ratio::siap_hist__yield_trend_recent::wapor_2025__aeti__season_total,reverse_safe_ratio,siap_hist__yield_trend_recent,wapor_2025__aeti__season_total,(wapor_2025__aeti__season_total) / (abs(siap_hist__yield_trend_recent) + eps),5,1.0,13.4,0.6580692114890668,-0.6580692114890668,1.0
fold_state_stratified,reverse_safe_ratio::soilgrids__soc__depth_weighted_0_30cm::clim_official_2025__prec__season_sum,reverse_safe_ratio,soilgrids__soc__depth_weighted_0_30cm,clim_official_2025__prec__season_sum,(clim_official_2025__prec__season_sum) / (abs(soilgrids__soc__depth_weighted_0_30cm) + eps),4,0.8,2.0,0.697372162911096,-0.697372162911096,1.0
fold_state_stratified,safe_ratio::soilgrids__soc__depth_weighted_0_30cm::clim_official_2025__prec__season_sum,safe_ratio,soilgrids__soc__depth_weighted_0_30cm,clim_official_2025__prec__season_sum,(soilgrids__soc__depth_weighted_0_30cm) / (abs(clim_official_2025__prec__season_sum) + eps),4,0.8,3.0,0.697372162911096,0.697372162911096,1.0
fold_state_stratified,symmetric_change::soilgrids__soc__depth_weighted_0_30cm::clim_official_2025__prec__season_sum,symmetric_change,soilgrids__soc__depth_weighted_0_30cm,clim_official_2025__prec__season_sum,2*((soilgrids__soc__depth_weighted_0_30cm)-(clim_official_2025__prec__season_sum)) / (abs(soilgrids__soc__depth_weighted_0_30cm)+abs(clim_official_2025__prec__season_sum)+eps),4,0.8,4.0,0.697372162911096,0.697372162911096,1.0
fold_state_stratified,symmetric_change::siap_hist__yield_trend_recent::agro_water__2025__precip_minus_aeti_season,symmetric_change,siap_hist__yield_trend_recent,agro_water__2025__precip_minus_aeti_season,2*((siap_hist__yield_trend_recent)-(agro_water__2025__precip_minus_aeti_season)) / (abs(siap_hist__yield_trend_recent)+abs(agro_water__2025__precip_minus_aeti_season)+eps),4,0.8,6.75,0.689027161747872,0.689027161747872,1.0
fold_state_stratified,reverse_safe_ratio::siap_hist__yield_trend_recent::agro_water__2025__precip_minus_aeti_season,reverse_safe_ratio,siap_hist__yield_trend_recent,agro_water__2025__precip_minus_aeti_season,(agro_water__2025__precip_minus_aeti_season) / (abs(siap_hist__yield_trend_recent) + eps),4,0.8,7.5,0.6858452617387791,-0.6858452617387791,1.0
fold_state_stratified,reverse_safe_ratio::clim_official_2025__prec__season_sum::soilgrids__nitrogen__depth_weighted_0_30cm,reverse_safe_ratio,clim_official_2025__prec__season_sum,soilgrids__nitrogen__depth_weighted_0_30cm,(soilgrids__nitrogen__depth_weighted_0_30cm) / (abs(clim_official_2025__prec__season_sum) + eps),4,0.8,16.75,0.6382092283410259,0.6382092283410259,1.0
fold_state_stratified,safe_ratio::clim_official_2025__prec__season_sum::soilgrids__nitrogen__depth_weighted_0_30cm,safe_ratio,clim_official_2025__prec__season_sum,soilgrids__nitrogen__depth_weighted_0_30cm,(clim_official_2025__prec__season_sum) / (abs(soilgrids__nitrogen__depth_weighted_0_30cm) + eps),4,0.8,17.75,0.6382092283410259,-0.6382092283410259,1.0
fold_state_stratified,reverse_safe_ratio::siap_hist__yield_trend_recent::soilgrids__cec__depth_weighted_0_30cm,reverse_safe_ratio,siap_hist__yield_trend_recent,soilgrids__cec__depth_weighted_0_30cm,(soilgrids__cec__depth_weighted_0_30cm) / (abs(siap_hist__yield_trend_recent) + eps),3,0.6,8.666666666666666,0.6822989505548568,-0.6822989505548568,1.0
fold_state_stratified,reverse_safe_ratio::siap_hist__yield_trend_recent::emp_vci_like_short__s2_ndvi__season_mean,reverse_safe_ratio,siap_hist__yield_trend_recent,emp_vci_like_short__s2_ndvi__season_mean,(emp_vci_like_short__s2_ndvi__season_mean) / (abs(siap_hist__yield_trend_recent) + eps),3,0.6,15.666666666666666,0.6471184965339937,-0.6471184965339937,1.0
fold_state_stratified,reverse_safe_ratio::siap_hist__yield_trend_recent::wapor_2025__npp__season_total,reverse_safe_ratio,siap_hist__yield_trend_recent,wapor_2025__npp__season_total,(wapor_2025__npp__season_total) / (abs(siap_hist__yield_trend_recent) + eps),3,0.6,16.0,0.6398189228197286,-0.6398189228197286,1.0
fold_state_stratified,symmetric_change::clim_official_2025__prec__season_sum::soilgrids__nitrogen__depth_weighted_0_30cm,symmetric_change,clim_official_2025__prec__season_sum,soilgrids__nitrogen__depth_weighted_0_30cm,2*((clim_official_2025__prec__season_sum)-(soilgrids__nitrogen__depth_weighted_0_30cm)) / (abs(clim_official_2025__prec__season_sum)+abs(soilgrids__nitrogen__depth_weighted_0_30cm)+eps),3,0.6,18.0,0.6373263147700396,-0.6373263147700396,1.0
fold_state_stratified,symmetric_change::siap_hist__yield_trend_recent::soilgrids__cec__depth_weighted_0_30cm,symmetric_change,siap_hist__yield_trend_recent,soilgrids__cec__depth_weighted_0_30cm,2*((siap_hist__yield_trend_recent)-(soilgrids__cec__depth_weighted_0_30cm)) / (abs(siap_hist__yield_trend_recent)+abs(soilgrids__cec__depth_weighted_0_30cm)+eps),2,0.4,14.0,0.6489584041685852,0.6489584041685852,1.0
fold_state_stratified,symmetric_change::siap_hist__yield_trend_recent::agro_thermal__2025__gdd_proxy_base5p0c,symmetric_change,siap_hist__yield_trend_recent,agro_thermal__2025__gdd_proxy_base5p0c,2*((siap_hist__yield_trend_recent)-(agro_thermal__2025__gdd_proxy_base5p0c)) / (abs(siap_hist__yield_trend_recent)+abs(agro_thermal__2025__gdd_proxy_base5p0c)+eps),2,0.4,15.5,0.6403117885262222,0.6403117885262222,1.0
fold_state_stratified,sum::siap_hist__yield_trend_recent::soilgrids__nitrogen__depth_weighted_0_30cm,sum,siap_hist__yield_trend_recent,soilgrids__nitrogen__depth_weighted_0_30cm,(siap_hist__yield_trend_recent) + (soilgrids__nitrogen__depth_weighted_0_30cm),2,0.4,17.0,0.6403679748052152,0.6403679748052152,1.0
fold_state_stratified,reverse_safe_ratio::clim_official_2025__prec__season_sum::soilgrids__soc__depth_weighted_0_30cm,reverse_safe_ratio,clim_official_2025__prec__season_sum,soilgrids__soc__depth_weighted_0_30cm,(soilgrids__soc__depth_weighted_0_30cm) / (abs(clim_official_2025__prec__season_sum) + eps),1,0.2,1.0,0.7443718898398276,0.7443718898398276,1.0
fold_state_stratified,safe_ratio::clim_official_2025__prec__season_sum::soilgrids__soc__depth_weighted_0_30cm,safe_ratio,clim_official_2025__prec__season_sum,soilgrids__soc__depth_weighted_0_30cm,(clim_official_2025__prec__season_sum) / (abs(soilgrids__soc__depth_weighted_0_30cm) + eps),1,0.2,2.0,0.7443718898398276,-0.7443718898398276,1.0
fold_state_stratified,symmetric_change::clim_official_2025__prec__season_sum::soilgrids__soc__depth_weighted_0_30cm,symmetric_change,clim_official_2025__prec__season_sum,soilgrids__soc__depth_weighted_0_30cm,2*((clim_official_2025__prec__season_sum)-(soilgrids__soc__depth_weighted_0_30cm)) / (abs(clim_official_2025__prec__season_sum)+abs(soilgrids__soc__depth_weighted_0_30cm)+eps),1,0.2,3.0,0.7443718898398276,-0.7443718898398276,1.0
fold_state_stratified,reverse_safe_ratio::siap_hist__yield_trend_recent::emp_shape__y2025_s2_ndvi__shape_entropy,reverse_safe_ratio,siap_hist__yield_trend_recent,emp_shape__y2025_s2_ndvi__shape_entropy,(emp_shape__y2025_s2_ndvi__shape_entropy) / (abs(siap_hist__yield_trend_recent) + eps),1,0.2,11.0,0.6258953138812422,-0.6258953138812422,1.0
fold_state_stratified,reverse_safe_ratio::soilgrids__nitrogen__depth_weighted_0_30cm::clim_official_2025__prec__season_sum,reverse_safe_ratio,soilgrids__nitrogen__depth_weighted_0_30cm,clim_official_2025__prec__season_sum,(clim_official_2025__prec__season_sum) / (abs(soilgrids__nitrogen__depth_weighted_0_30cm) + eps),1,0.2,18.0,0.6263211543482369,-0.6263211543482369,1.0
fold_state_stratified,safe_ratio::soilgrids__nitrogen__depth_weighted_0_30cm::clim_official_2025__prec__season_sum,safe_ratio,soilgrids__nitrogen__depth_weighted_0_30cm,clim_official_2025__prec__season_sum,(soilgrids__nitrogen__depth_weighted_0_30cm) / (abs(clim_official_2025__prec__season_sum) + eps),1,0.2,19.0,0.6263211543482369,0.6263211543482369,1.0
fold_state_stratified,reverse_safe_ratio::siap_hist__yield_trend_recent::soilgrids__nitrogen__depth_weighted_0_30cm,reverse_safe_ratio,siap_hist__yield_trend_recent,soilgrids__nitrogen__depth_weighted_0_30cm,(soilgrids__nitrogen__depth_weighted_0_30cm) / (abs(siap_hist__yield_trend_recent) + eps),1,0.2,19.0,0.6160450966259896,-0.6160450966259896,1.0
fold_state_stratified,symmetric_change::soilgrids__nitrogen__depth_weighted_0_30cm::clim_official_2025__prec__season_sum,symmetric_change,soilgrids__nitrogen__depth_weighted_0_30cm,clim_official_2025__prec__season_sum,2*((soilgrids__nitrogen__depth_weighted_0_30cm)-(clim_official_2025__prec__season_sum)) / (abs(soilgrids__nitrogen__depth_weighted_0_30cm)+abs(clim_official_2025__prec__season_sum)+eps),1,0.2,20.0,0.6263211543482369,0.6263211543482369,1.0
fold_state_stratified,reverse_safe_ratio::siap_hist__yield_trend_recent::soilgrids__soc__depth_weighted_0_30cm,reverse_safe_ratio,siap_hist__yield_trend_recent,soilgrids__soc__depth_weighted_0_30cm,(soilgrids__soc__depth_weighted_0_30cm) / (abs(siap_hist__yield_trend_recent) + eps),1,0.2,20.0,0.5985807264810121,-0.5985807264810121,1.0
