protocol,track,representation,model,fold,n_features,n_discovered,n_train,n_validation,rmse,mae,r2,target_mean,target_std
fold_state_stratified,clean,B0_base,Ridge10,1,692,0,110,28,0.7069200764807811,0.538706915112227,0.33263878658561463,3.9039285714285716,0.8812253223682743
fold_state_stratified,clean,B0_base,Ridge10,2,692,0,110,28,0.6241475985346205,0.5082269650638535,0.39766442663996604,4.050714285714286,0.818964696799059
fold_state_stratified,clean,B0_base,Ridge10,3,692,0,110,28,0.6858244453956333,0.5271774530322116,0.3375654165816885,3.9474999999999993,0.8581013710296488
fold_state_stratified,clean,B0_base,Ridge10,4,692,0,111,27,0.7108278474346096,0.5349981900189749,0.3205987224622926,3.817407407407407,0.8788129782338507
fold_state_stratified,clean,B0_base,Ridge10,5,692,0,111,27,0.6256568015179932,0.48912691735549835,0.44660154756524006,4.055925925925926,0.8570623317214684
fold_municipality_grouped,clean,B0_base,Ridge10,1,692,0,105,33,0.6546811500448255,0.5355010742950991,-2.0210580424333506,3.0454545454545454,0.3825007427206099
fold_municipality_grouped,clean,B0_base,Ridge10,2,692,0,122,16,1.3556124896480553,1.2436426818830626,-9.41043188437682,3.08125,0.43392587692677037
fold_municipality_grouped,clean,B0_base,Ridge10,3,692,0,128,10,0.7985019530384202,0.6365082501188842,-18.944489005166588,4.520999999999999,0.1884704515596839
fold_municipality_grouped,clean,B0_base,Ridge10,4,692,0,65,73,0.8313073183170685,0.6947601371923792,-0.9359678407155743,4.456712328767122,0.6015998457689494
fold_municipality_grouped,clean,B0_base,Ridge10,5,692,0,132,6,0.9184029920587173,0.814881721464476,-0.3464247679642496,4.248333333333332,0.8670274889913622
fold_state_stratified,clean,B0_base,ExtraTrees,1,692,0,110,28,0.5770696133510137,0.409212987528345,0.5552901556948044,3.9039285714285716,0.8812253223682743
fold_state_stratified,clean,B0_base,ExtraTrees,2,692,0,110,28,0.5004904102594784,0.4124671513605444,0.6126929286936998,4.050714285714286,0.818964696799059
fold_state_stratified,clean,B0_base,ExtraTrees,3,692,0,110,28,0.4306956974072828,0.3185422619047622,0.738748891452366,3.9474999999999993,0.8581013710296488
fold_state_stratified,clean,B0_base,ExtraTrees,4,692,0,111,27,0.5558004828910933,0.35386779835390925,0.5846298035830209,3.817407407407407,0.8788129782338507
fold_state_stratified,clean,B0_base,ExtraTrees,5,692,0,111,27,0.48266484838184964,0.3790173427395645,0.6706505502589264,4.055925925925926,0.8570623317214684
fold_municipality_grouped,clean,B0_base,ExtraTrees,1,692,0,105,33,0.8864357423794464,0.8022627777777789,-4.5385223710390585,3.0454545454545454,0.3825007427206099
fold_municipality_grouped,clean,B0_base,ExtraTrees,2,692,0,122,16,1.149986560011448,1.0732053819444447,-6.491747877428255,3.08125,0.43392587692677037
fold_municipality_grouped,clean,B0_base,ExtraTrees,3,692,0,128,10,0.8779011763312526,0.8677522777777783,-23.10805703662286,4.520999999999999,0.1884704515596839
fold_municipality_grouped,clean,B0_base,ExtraTrees,4,692,0,65,73,0.9450019802748375,0.8524684322678845,-1.501729607442925,4.456712328767122,0.6015998457689494
fold_municipality_grouped,clean,B0_base,ExtraTrees,5,692,0,132,6,0.6774015841153507,0.6531363888888897,0.26749949575287824,4.248333333333332,0.8670274889913622
fold_state_stratified,clean,B1_agronomic,Ridge10,1,123,0,110,28,0.6403607843203204,0.4424161563841768,0.4523919971595879,3.9039285714285716,0.8812253223682743
fold_state_stratified,clean,B1_agronomic,Ridge10,2,123,0,110,28,0.551927330292175,0.4593148865667099,0.5289926273933798,4.050714285714286,0.818964696799059
fold_state_stratified,clean,B1_agronomic,Ridge10,3,123,0,110,28,0.4989781250308983,0.3797920932790174,0.6493449571258256,3.9474999999999993,0.8581013710296488
fold_state_stratified,clean,B1_agronomic,Ridge10,4,123,0,111,27,0.673345640921011,0.49041381891937547,0.39035979809142063,3.817407407407407,0.8788129782338507
fold_state_stratified,clean,B1_agronomic,Ridge10,5,123,0,111,27,0.5651738821415004,0.405102039032061,0.5484251274719995,4.055925925925926,0.8570623317214684
fold_municipality_grouped,clean,B1_agronomic,Ridge10,1,123,0,105,33,0.9742265106691111,0.7117947215932482,-5.6898947136865194,3.0454545454545454,0.3825007427206099
fold_municipality_grouped,clean,B1_agronomic,Ridge10,2,123,0,122,16,1.4397832824143693,1.35381674720544,-10.743346547508148,3.08125,0.43392587692677037
fold_municipality_grouped,clean,B1_agronomic,Ridge10,3,123,0,128,10,0.8190664908389464,0.771871496352285,-19.985014120404927,4.520999999999999,0.1884704515596839
fold_municipality_grouped,clean,B1_agronomic,Ridge10,4,123,0,65,73,0.8790441494871049,0.7102519481914676,-1.1646929704013047,4.456712328767122,0.6015998457689494
fold_municipality_grouped,clean,B1_agronomic,Ridge10,5,123,0,132,6,0.5386945797994308,0.4473966398924534,0.5367656843047756,4.248333333333332,0.8670274889913622
fold_state_stratified,clean,B1_agronomic,ExtraTrees,1,123,0,110,28,0.5478292416588952,0.3525835189909297,0.5992156537233251,3.9039285714285716,0.8812253223682743
fold_state_stratified,clean,B1_agronomic,ExtraTrees,2,123,0,110,28,0.5161964382025263,0.41290699464886965,0.5880031341082999,4.050714285714286,0.818964696799059
fold_state_stratified,clean,B1_agronomic,ExtraTrees,3,123,0,110,28,0.43091972166632114,0.32106748654871314,0.738477043799713,3.9474999999999993,0.8581013710296488
fold_state_stratified,clean,B1_agronomic,ExtraTrees,4,123,0,111,27,0.5603378005069644,0.36608570938663487,0.577820312143059,3.817407407407407,0.8788129782338507
fold_state_stratified,clean,B1_agronomic,ExtraTrees,5,123,0,111,27,0.5074998168088819,0.3994909803057019,0.635885998321166,4.055925925925926,0.8570623317214684
fold_municipality_grouped,clean,B1_agronomic,ExtraTrees,1,123,0,105,33,0.7980285671967305,0.7000597643097644,-3.4888621872724315,3.0454545454545454,0.3825007427206099
fold_municipality_grouped,clean,B1_agronomic,ExtraTrees,2,123,0,122,16,1.4316705709158446,1.3692212386513951,-10.611379500960037,3.08125,0.43392587692677037
fold_municipality_grouped,clean,B1_agronomic,ExtraTrees,3,123,0,128,10,1.0009650051359444,0.9723713875661378,-30.340703228339954,4.520999999999999,0.1884704515596839
fold_municipality_grouped,clean,B1_agronomic,ExtraTrees,4,123,0,65,73,0.749025136997853,0.6440628487123429,-0.5716929916401945,4.456712328767122,0.6015998457689494
fold_municipality_grouped,clean,B1_agronomic,ExtraTrees,5,123,0,132,6,0.4406423231355736,0.38943471119929485,0.69005264920875,4.248333333333332,0.8670274889913622
fold_state_stratified,clean,B2_empirical,Ridge10,1,91,0,110,28,0.7646780671308545,0.5764406267573514,0.21913204987077894,3.9039285714285716,0.8812253223682743
fold_state_stratified,clean,B2_empirical,Ridge10,2,91,0,110,28,0.5770934761448575,0.46656411224096306,0.48506046705341066,4.050714285714286,0.818964696799059
fold_state_stratified,clean,B2_empirical,Ridge10,3,91,0,110,28,0.6158911023884196,0.47139445693174925,0.4657741048338945,3.9474999999999993,0.8581013710296488
fold_state_stratified,clean,B2_empirical,Ridge10,4,91,0,111,27,0.6810504629038181,0.499970708219263,0.37632824328047887,3.817407407407407,0.8788129782338507
fold_state_stratified,clean,B2_empirical,Ridge10,5,91,0,111,27,0.705365358777633,0.5258196609615734,0.29661378225733503,4.055925925925926,0.8570623317214684
fold_municipality_grouped,clean,B2_empirical,Ridge10,1,91,0,105,33,0.8914003723005482,0.7489675301409878,-4.600734920713259,3.0454545454545454,0.3825007427206099
fold_municipality_grouped,clean,B2_empirical,Ridge10,2,91,0,122,16,1.1155160453080815,0.9573278339414785,-6.049353133856697,3.08125,0.43392587692677037
fold_municipality_grouped,clean,B2_empirical,Ridge10,3,91,0,128,10,0.6574529301782625,0.5790247788642542,-12.520734317619652,4.520999999999999,0.1884704515596839
fold_municipality_grouped,clean,B2_empirical,Ridge10,4,91,0,65,73,1.0567901611597372,0.9076426669196316,-2.1286173816748466,4.456712328767122,0.6015998457689494
fold_municipality_grouped,clean,B2_empirical,Ridge10,5,91,0,132,6,1.006525311743921,0.8903326890929643,-0.6172043984605913,4.248333333333332,0.8670274889913622
fold_state_stratified,clean,B2_empirical,ExtraTrees,1,91,0,110,28,0.6427365329019109,0.48413109857074116,0.44832119115744795,3.9039285714285716,0.8812253223682743
fold_state_stratified,clean,B2_empirical,ExtraTrees,2,91,0,110,28,0.6781699551240077,0.5749998971861477,0.2888831065363121,4.050714285714286,0.818964696799059
fold_state_stratified,clean,B2_empirical,ExtraTrees,3,91,0,110,28,0.6657849882954978,0.5572960174878027,0.37571187657087757,3.9474999999999993,0.8581013710296488
fold_state_stratified,clean,B2_empirical,ExtraTrees,4,91,0,111,27,0.6788584622887035,0.5476223371792819,0.38033643040048326,3.817407407407407,0.8788129782338507
fold_state_stratified,clean,B2_empirical,ExtraTrees,5,91,0,111,27,0.6149845989361802,0.4924148079561044,0.46531982716260845,4.055925925925926,0.8570623317214684
fold_municipality_grouped,clean,B2_empirical,ExtraTrees,1,91,0,105,33,1.04946470211415,0.9676776332954363,-6.763097989068458,3.0454545454545454,0.3825007427206099
fold_municipality_grouped,clean,B2_empirical,ExtraTrees,2,91,0,122,16,1.1315927744657455,1.032211771885522,-6.254006750367545,3.08125,0.43392587692677037
fold_municipality_grouped,clean,B2_empirical,ExtraTrees,3,91,0,128,10,0.5228556486802692,0.5014353690476193,-7.551347535326871,4.520999999999999,0.1884704515596839
fold_municipality_grouped,clean,B2_empirical,ExtraTrees,4,91,0,65,73,1.0691910613581868,0.9818116432920202,-2.20247368524698,4.456712328767122,0.6015998457689494
fold_municipality_grouped,clean,B2_empirical,ExtraTrees,5,91,0,132,6,0.6330904257725489,0.4972093787077119,0.3601959223586618,4.248333333333332,0.8670274889913622
fold_state_stratified,clean,B3_base_plus_agronomic,Ridge10,1,815,0,110,28,0.7058532943115974,0.5355351281869514,0.334651438074949,3.9039285714285716,0.8812253223682743
fold_state_stratified,clean,B3_base_plus_agronomic,Ridge10,2,815,0,110,28,0.650391762153931,0.5307190517846274,0.345945453453429,4.050714285714286,0.818964696799059
fold_state_stratified,clean,B3_base_plus_agronomic,Ridge10,3,815,0,110,28,0.6587928183034263,0.5277715508343676,0.3887557485530223,3.9474999999999993,0.8581013710296488
fold_state_stratified,clean,B3_base_plus_agronomic,Ridge10,4,815,0,111,27,0.7156715121637592,0.5219186106154843,0.3113081356088103,3.817407407407407,0.8788129782338507
fold_state_stratified,clean,B3_base_plus_agronomic,Ridge10,5,815,0,111,27,0.6257724915700791,0.4916401313664398,0.44639687108816206,4.055925925925926,0.8570623317214684
fold_municipality_grouped,clean,B3_base_plus_agronomic,Ridge10,1,815,0,105,33,0.7161070588123475,0.5903501361782254,-2.614558894061284,3.0454545454545454,0.3825007427206099
fold_municipality_grouped,clean,B3_base_plus_agronomic,Ridge10,2,815,0,122,16,1.4083455485386358,1.3185607835357407,-10.23611239492541,3.08125,0.43392587692677037
fold_municipality_grouped,clean,B3_base_plus_agronomic,Ridge10,3,815,0,128,10,0.9752647065734089,0.7972214423525446,-28.7519862331545,4.520999999999999,0.1884704515596839
fold_municipality_grouped,clean,B3_base_plus_agronomic,Ridge10,4,815,0,65,73,0.8719203311189279,0.7301216676885398,-1.1297495747640722,4.456712328767122,0.6015998457689494
fold_municipality_grouped,clean,B3_base_plus_agronomic,Ridge10,5,815,0,132,6,0.8740519935380626,0.7588138938531932,-0.21952314625613645,4.248333333333332,0.8670274889913622
fold_state_stratified,clean,B3_base_plus_agronomic,ExtraTrees,1,815,0,110,28,0.5577692994337612,0.38448924603174583,0.5845396877477254,3.9039285714285716,0.8812253223682743
fold_state_stratified,clean,B3_base_plus_agronomic,ExtraTrees,2,815,0,110,28,0.4834274065569557,0.38651829365079404,0.6386513463131934,4.050714285714286,0.818964696799059
fold_state_stratified,clean,B3_base_plus_agronomic,ExtraTrees,3,815,0,110,28,0.4169086197444076,0.3078612981859415,0.7552070960732233,3.9474999999999993,0.8581013710296488
fold_state_stratified,clean,B3_base_plus_agronomic,ExtraTrees,4,815,0,111,27,0.5552010359826802,0.3549444855967073,0.5855252979735623,3.817407407407407,0.8788129782338507
fold_state_stratified,clean,B3_base_plus_agronomic,ExtraTrees,5,815,0,111,27,0.4845719313570945,0.3778634979423863,0.6680427880240895,4.055925925925926,0.8570623317214684
fold_municipality_grouped,clean,B3_base_plus_agronomic,ExtraTrees,1,815,0,105,33,0.8324350337004914,0.7392060101010092,-3.8842748538930794,3.0454545454545454,0.3825007427206099
fold_municipality_grouped,clean,B3_base_plus_agronomic,ExtraTrees,2,815,0,122,16,1.2742612512224154,1.2043473958333326,-8.198448429075691,3.08125,0.43392587692677037
fold_municipality_grouped,clean,B3_base_plus_agronomic,ExtraTrees,3,815,0,128,10,0.8879267278739115,0.8706979444444449,-23.661824707462547,4.520999999999999,0.1884704515596839
fold_municipality_grouped,clean,B3_base_plus_agronomic,ExtraTrees,4,815,0,65,73,0.8678431671439385,0.7732343683409437,-1.1098784100101935,4.456712328767122,0.6015998457689494
fold_municipality_grouped,clean,B3_base_plus_agronomic,ExtraTrees,5,815,0,132,6,0.671648673363399,0.6488063888888894,0.2798883538335988,4.248333333333332,0.8670274889913622
fold_state_stratified,clean,B4_base_plus_empirical,Ridge10,1,783,0,110,28,0.71651585923522,0.5835757590692153,0.3143982057510615,3.9039285714285716,0.8812253223682743
fold_state_stratified,clean,B4_base_plus_empirical,Ridge10,2,783,0,110,28,0.6220150154371961,0.5119942204310164,0.40177350653740396,4.050714285714286,0.818964696799059
fold_state_stratified,clean,B4_base_plus_empirical,Ridge10,3,783,0,110,28,0.6778432151908216,0.5309227417405535,0.35289376820243057,3.9474999999999993,0.8581013710296488
fold_state_stratified,clean,B4_base_plus_empirical,Ridge10,4,783,0,111,27,0.7091236962874622,0.5186341025249385,0.32385243460284574,3.817407407407407,0.8788129782338507
fold_state_stratified,clean,B4_base_plus_empirical,Ridge10,5,783,0,111,27,0.662428800090783,0.501396262778323,0.37963967959143874,4.055925925925926,0.8570623317214684
fold_municipality_grouped,clean,B4_base_plus_empirical,Ridge10,1,783,0,105,33,0.6800173777055301,0.5679849919829651,-2.259413187092941,3.0454545454545454,0.3825007427206099
fold_municipality_grouped,clean,B4_base_plus_empirical,Ridge10,2,783,0,122,16,1.4129996372892693,1.2866004567864575,-10.310497933055528,3.08125,0.43392587692677037
fold_municipality_grouped,clean,B4_base_plus_empirical,Ridge10,3,783,0,128,10,0.7416784595922727,0.6126622391858255,-16.206885965252773,4.520999999999999,0.1884704515596839
fold_municipality_grouped,clean,B4_base_plus_empirical,Ridge10,4,783,0,65,73,0.8283475654834735,0.6873484089502819,-0.9222068987126582,4.456712328767122,0.6015998457689494
fold_municipality_grouped,clean,B4_base_plus_empirical,Ridge10,5,783,0,132,6,1.103846650251583,0.9664047112136748,-0.9450599891708111,4.248333333333332,0.8670274889913622
fold_state_stratified,clean,B4_base_plus_empirical,ExtraTrees,1,783,0,110,28,0.5763578160056573,0.4072686507936506,0.5563865505011929,3.9039285714285716,0.8812253223682743
fold_state_stratified,clean,B4_base_plus_empirical,ExtraTrees,2,783,0,110,28,0.49981547862520875,0.40971194444444453,0.6137368229665311,4.050714285714286,0.818964696799059
fold_state_stratified,clean,B4_base_plus_empirical,ExtraTrees,3,783,0,110,28,0.4122168994857196,0.30852242913832184,0.7606856944863354,3.9474999999999993,0.8581013710296488
fold_state_stratified,clean,B4_base_plus_empirical,ExtraTrees,4,783,0,111,27,0.5587935938048018,0.3543928600823048,0.5801440332579906,3.817407407407407,0.8788129782338507
fold_state_stratified,clean,B4_base_plus_empirical,ExtraTrees,5,783,0,111,27,0.4927545690121945,0.38333899764844187,0.6567370584025136,4.055925925925926,0.8570623317214684
fold_municipality_grouped,clean,B4_base_plus_empirical,ExtraTrees,1,783,0,105,33,0.8722018636628867,0.7825473737373749,-4.362081573294282,3.0454545454545454,0.3825007427206099
fold_municipality_grouped,clean,B4_base_plus_empirical,ExtraTrees,2,783,0,122,16,1.1323666780915607,1.053176388888886,-6.263932267646419,3.08125,0.43392587692677037
fold_municipality_grouped,clean,B4_base_plus_empirical,ExtraTrees,3,783,0,128,10,0.8221740092952065,0.8076727777777769,-20.14454945605284,4.520999999999999,0.1884704515596839
fold_municipality_grouped,clean,B4_base_plus_empirical,ExtraTrees,4,783,0,65,73,0.9644890446206513,0.8747203576864538,-1.6059707041309013,4.456712328767122,0.6015998457689494
fold_municipality_grouped,clean,B4_base_plus_empirical,ExtraTrees,5,783,0,132,6,0.70553018455726,0.685768333333335,0.2054033864885999,4.248333333333332,0.8670274889913622
fold_state_stratified,clean,B5_all,Ridge10,1,906,0,110,28,0.7250782299773508,0.5890521562065562,0.29791440516449874,3.9039285714285716,0.8812253223682743
fold_state_stratified,clean,B5_all,Ridge10,2,906,0,110,28,0.6372236579304884,0.5271336883801248,0.3721618700396002,4.050714285714286,0.818964696799059
fold_state_stratified,clean,B5_all,Ridge10,3,906,0,110,28,0.6656847323775313,0.5317269415371068,0.37589987680398995,3.9474999999999993,0.8581013710296488
fold_state_stratified,clean,B5_all,Ridge10,4,906,0,111,27,0.7174864830992633,0.5040296049852357,0.30781060730315335,3.817407407407407,0.8788129782338507
fold_state_stratified,clean,B5_all,Ridge10,5,906,0,111,27,0.6561080914758354,0.5007682337156736,0.3914218053870838,4.055925925925926,0.8570623317214684
fold_municipality_grouped,clean,B5_all,Ridge10,1,906,0,105,33,0.7294581833250008,0.6111339842025276,-2.750595234228955,3.0454545454545454,0.3825007427206099
fold_municipality_grouped,clean,B5_all,Ridge10,2,906,0,122,16,1.450946733449129,1.3422130176966771,-10.926158096183109,3.08125,0.43392587692677037
fold_municipality_grouped,clean,B5_all,Ridge10,3,906,0,128,10,0.9162882753517029,0.7645790544834115,-25.262448107447746,4.520999999999999,0.1884704515596839
fold_municipality_grouped,clean,B5_all,Ridge10,4,906,0,65,73,0.8551405481349987,0.7100110362492636,-1.0485658603629107,4.456712328767122,0.6015998457689494
fold_municipality_grouped,clean,B5_all,Ridge10,5,906,0,132,6,1.1365209515163792,0.9947628505058687,-1.0619133223285222,4.248333333333332,0.8670274889913622
fold_state_stratified,clean,B5_all,ExtraTrees,1,906,0,110,28,0.5676803156161209,0.3944575595238097,0.56964386235863,3.9039285714285716,0.8812253223682743
fold_state_stratified,clean,B5_all,ExtraTrees,2,906,0,110,28,0.489279591493831,0.3962474801587303,0.6298496984854043,4.050714285714286,0.818964696799059
fold_state_stratified,clean,B5_all,ExtraTrees,3,906,0,110,28,0.41505331071346047,0.30530267857142884,0.7573809821849758,3.9474999999999993,0.8581013710296488
fold_state_stratified,clean,B5_all,ExtraTrees,4,906,0,111,27,0.5590515124574955,0.36120248971193464,0.5797563635441162,3.817407407407407,0.8788129782338507
fold_state_stratified,clean,B5_all,ExtraTrees,5,906,0,111,27,0.480778071065837,0.3739739094650203,0.6732204266559385,4.055925925925926,0.8570623317214684
fold_municipality_grouped,clean,B5_all,ExtraTrees,1,906,0,105,33,0.8150785506002177,0.7188640909090918,-3.6827214532897905,3.0454545454545454,0.3825007427206099
fold_municipality_grouped,clean,B5_all,ExtraTrees,2,906,0,122,16,1.247369860174062,1.1759869097222218,-7.814305851429269,3.08125,0.43392587692677037
fold_municipality_grouped,clean,B5_all,ExtraTrees,3,906,0,128,10,0.9191983514818983,0.9017133333333345,-25.4295288988407,4.520999999999999,0.1884704515596839
fold_municipality_grouped,clean,B5_all,ExtraTrees,4,906,0,65,73,0.9105863581686201,0.8203132191780836,-1.3228288455617045,4.456712328767122,0.6015998457689494
fold_municipality_grouped,clean,B5_all,ExtraTrees,5,906,0,132,6,0.6735512439468327,0.6472350000000008,0.27580287352380795,4.248333333333332,0.8670274889913622
fold_state_stratified,clean,B7_all_plus_discovery,Ridge10,1,906,20,110,28,0.7060462507584946,0.5720571249555684,0.33428762071142626,3.9039285714285716,0.8812253223682743
fold_state_stratified,clean,B7_all_plus_discovery,Ridge10,2,906,20,110,28,0.6290668513599272,0.5205685526629683,0.3881323298689209,4.050714285714286,0.818964696799059
fold_state_stratified,clean,B7_all_plus_discovery,Ridge10,3,906,20,110,28,0.6547140384419715,0.5242601813028315,0.396301103698917,3.9474999999999993,0.8581013710296488
fold_state_stratified,clean,B7_all_plus_discovery,Ridge10,4,906,20,111,27,0.7180474771359214,0.5114506358772819,0.3067277550411025,3.817407407407407,0.8788129782338507
fold_state_stratified,clean,B7_all_plus_discovery,Ridge10,5,906,20,111,27,0.643409498246819,0.4841214917329668,0.41475119489121093,4.055925925925926,0.8570623317214684
fold_municipality_grouped,clean,B7_all_plus_discovery,Ridge10,1,906,20,105,33,0.6880143684904224,0.5763907252474764,-2.3365252225919755,3.0454545454545454,0.3825007427206099
fold_municipality_grouped,clean,B7_all_plus_discovery,Ridge10,2,906,20,122,16,1.4164862957821798,1.3040268667689436,-10.366385419152744,3.08125,0.43392587692677037
fold_municipality_grouped,clean,B7_all_plus_discovery,Ridge10,3,906,20,128,10,1.1400421002871488,0.9618835068798564,-39.65488411983896,4.520999999999999,0.1884704515596839
fold_municipality_grouped,clean,B7_all_plus_discovery,Ridge10,4,906,20,65,73,0.7995436846551498,0.6552287186771268,-0.7908504721046787,4.456712328767122,0.6015998457689494
fold_municipality_grouped,clean,B7_all_plus_discovery,Ridge10,5,906,20,132,6,1.0955481466312005,0.9607221070042259,-0.9159247563257567,4.248333333333332,0.8670274889913622
fold_state_stratified,clean,B7_all_plus_discovery,ExtraTrees,1,906,20,110,28,0.5592803121289958,0.38050065476190426,0.5822856514484301,3.9039285714285716,0.8812253223682743
fold_state_stratified,clean,B7_all_plus_discovery,ExtraTrees,2,906,20,110,28,0.4736305584325371,0.3771793055555546,0.6531486929322465,4.050714285714286,0.818964696799059
fold_state_stratified,clean,B7_all_plus_discovery,ExtraTrees,3,906,20,110,28,0.39888838933282195,0.2943452380952386,0.7759113470667821,3.9474999999999993,0.8581013710296488
fold_state_stratified,clean,B7_all_plus_discovery,ExtraTrees,4,906,20,111,27,0.5529059473687183,0.3584338065843622,0.5889449242268283,3.817407407407407,0.8788129782338507
fold_state_stratified,clean,B7_all_plus_discovery,ExtraTrees,5,906,20,111,27,0.4730087168469061,0.37567532921810637,0.6836965794602099,4.055925925925926,0.8570623317214684
fold_municipality_grouped,clean,B7_all_plus_discovery,ExtraTrees,1,906,20,105,33,0.740782471657613,0.6330473232323243,-2.8679494626097837,3.0454545454545454,0.3825007427206099
fold_municipality_grouped,clean,B7_all_plus_discovery,ExtraTrees,2,906,20,122,16,1.2697143861722673,1.1986936111111115,-8.132921074306735,3.08125,0.43392587692677037
fold_municipality_grouped,clean,B7_all_plus_discovery,ExtraTrees,3,906,20,128,10,1.055057945077389,1.0478125555555537,-33.819583580059465,4.520999999999999,0.1884704515596839
fold_municipality_grouped,clean,B7_all_plus_discovery,ExtraTrees,4,906,20,65,73,0.7599025673856108,0.6628911948249631,-0.6176730667339783,4.456712328767122,0.6015998457689494
fold_municipality_grouped,clean,B7_all_plus_discovery,ExtraTrees,5,906,20,132,6,0.6118216061735313,0.582717222222221,0.40246254672037873,4.248333333333332,0.8670274889913622
fold_state_stratified,competition,B0_base,Ridge10,1,1400,0,110,28,0.6195744186950344,0.4644770443633413,0.4873661419102796,3.9039285714285716,0.8812253223682743
fold_state_stratified,competition,B0_base,Ridge10,2,1400,0,110,28,0.697894918647468,0.5163357604724707,0.24691503409203042,4.050714285714286,0.818964696799059
fold_state_stratified,competition,B0_base,Ridge10,3,1400,0,110,28,0.7060879646679847,0.5778895291980455,0.2978422504877686,3.9474999999999993,0.8581013710296488
fold_state_stratified,competition,B0_base,Ridge10,4,1400,0,111,27,0.6083021797647631,0.44599562258876335,0.5024505646088044,3.817407407407407,0.8788129782338507
fold_state_stratified,competition,B0_base,Ridge10,5,1400,0,111,27,0.6261588522888352,0.4884139331027654,0.4457130553718327,4.055925925925926,0.8570623317214684
fold_municipality_grouped,competition,B0_base,Ridge10,1,1400,0,105,33,0.7317558710993957,0.5684565800124743,-2.7742601111553786,3.0454545454545454,0.3825007427206099
fold_municipality_grouped,competition,B0_base,Ridge10,2,1400,0,122,16,1.3541616885301975,1.2411130257562373,-9.388160941421477,3.08125,0.43392587692677037
fold_municipality_grouped,competition,B0_base,Ridge10,3,1400,0,128,10,0.5495824060162676,0.4406042114635225,-8.447928336908545,4.520999999999999,0.1884704515596839
fold_municipality_grouped,competition,B0_base,Ridge10,4,1400,0,65,73,0.6969569971142117,0.5641341125705509,-0.36077679990747913,4.456712328767122,0.6015998457689494
fold_municipality_grouped,competition,B0_base,Ridge10,5,1400,0,132,6,0.8303334634252449,0.75041256986006,-0.10057740864112241,4.248333333333332,0.8670274889913622
fold_state_stratified,competition,B0_base,ExtraTrees,1,1400,0,110,28,0.5499099869996362,0.37180321428571406,0.5961653825825823,3.9039285714285716,0.8812253223682743
fold_state_stratified,competition,B0_base,ExtraTrees,2,1400,0,110,28,0.49232424130168617,0.3913355952380959,0.625228682206205,4.050714285714286,0.818964696799059
fold_state_stratified,competition,B0_base,ExtraTrees,3,1400,0,110,28,0.4053349841283009,0.29970503968254,0.768609644472729,3.9474999999999993,0.8581013710296488
fold_state_stratified,competition,B0_base,ExtraTrees,4,1400,0,111,27,0.5625395079168272,0.36263810699588456,0.5744960948692828,3.817407407407407,0.8788129782338507
fold_state_stratified,competition,B0_base,ExtraTrees,5,1400,0,111,27,0.4771779590971905,0.37277927983539194,0.6780960167248213,4.055925925925926,0.8570623317214684
fold_municipality_grouped,competition,B0_base,ExtraTrees,1,1400,0,105,33,0.8401956356793345,0.7546199494949503,-3.975769327299031,3.0454545454545454,0.3825007427206099
fold_municipality_grouped,competition,B0_base,ExtraTrees,2,1400,0,122,16,1.2619076702358822,1.188183402777777,-8.020960563382143,3.08125,0.43392587692677037
fold_municipality_grouped,competition,B0_base,ExtraTrees,3,1400,0,128,10,0.8062519904198222,0.7842423333333327,-19.333519098374182,4.520999999999999,0.1884704515596839
fold_municipality_grouped,competition,B0_base,ExtraTrees,4,1400,0,65,73,0.8572895061455478,0.7619834398782344,-1.0588748404867254,4.456712328767122,0.6015998457689494
fold_municipality_grouped,competition,B0_base,ExtraTrees,5,1400,0,132,6,0.6082315635662215,0.5760688888888897,0.40945442521735964,4.248333333333332,0.8670274889913622
fold_state_stratified,competition,B1_agronomic,Ridge10,1,350,0,110,28,0.7221987545251239,0.46581055086680284,0.30347966398750537,3.9039285714285716,0.8812253223682743
fold_state_stratified,competition,B1_agronomic,Ridge10,2,350,0,110,28,0.5904642824668094,0.46803717181156046,0.4609225451742376,4.050714285714286,0.818964696799059
fold_state_stratified,competition,B1_agronomic,Ridge10,3,350,0,110,28,0.6597007536060524,0.4951271390518401,0.38706977796100484,3.9474999999999993,0.8581013710296488
fold_state_stratified,competition,B1_agronomic,Ridge10,4,350,0,111,27,0.7733950382829272,0.5806942476241009,0.19573298899587022,3.817407407407407,0.8788129782338507
fold_state_stratified,competition,B1_agronomic,Ridge10,5,350,0,111,27,0.6460937123597047,0.5249968583683046,0.40985785724944734,4.055925925925926,0.8570623317214684
fold_municipality_grouped,competition,B1_agronomic,Ridge10,1,350,0,105,33,1.264816530498125,0.9824641249542733,-10.275984284721106,3.0454545454545454,0.3825007427206099
fold_municipality_grouped,competition,B1_agronomic,Ridge10,2,350,0,122,16,2.110999961501034,2.04575773905219,-24.244924416664883,3.08125,0.43392587692677037
fold_municipality_grouped,competition,B1_agronomic,Ridge10,3,350,0,128,10,0.7634581546482877,0.6453422139005771,-17.232298598610154,4.520999999999999,0.1884704515596839
fold_municipality_grouped,competition,B1_agronomic,Ridge10,4,350,0,65,73,1.0499322640602033,0.8605197122340856,-2.0881436532056656,4.456712328767122,0.6015998457689494
fold_municipality_grouped,competition,B1_agronomic,Ridge10,5,350,0,132,6,0.5614268621347079,0.4391146175472959,0.49684488916990976,4.248333333333332,0.8670274889913622
fold_state_stratified,competition,B1_agronomic,ExtraTrees,1,350,0,110,28,0.5435687003549112,0.35320538832199594,0.6054253197193535,3.9039285714285716,0.8812253223682743
fold_state_stratified,competition,B1_agronomic,ExtraTrees,2,350,0,110,28,0.5105888980301199,0.4117808078231301,0.5969057155748569,4.050714285714286,0.818964696799059
fold_state_stratified,competition,B1_agronomic,ExtraTrees,3,350,0,110,28,0.38281028704911646,0.2882566524943308,0.7936120795791206,3.9474999999999993,0.8581013710296488
fold_state_stratified,competition,B1_agronomic,ExtraTrees,4,350,0,111,27,0.5779077254352143,0.3770344444444444,0.5509295352085766,3.817407407407407,0.8788129782338507
fold_state_stratified,competition,B1_agronomic,ExtraTrees,5,350,0,111,27,0.48587625084630814,0.3730622574955909,0.6662533282734906,4.055925925925926,0.8570623317214684
fold_municipality_grouped,competition,B1_agronomic,ExtraTrees,1,350,0,105,33,0.7641871394455725,0.6750549470899494,-3.11622252866261,3.0454545454545454,0.3825007427206099
fold_municipality_grouped,competition,B1_agronomic,ExtraTrees,2,350,0,122,16,1.383945709936847,1.3193529017857155,-9.850149731831525,3.08125,0.43392587692677037
fold_municipality_grouped,competition,B1_agronomic,ExtraTrees,3,350,0,128,10,0.8142426116585866,0.7740111666666671,-19.738560187700426,4.520999999999999,0.1884704515596839
fold_municipality_grouped,competition,B1_agronomic,ExtraTrees,4,350,0,65,73,0.7724329348262086,0.6637485312024338,-0.6714619591117428,4.456712328767122,0.6015998457689494
fold_municipality_grouped,competition,B1_agronomic,ExtraTrees,5,350,0,132,6,0.5349267678206299,0.4612453835978829,0.5432230572976824,4.248333333333332,0.8670274889913622
fold_state_stratified,competition,B2_empirical,Ridge10,1,335,0,110,28,0.7666142713185327,0.587770561628424,0.21517264789635626,3.9039285714285716,0.8812253223682743
fold_state_stratified,competition,B2_empirical,Ridge10,2,335,0,110,28,0.7693712647176469,0.6472751846817394,0.08475823744365762,4.050714285714286,0.818964696799059
fold_state_stratified,competition,B2_empirical,Ridge10,3,335,0,110,28,0.8160657680606341,0.6755561288528212,0.06207654454106615,3.9474999999999993,0.8581013710296488
fold_state_stratified,competition,B2_empirical,Ridge10,4,335,0,111,27,1.0034002262006305,0.812392426143589,-0.3537731040429859,3.817407407407407,0.8788129782338507
fold_state_stratified,competition,B2_empirical,Ridge10,5,335,0,111,27,0.757681999688666,0.5872725856131743,0.18840466955928303,4.055925925925926,0.8570623317214684
fold_municipality_grouped,competition,B2_empirical,Ridge10,1,335,0,105,33,0.7310738131850105,0.5951058145031646,-2.7672275354937548,3.0454545454545454,0.3825007427206099
fold_municipality_grouped,competition,B2_empirical,Ridge10,2,335,0,122,16,1.1366615525464074,0.860870566898998,-6.319138485716432,3.08125,0.43392587692677037
fold_municipality_grouped,competition,B2_empirical,Ridge10,3,335,0,128,10,0.7108607390022796,0.5582191428468577,-14.806656143603693,4.520999999999999,0.1884704515596839
fold_municipality_grouped,competition,B2_empirical,Ridge10,4,335,0,65,73,1.002461779554016,0.8094562652332408,-1.815208584159473,4.456712328767122,0.6015998457689494
fold_municipality_grouped,competition,B2_empirical,Ridge10,5,335,0,132,6,1.111848433857633,0.9971900499471936,-0.9733616752045338,4.248333333333332,0.8670274889913622
fold_state_stratified,competition,B2_empirical,ExtraTrees,1,335,0,110,28,0.6495104868910094,0.4851355017006807,0.43663136339519104,3.9039285714285716,0.8812253223682743
fold_state_stratified,competition,B2_empirical,ExtraTrees,2,335,0,110,28,0.6139833166930939,0.5292762103174601,0.41712282866058914,4.050714285714286,0.818964696799059
fold_state_stratified,competition,B2_empirical,ExtraTrees,3,335,0,110,28,0.674618445145002,0.5677800595238096,0.35903620630944766,3.9474999999999993,0.8581013710296488
fold_state_stratified,competition,B2_empirical,ExtraTrees,4,335,0,111,27,0.687055026081236,0.5347130452674893,0.3652824096849755,3.817407407407407,0.8788129782338507
fold_state_stratified,competition,B2_empirical,ExtraTrees,5,335,0,111,27,0.6057765702928928,0.47621873015872973,0.4812112567560589,4.055925925925926,0.8570623317214684
fold_municipality_grouped,competition,B2_empirical,ExtraTrees,1,335,0,105,33,1.0010786052746812,0.8745248484848493,-6.063757082325211,3.0454545454545454,0.3825007427206099
fold_municipality_grouped,competition,B2_empirical,ExtraTrees,2,335,0,122,16,0.9926379979637643,0.8621500148809526,-4.581866119061443,3.08125,0.43392587692677037
fold_municipality_grouped,competition,B2_empirical,ExtraTrees,3,335,0,128,10,0.48988467535167046,0.45091494444444524,-6.506865874578851,4.520999999999999,0.1884704515596839
fold_municipality_grouped,competition,B2_empirical,ExtraTrees,4,335,0,65,73,1.0599590866041337,0.9626653033268099,-2.147408661809672,4.456712328767122,0.6015998457689494
fold_municipality_grouped,competition,B2_empirical,ExtraTrees,5,335,0,132,6,0.7860414951714532,0.7184587433862436,0.013705847494049461,4.248333333333332,0.8670274889913622
fold_state_stratified,competition,B3_base_plus_agronomic,Ridge10,1,1750,0,110,28,0.636089110129371,0.4625301589502273,0.45967352011762475,3.9039285714285716,0.8812253223682743
fold_state_stratified,competition,B3_base_plus_agronomic,Ridge10,2,1750,0,110,28,0.7057750072208261,0.51180803829346,0.22981251832956484,4.050714285714286,0.818964696799059
fold_state_stratified,competition,B3_base_plus_agronomic,Ridge10,3,1750,0,110,28,0.6930035771640812,0.5641534894130148,0.3236242504917627,3.9474999999999993,0.8581013710296488
fold_state_stratified,competition,B3_base_plus_agronomic,Ridge10,4,1750,0,111,27,0.6210546301086161,0.4591985434961024,0.4813706384731643,3.817407407407407,0.8788129782338507
fold_state_stratified,competition,B3_base_plus_agronomic,Ridge10,5,1750,0,111,27,0.6603532596389089,0.5075057216143387,0.38352105006966075,4.055925925925926,0.8570623317214684
fold_municipality_grouped,competition,B3_base_plus_agronomic,Ridge10,1,1750,0,105,33,0.799404545598092,0.6283155409231405,-3.5043551221516456,3.0454545454545454,0.3825007427206099
fold_municipality_grouped,competition,B3_base_plus_agronomic,Ridge10,2,1750,0,122,16,1.4291337857524045,1.3592448297579711,-10.57026741890294,3.08125,0.43392587692677037
fold_municipality_grouped,competition,B3_base_plus_agronomic,Ridge10,3,1750,0,128,10,0.7453257321135891,0.6387070653215996,-16.37653498547521,4.520999999999999,0.1884704515596839
fold_municipality_grouped,competition,B3_base_plus_agronomic,Ridge10,4,1750,0,65,73,0.7399805950538241,0.599197457648414,-0.5339655046557952,4.456712328767122,0.6015998457689494
fold_municipality_grouped,competition,B3_base_plus_agronomic,Ridge10,5,1750,0,132,6,0.8731861803521563,0.7467059850045858,-0.21710828703702023,4.248333333333332,0.8670274889913622
fold_state_stratified,competition,B3_base_plus_agronomic,ExtraTrees,1,1750,0,110,28,0.5587181858999637,0.37132498015873056,0.58312490927662,3.9039285714285716,0.8812253223682743
fold_state_stratified,competition,B3_base_plus_agronomic,ExtraTrees,2,1750,0,110,28,0.49944881581219497,0.3973236111111111,0.6143033376107998,4.050714285714286,0.818964696799059
fold_state_stratified,competition,B3_base_plus_agronomic,ExtraTrees,3,1750,0,110,28,0.4016078424191021,0.29554047619047574,0.7728454473984376,3.9474999999999993,0.8581013710296488
fold_state_stratified,competition,B3_base_plus_agronomic,ExtraTrees,4,1750,0,111,27,0.5625112918588603,0.3559838271604939,0.5745387789530907,3.817407407407407,0.8788129782338507
fold_state_stratified,competition,B3_base_plus_agronomic,ExtraTrees,5,1750,0,111,27,0.48699323647360154,0.3801996296296297,0.664717057503433,4.055925925925926,0.8570623317214684
fold_municipality_grouped,competition,B3_base_plus_agronomic,ExtraTrees,1,1750,0,105,33,0.7746102707837262,0.6778441245791244,-3.2292747377110773,3.0454545454545454,0.3825007427206099
fold_municipality_grouped,competition,B3_base_plus_agronomic,ExtraTrees,2,1750,0,122,16,1.322702087584257,1.2540215625000009,-8.911096437263474,3.08125,0.43392587692677037
fold_municipality_grouped,competition,B3_base_plus_agronomic,ExtraTrees,3,1750,0,128,10,0.8663273318623083,0.8440485555555555,-22.476588130115584,4.520999999999999,0.1884704515596839
fold_municipality_grouped,competition,B3_base_plus_agronomic,ExtraTrees,4,1750,0,65,73,0.858487147604161,0.757350030441399,-1.0646313934782685,4.456712328767122,0.6015998457689494
fold_municipality_grouped,competition,B3_base_plus_agronomic,ExtraTrees,5,1750,0,132,6,0.6087890724080761,0.5716799074074054,0.40837133355184274,4.248333333333332,0.8670274889913622
fold_state_stratified,competition,B4_base_plus_empirical,Ridge10,1,1735,0,110,28,0.6261279963110997,0.4491016500307595,0.476463968533973,3.9039285714285716,0.8812253223682743
fold_state_stratified,competition,B4_base_plus_empirical,Ridge10,2,1735,0,110,28,0.6769868814769212,0.5304750407593616,0.29136204214638506,4.050714285714286,0.818964696799059
fold_state_stratified,competition,B4_base_plus_empirical,Ridge10,3,1735,0,110,28,0.6833508768189965,0.5856114248414398,0.3423352157496038,3.9474999999999993,0.8581013710296488
fold_state_stratified,competition,B4_base_plus_empirical,Ridge10,4,1735,0,111,27,0.6439083236899243,0.4792523120139098,0.44249910271996384,3.817407407407407,0.8788129782338507
fold_state_stratified,competition,B4_base_plus_empirical,Ridge10,5,1735,0,111,27,0.660993381681915,0.5104842392735789,0.3823252869685826,4.055925925925926,0.8570623317214684
fold_municipality_grouped,competition,B4_base_plus_empirical,Ridge10,1,1735,0,105,33,0.7791338392871807,0.6311719890256972,-3.278815200905335,3.0454545454545454,0.3825007427206099
fold_municipality_grouped,competition,B4_base_plus_empirical,Ridge10,2,1735,0,122,16,1.3727191350579726,1.2894089165459597,-9.674830778515224,3.08125,0.43392587692677037
fold_municipality_grouped,competition,B4_base_plus_empirical,Ridge10,3,1735,0,128,10,0.5321204936962841,0.44976351336946135,-7.857087172309949,4.520999999999999,0.1884704515596839
fold_municipality_grouped,competition,B4_base_plus_empirical,Ridge10,4,1735,0,65,73,0.7542838669316607,0.6022510068010675,-0.5938394384514438,4.456712328767122,0.6015998457689494
fold_municipality_grouped,competition,B4_base_plus_empirical,Ridge10,5,1735,0,132,6,0.8489003332672821,0.6899684389508057,-0.1503471485833645,4.248333333333332,0.8670274889913622
fold_state_stratified,competition,B4_base_plus_empirical,ExtraTrees,1,1735,0,110,28,0.555892898668997,0.3742657341269843,0.5873302994443397,3.9039285714285716,0.8812253223682743
fold_state_stratified,competition,B4_base_plus_empirical,ExtraTrees,2,1735,0,110,28,0.5007490579282029,0.39844535714285645,0.6122925136050643,4.050714285714286,0.818964696799059
fold_state_stratified,competition,B4_base_plus_empirical,ExtraTrees,3,1735,0,110,28,0.4180223072836023,0.31000694444444454,0.7538975192385854,3.9474999999999993,0.8581013710296488
fold_state_stratified,competition,B4_base_plus_empirical,ExtraTrees,4,1735,0,111,27,0.5753252077630998,0.36284901234567885,0.5549341231066591,3.817407407407407,0.8788129782338507
fold_state_stratified,competition,B4_base_plus_empirical,ExtraTrees,5,1735,0,111,27,0.47896515010966056,0.3720266666666664,0.6756802251001413,4.055925925925926,0.8570623317214684
fold_municipality_grouped,competition,B4_base_plus_empirical,ExtraTrees,1,1735,0,105,33,0.8785839740553674,0.7870751010101028,-4.440839945757142,3.0454545454545454,0.3825007427206099
fold_municipality_grouped,competition,B4_base_plus_empirical,ExtraTrees,2,1735,0,122,16,1.2785288361525415,1.208432986111111,-8.260164021412582,3.08125,0.43392587692677037
fold_municipality_grouped,competition,B4_base_plus_empirical,ExtraTrees,3,1735,0,128,10,0.8452088945206313,0.8115253333333323,-21.345962506702953,4.520999999999999,0.1884704515596839
fold_municipality_grouped,competition,B4_base_plus_empirical,ExtraTrees,4,1735,0,65,73,0.8937507897964836,0.7960798325722981,-1.2377306395649263,4.456712328767122,0.6015998457689494
fold_municipality_grouped,competition,B4_base_plus_empirical,ExtraTrees,5,1735,0,132,6,0.644844573883607,0.6162867592592602,0.3362177854471776,4.248333333333332,0.8670274889913622
fold_state_stratified,competition,B5_all,Ridge10,1,2085,0,110,28,0.6459638089558548,0.45802745628833313,0.4427671590006834,3.9039285714285716,0.8812253223682743
fold_state_stratified,competition,B5_all,Ridge10,2,2085,0,110,28,0.6897736818632494,0.520892925545592,0.2643399960913493,4.050714285714286,0.818964696799059
fold_state_stratified,competition,B5_all,Ridge10,3,2085,0,110,28,0.6759235144939474,0.5663320704967548,0.35655388070424654,3.9474999999999993,0.8581013710296488
fold_state_stratified,competition,B5_all,Ridge10,4,2085,0,111,27,0.6615507135967083,0.49236563353663115,0.4115307462487884,3.817407407407407,0.8788129782338507
fold_state_stratified,competition,B5_all,Ridge10,5,2085,0,111,27,0.6751913753762107,0.5167315767445975,0.355505267295694,4.055925925925926,0.8570623317214684
fold_municipality_grouped,competition,B5_all,Ridge10,1,2085,0,105,33,0.8748408910372336,0.6986443118315098,-4.3945788392424845,3.0454545454545454,0.3825007427206099
fold_municipality_grouped,competition,B5_all,Ridge10,2,2085,0,122,16,1.45755837421191,1.3872413497847083,-11.03509542031928,3.08125,0.43392587692677037
fold_municipality_grouped,competition,B5_all,Ridge10,3,2085,0,128,10,0.6313197424384865,0.5330121179600247,-11.46722190849249,4.520999999999999,0.1884704515596839
fold_municipality_grouped,competition,B5_all,Ridge10,4,2085,0,65,73,0.7673538138677456,0.6076284161733978,-0.6495528829742614,4.456712328767122,0.6015998457689494
fold_municipality_grouped,competition,B5_all,Ridge10,5,2085,0,132,6,0.9097866466401695,0.7463164237721173,-0.321279292242032,4.248333333333332,0.8670274889913622
fold_state_stratified,competition,B5_all,ExtraTrees,1,2085,0,110,28,0.5599245010998166,0.3712409523809524,0.5813228357010327,3.9039285714285716,0.8812253223682743
fold_state_stratified,competition,B5_all,ExtraTrees,2,2085,0,110,28,0.49182025504420673,0.38660208333333346,0.6259955870269399,4.050714285714286,0.818964696799059
fold_state_stratified,competition,B5_all,ExtraTrees,3,2085,0,110,28,0.4009305257832984,0.2969475396825395,0.7736109992700906,3.9474999999999993,0.8581013710296488
fold_state_stratified,competition,B5_all,ExtraTrees,4,2085,0,111,27,0.5674634012714638,0.35769744855967067,0.567014646347263,3.817407407407407,0.8788129782338507
fold_state_stratified,competition,B5_all,ExtraTrees,5,2085,0,111,27,0.48578966179885075,0.38184051440329186,0.666372273092413,4.055925925925926,0.8570623317214684
fold_municipality_grouped,competition,B5_all,ExtraTrees,1,2085,0,105,33,0.8196176962392194,0.722372777777777,-3.7350225238800023,3.0454545454545454,0.3825007427206099
fold_municipality_grouped,competition,B5_all,ExtraTrees,2,2085,0,122,16,1.292367877931998,1.2216053472222224,-8.46171656050181,3.08125,0.43392587692677037
fold_municipality_grouped,competition,B5_all,ExtraTrees,3,2085,0,128,10,0.865456716091601,0.8379423888888905,-22.429426238795617,4.520999999999999,0.1884704515596839
fold_municipality_grouped,competition,B5_all,ExtraTrees,4,2085,0,65,73,0.8978241714006047,0.7993925266362242,-1.2581745991203377,4.456712328767122,0.6015998457689494
fold_municipality_grouped,competition,B5_all,ExtraTrees,5,2085,0,132,6,0.5745244965806455,0.5297515740740735,0.47309464315230987,4.248333333333332,0.8670274889913622
fold_state_stratified,competition,B7_all_plus_discovery,Ridge10,1,2085,20,110,28,0.6423067156832315,0.4499446449045795,0.44905879281568073,3.9039285714285716,0.8812253223682743
fold_state_stratified,competition,B7_all_plus_discovery,Ridge10,2,2085,20,110,28,0.688448336749424,0.5191645972485219,0.2671643041842886,4.050714285714286,0.818964696799059
fold_state_stratified,competition,B7_all_plus_discovery,Ridge10,3,2085,20,110,28,0.6732874263743102,0.5623044338276836,0.3615629478520568,3.9474999999999993,0.8581013710296488
fold_state_stratified,competition,B7_all_plus_discovery,Ridge10,4,2085,20,111,27,0.6635538865496659,0.4945995865954331,0.40796158555409767,3.817407407407407,0.8788129782338507
fold_state_stratified,competition,B7_all_plus_discovery,Ridge10,5,2085,20,111,27,0.6710424913573495,0.5140624367773575,0.36340145395542967,4.055925925925926,0.8570623317214684
fold_municipality_grouped,competition,B7_all_plus_discovery,Ridge10,1,2085,20,105,33,0.9078766975276457,0.7149418367911523,-4.809692340634458,3.0454545454545454,0.3825007427206099
fold_municipality_grouped,competition,B7_all_plus_discovery,Ridge10,2,2085,20,122,16,1.4451127713347314,1.3742903636989379,-10.830445585305055,3.08125,0.43392587692677037
fold_municipality_grouped,competition,B7_all_plus_discovery,Ridge10,3,2085,20,128,10,0.7317713006806802,0.6265091685382493,-15.750265460286332,4.520999999999999,0.1884704515596839
fold_municipality_grouped,competition,B7_all_plus_discovery,Ridge10,4,2085,20,65,73,0.780704750618098,0.6245185174949147,-0.707452282018229,4.456712328767122,0.6015998457689494
fold_municipality_grouped,competition,B7_all_plus_discovery,Ridge10,5,2085,20,132,6,0.9008703017918038,0.735691166887506,-0.2955078606168118,4.248333333333332,0.8670274889913622
fold_state_stratified,competition,B7_all_plus_discovery,ExtraTrees,1,2085,20,110,28,0.5517067298180355,0.3740795833333336,0.5935221415597753,3.9039285714285716,0.8812253223682743
fold_state_stratified,competition,B7_all_plus_discovery,ExtraTrees,2,2085,20,110,28,0.49427076929027597,0.38790099206349155,0.622259317975046,4.050714285714286,0.818964696799059
fold_state_stratified,competition,B7_all_plus_discovery,ExtraTrees,3,2085,20,110,28,0.3949528610402684,0.29018944444444444,0.7803113582139332,3.9474999999999993,0.8581013710296488
fold_state_stratified,competition,B7_all_plus_discovery,ExtraTrees,4,2085,20,111,27,0.5693997571810362,0.3652888065843622,0.5640546520764727,3.817407407407407,0.8788129782338507
fold_state_stratified,competition,B7_all_plus_discovery,ExtraTrees,5,2085,20,111,27,0.4676553969779449,0.37031915637860063,0.6908156512100945,4.055925925925926,0.8570623317214684
fold_municipality_grouped,competition,B7_all_plus_discovery,ExtraTrees,1,2085,20,105,33,0.7230560408001766,0.622580723905724,-2.68504939502832,3.0454545454545454,0.3825007427206099
fold_municipality_grouped,competition,B7_all_plus_discovery,ExtraTrees,2,2085,20,122,16,1.225444387009601,1.151861284722222,-7.50716464012512,3.08125,0.43392587692677037
fold_municipality_grouped,competition,B7_all_plus_discovery,ExtraTrees,3,2085,20,128,10,0.9001673309302561,0.8844742777777759,-24.346467630332516,4.520999999999999,0.1884704515596839
fold_municipality_grouped,competition,B7_all_plus_discovery,ExtraTrees,4,2085,20,65,73,0.8467473389384866,0.7453426940639273,-1.0085498371523864,4.456712328767122,0.6015998457689494
fold_municipality_grouped,competition,B7_all_plus_discovery,ExtraTrees,5,2085,20,132,6,0.5970567358716783,0.569789166666667,0.4309548622704428,4.248333333333332,0.8670274889913622
