family,method,n_splits,n_predictions,rmse_mean,rmse_median,rmse_std,rmse_worst,pooled_rmse,pooled_mae,pooled_r2
fold_municipality_grouped,Baseline_Graph04D,5,138,0.5278830300557841,0.4850710699255969,0.3426160528333679,1.0743137344370122,0.6142644791154762,0.4320505815330371,0.47537847103108455
fold_municipality_grouped,Blend_Graph_CatBoost_w0p10,5,138,0.5282556128315747,0.44687368495239244,0.3433597453084749,1.0898793373024853,0.6055987673578966,0.42030382743621764,0.490076215418514
fold_municipality_grouped,Blend_Graph_CatBoost_w0p20,5,138,0.5364410104073507,0.41498346434207084,0.3400015093460459,1.1055936050307607,0.6028289464752392,0.4217403497872095,0.4947300148941778
fold_municipality_grouped,Blend_Graph_CatBoost_w0p30,5,138,0.5508255528970902,0.39094692606799386,0.33503260080637565,1.121450288161729,0.606035861440671,0.432757814961113,0.48933986945807584
fold_municipality_grouped,Baseline_Local04D,5,138,0.6869611621570035,0.6620401186724398,0.45693462321899475,1.4009223029851117,0.7829986322597984,0.6227309541267376,0.14757277622016807
fold_municipality_grouped,Blend_Local_CatBoost_w0p10,5,138,0.6892638332555441,0.6675583302860204,0.4346484024685297,1.3841354830127643,0.7744099249545513,0.6206154983276226,0.16617075139351356
fold_municipality_grouped,Blend_Local_CatBoost_w0p20,5,138,0.6933449153515191,0.674072707953512,0.4122046131699937,1.3674071274517823,0.7674259450028665,0.6185000425285075,0.1811426346984656
fold_municipality_grouped,Blend_Local_CatBoost_w0p30,5,138,0.6987834246936968,0.6652358570678237,0.39044936527023466,1.3507394084774367,0.7620908119817492,0.6171673438741061,0.19248842613502437
fold_municipality_grouped,CatBoost_C1_d4_lr006_l2_6,5,138,0.7607166509140609,0.7519475238832419,0.29362675394947285,1.2366485375489809,0.76433135887077,0.6272777028997993,0.18773327848238774
fold_municipality_grouped,CatBoost_C1_d4_lr003_l2_3,5,138,0.7670980228638713,0.7581536981080025,0.2864226944091477,1.2359681575626043,0.7724535524910616,0.6391089193277125,0.17037839387592235
fold_municipality_grouped,CatBoost_C1_d5_lr006_l2_3,5,138,0.8022625648651358,0.7936955812127053,0.29797565299225814,1.2894646879069165,0.8148460188058583,0.686269542777751,0.07681997211698421
fold_state_stratified,Baseline_Local04D,5,138,0.4753718919764747,0.4605158550687145,0.06698971775406917,0.5438519261730222,0.47885889014913385,0.33916126171523864,0.6811764350121237
fold_state_stratified,Blend_Graph_CatBoost_w0p20,5,138,0.4757487838849137,0.4877446369076019,0.08902540529238355,0.5891540253686943,0.4818391983635166,0.32823612527692964,0.6771955153731637
fold_state_stratified,Blend_Graph_CatBoost_w0p30,5,138,0.47593386216902045,0.4857230092954264,0.08703027507356029,0.5869559147299055,0.4817366032868869,0.3315254027882574,0.6773329663116777
fold_state_stratified,Blend_Local_CatBoost_w0p10,5,138,0.4759654592614089,0.4647995786412097,0.0670501300428227,0.5415422312957421,0.4794486142280064,0.33904951460651556,0.6803906765729067
fold_state_stratified,Blend_Graph_CatBoost_w0p10,5,138,0.47682784962463015,0.49220551061511236,0.09069117065856709,0.5920354182689208,0.48315093609505155,0.3282422408448712,0.675435545682221
fold_state_stratified,Blend_Local_CatBoost_w0p20,5,138,0.47724886137476813,0.4699372188951865,0.0670003778222236,0.5411312332750241,0.4807106009962879,0.3401369400673238,0.6787059347379858
fold_state_stratified,Baseline_Graph04D,5,138,0.4791609071555188,0.4990402221287076,0.09205594237081564,0.5955901766034923,0.48566201916165125,0.33003541780343343,0.6720530572388501
fold_state_stratified,Blend_Local_CatBoost_w0p30,5,138,0.4792140725708112,0.47590112099401316,0.06686246737632363,0.5449653659296222,0.4826395770655677,0.34166700353783575,0.6761222095073609
fold_state_stratified,CatBoost_C1_d5_lr006_l2_3,5,138,0.5061092405864119,0.519689945717047,0.06580613305973987,0.5856132857879364,0.5091334174692275,0.36767657049903396,0.6395886070466412
fold_state_stratified,CatBoost_C1_d4_lr003_l2_3,5,138,0.5107778308782759,0.5315657966454248,0.06609551151849426,0.5910429243079616,0.5138607899441902,0.3726043383690193,0.632864597813277
fold_state_stratified,CatBoost_C1_d4_lr006_l2_6,5,138,0.5158773372674703,0.5301218421214265,0.06716050048085265,0.5994262005129214,0.5189305580890307,0.3764620899008103,0.6255845204630495
state_random,Blend_Graph_CatBoost_w0p30,8,328,0.4626737893552429,0.43701201988673877,0.08105327446352914,0.6489001119442445,0.4688448192045448,0.33678788375571783,0.7092413657044621
state_random,Blend_Graph_CatBoost_w0p20,8,328,0.4631541745838985,0.4364713346393721,0.0816664735432745,0.6501681873630156,0.46941189346123563,0.3341802419841477,0.7085375872130483
state_random,Blend_Graph_CatBoost_w0p10,8,328,0.46491193422278515,0.43738542200130703,0.08208315516022366,0.6518672345588553,0.47120966182655516,0.33310790640075216,0.7063008084102371
state_random,Baseline_Graph04D,8,328,0.4679362248678275,0.439763169235232,0.0822832250141655,0.6539938946035762,0.47422412794209906,0.33380884433027846,0.7025310292960285
state_random,Blend_Local_CatBoost_w0p20,8,328,0.4697096520062205,0.4530529936868768,0.07992347776771976,0.6507941269237506,0.4756221706344029,0.35049030953006316,0.7007745293289178
state_random,Blend_Local_CatBoost_w0p10,8,328,0.4699743911003881,0.45316449756312516,0.08043831487025722,0.6519799208555273,0.4759595155860962,0.3499548989926043,0.7003499149780096
state_random,Blend_Local_CatBoost_w0p30,8,328,0.4701867750836647,0.4536725384233483,0.07936405046257027,0.6499093370196082,0.47601147507825264,0.3518317877658583,0.700284487076744
state_random,Baseline_Local04D,8,328,0.47098064250416155,0.45400757877652287,0.08090341773781393,0.6534650801888845,0.4770219682992437,0.35058723062066377,0.6990106440240194
state_random,CatBoost_C1_d4_lr003_l2_3,8,328,0.49360917316546493,0.4802565929913334,0.07477093864784219,0.6521943151954697,0.4985397400820604,0.3768848548284454,0.6712438064252326
state_random,CatBoost_C1_d4_lr006_l2_6,8,328,0.49374113900887306,0.4732683728944843,0.07723554704843966,0.6570291001889494,0.4989989738082305,0.3753118940459872,0.6706378548592696
state_random,CatBoost_C1_d5_lr006_l2_3,8,328,0.49439274876568645,0.48129122953331266,0.07173022275678088,0.6457268814588909,0.4989251063854538,0.379670173532019,0.6707353593968064
target_matched,Blend_Local_CatBoost_w0p10,16,656,0.4878418584982863,0.47106300906386933,0.09203870585165083,0.6932128255841209,0.49591466712225885,0.34226569989218475,0.6540987198827615
target_matched,Baseline_Local04D,16,656,0.48784531674343823,0.46874164811294816,0.09101801182421057,0.6946996263427138,0.49574142871073495,0.34250114448799523,0.6543403458145289
target_matched,Blend_Local_CatBoost_w0p20,16,656,0.4885014578047234,0.47406267989913625,0.09297818276106148,0.6918986371559991,0.49672759923578086,0.3429524420079669,0.6529637474677458
target_matched,Blend_Local_CatBoost_w0p30,16,656,0.489822011187143,0.4777260569392897,0.09383567948808139,0.6907580462598535,0.49817709347866024,0.34442469120641145,0.650935428569482
target_matched,Blend_Graph_CatBoost_w0p30,16,656,0.49143936067623517,0.4864272970933558,0.09733290517012791,0.6893696228583002,0.5003940784510947,0.33980873867848355,0.6478217051266976
target_matched,Blend_Graph_CatBoost_w0p20,16,656,0.49162203805386306,0.48373383166159906,0.09665768687879929,0.6906952272292352,0.5004508142224834,0.3381860133766861,0.6477418391137401
target_matched,Blend_Graph_CatBoost_w0p10,16,656,0.49277285303122165,0.4821407223387385,0.09585284558925627,0.692289027868995,0.5014365535056409,0.3380950273352004,0.6463527847984001
target_matched,Baseline_Graph04D,16,656,0.4948813033518763,0.4816589766729188,0.0949359281406165,0.69414917740458,0.5033458383218511,0.34028843434491834,0.6436545421806775
target_matched,CatBoost_C1_d5_lr006_l2_3,16,656,0.5152817544170296,0.5231539371574316,0.09756430006807575,0.6848344760424007,0.5238694059996056,0.3708726670281334,0.6140026387743334
target_matched,CatBoost_C1_d4_lr003_l2_3,16,656,0.5167957206842126,0.5203107317245028,0.09788036062714707,0.6876906356382554,0.5254137384973234,0.3712157010529007,0.6117234947506873
target_matched,CatBoost_C1_d4_lr006_l2_6,16,656,0.5205826160888885,0.5256017361810087,0.09601702267985374,0.6848504372695282,0.5288188012239973,0.37301059261945707,0.606674559552786
