ID_POLIGONO,method,method_family,predicted,x_support_score,x_support_tier
AGC_003,GraphDirect_GeoAgro25_k6_lam8,graph_direct,3.121186191154488,0.2119565217391304,low
AGC_011,GraphDirect_GeoAgro25_k6_lam8,graph_direct,4.578351672719057,0.6557971014492754,mid
AGC_016,GraphDirect_GeoAgro25_k6_lam8,graph_direct,4.439854973129286,0.3351449275362319,mid
AGC_025,GraphDirect_GeoAgro25_k6_lam8,graph_direct,2.9663677629756053,0.5054347826086957,mid
AGC_027,GraphDirect_GeoAgro25_k6_lam8,graph_direct,3.0127621561719873,0.302536231884058,low
AGC_028,GraphDirect_GeoAgro25_k6_lam8,graph_direct,4.536710126893925,0.3713768115942029,mid
AGC_029,GraphDirect_GeoAgro25_k6_lam8,graph_direct,3.0286165428866436,0.0778985507246376,low
AGC_030,GraphDirect_GeoAgro25_k6_lam8,graph_direct,3.100283773654464,0.2916666666666667,low
AGC_031,GraphDirect_GeoAgro25_k6_lam8,graph_direct,4.39263098835849,0.4021739130434782,mid
AGC_036,GraphDirect_GeoAgro25_k6_lam8,graph_direct,4.4287874603184845,0.2771739130434783,low
AGC_039,GraphDirect_GeoAgro25_k6_lam8,graph_direct,3.0287592403743453,0.608695652173913,mid
AGC_042,GraphDirect_GeoAgro25_k6_lam8,graph_direct,3.0360065549237056,0.5615942028985507,mid
AGC_043,GraphDirect_GeoAgro25_k6_lam8,graph_direct,4.412687231703546,0.2101449275362319,low
AGC_050,GraphDirect_GeoAgro25_k6_lam8,graph_direct,3.0349152444240213,0.6177536231884058,mid
AGC_052,GraphDirect_GeoAgro25_k6_lam8,graph_direct,4.528084767536339,0.4963768115942029,mid
AGC_061,GraphDirect_GeoAgro25_k6_lam8,graph_direct,3.007872225917051,0.2282608695652173,low
AGC_063,GraphDirect_GeoAgro25_k6_lam8,graph_direct,4.392261540415721,0.1829710144927536,low
AGC_065,GraphDirect_GeoAgro25_k6_lam8,graph_direct,4.387555138842306,0.3115942028985507,low
AGC_071,GraphDirect_GeoAgro25_k6_lam8,graph_direct,3.0135272086740015,0.5561594202898551,mid
AGC_075,GraphDirect_GeoAgro25_k6_lam8,graph_direct,3.0135723872946367,0.302536231884058,low
AGC_076,GraphDirect_GeoAgro25_k6_lam8,graph_direct,4.476533763033045,0.2681159420289855,low
AGC_082,GraphDirect_GeoAgro25_k6_lam8,graph_direct,4.564315358125379,0.3405797101449275,mid
AGC_085,GraphDirect_GeoAgro25_k6_lam8,graph_direct,4.417258300598728,0.378623188405797,mid
AGC_086,GraphDirect_GeoAgro25_k6_lam8,graph_direct,2.971987248915154,0.5797101449275361,mid
AGC_087,GraphDirect_GeoAgro25_k6_lam8,graph_direct,3.0112923021672175,0.697463768115942,high
AGC_088,GraphDirect_GeoAgro25_k6_lam8,graph_direct,4.567373447803517,0.8152173913043478,high
AGC_091,GraphDirect_GeoAgro25_k6_lam8,graph_direct,4.485572127010999,0.6920289855072463,high
AGC_093,GraphDirect_GeoAgro25_k6_lam8,graph_direct,3.013499756230735,0.4347826086956522,mid
AGC_094,GraphDirect_GeoAgro25_k6_lam8,graph_direct,4.580783202070583,0.6847826086956521,high
AGC_095,GraphDirect_GeoAgro25_k6_lam8,graph_direct,4.500988718035053,0.4782608695652174,mid
AGC_107,GraphDirect_GeoAgro25_k6_lam8,graph_direct,4.5636940471979175,0.463768115942029,mid
AGC_113,GraphDirect_GeoAgro25_k6_lam8,graph_direct,3.0372894428818467,0.6865942028985508,high
AGC_116,GraphDirect_GeoAgro25_k6_lam8,graph_direct,4.412061187367566,0.3804347826086957,mid
AGC_118,GraphDirect_GeoAgro25_k6_lam8,graph_direct,3.103537228920946,0.2971014492753623,low
AGC_120,GraphDirect_GeoAgro25_k6_lam8,graph_direct,3.005958237742405,0.1666666666666666,low
AGC_126,GraphDirect_GeoAgro25_k6_lam8,graph_direct,4.574324231964499,0.806159420289855,high
AGC_128,GraphDirect_GeoAgro25_k6_lam8,graph_direct,4.564242691048529,0.6231884057971016,mid
AGC_129,GraphDirect_GeoAgro25_k6_lam8,graph_direct,3.1123393958148498,0.3152173913043478,low
AGC_130,GraphDirect_GeoAgro25_k6_lam8,graph_direct,4.528522491673699,0.3333333333333333,mid
AGC_136,GraphDirect_GeoAgro25_k6_lam8,graph_direct,4.428857361170392,0.2989130434782609,low
AGC_142,GraphDirect_GeoAgro25_k6_lam8,graph_direct,4.57035467082172,0.338768115942029,mid
AGC_143,GraphDirect_GeoAgro25_k6_lam8,graph_direct,4.398553986783048,0.4692028985507246,mid
AGC_147,GraphDirect_GeoAgro25_k6_lam8,graph_direct,3.0292390586570406,0.4728260869565218,mid
AGC_149,GraphDirect_GeoAgro25_k6_lam8,graph_direct,4.5284005077523535,0.5471014492753624,mid
AGC_153,GraphDirect_GeoAgro25_k6_lam8,graph_direct,4.3925831845507926,0.4329710144927535,mid
AGC_154,GraphDirect_GeoAgro25_k6_lam8,graph_direct,4.485340709561456,0.3605072463768116,mid
AGC_156,GraphDirect_GeoAgro25_k6_lam8,graph_direct,3.1303417464707404,0.3804347826086957,mid
AGC_158,GraphDirect_GeoAgro25_k6_lam8,graph_direct,4.3864179468472955,0.8152173913043478,high
AGC_173,GraphDirect_GeoAgro25_k6_lam8,graph_direct,3.025384503132991,0.0634057971014492,low
AGC_174,GraphDirect_GeoAgro25_k6_lam8,graph_direct,4.408412226947809,0.1268115942028985,low
AGC_175,GraphDirect_GeoAgro25_k6_lam8,graph_direct,4.474806345690414,0.3007246376811594,low
AGC_177,GraphDirect_GeoAgro25_k6_lam8,graph_direct,4.418336384031395,0.4601449275362319,mid
AGC_182,GraphDirect_GeoAgro25_k6_lam8,graph_direct,4.443987318158184,0.5597826086956522,mid
AGC_183,GraphDirect_GeoAgro25_k6_lam8,graph_direct,3.0104841800625595,0.2373188405797101,low
AGC_186,GraphDirect_GeoAgro25_k6_lam8,graph_direct,4.397563159634569,0.3768115942028985,mid
AGC_188,GraphDirect_GeoAgro25_k6_lam8,graph_direct,4.4731315280682376,0.4130434782608695,mid
AGC_190,GraphDirect_GeoAgro25_k6_lam8,graph_direct,4.57029083570154,0.7409420289855073,high
AGC_191,GraphDirect_GeoAgro25_k6_lam8,graph_direct,4.5591573986867795,0.5978260869565217,mid
AGC_192,GraphDirect_GeoAgro25_k6_lam8,graph_direct,4.522377951562062,0.4347826086956521,mid
AGC_003,GraphDirect_GeoAgro25_k6_lam4,graph_direct,3.162965024228122,0.2119565217391304,low
AGC_011,GraphDirect_GeoAgro25_k6_lam4,graph_direct,4.617361254500744,0.6557971014492754,mid
AGC_016,GraphDirect_GeoAgro25_k6_lam4,graph_direct,4.43005933739621,0.3351449275362319,mid
AGC_025,GraphDirect_GeoAgro25_k6_lam4,graph_direct,2.94876054446752,0.5054347826086957,mid
AGC_027,GraphDirect_GeoAgro25_k6_lam4,graph_direct,3.0162900431332273,0.302536231884058,low
AGC_028,GraphDirect_GeoAgro25_k6_lam4,graph_direct,4.570381470840937,0.3713768115942029,mid
AGC_029,GraphDirect_GeoAgro25_k6_lam4,graph_direct,3.0387247347523894,0.0778985507246376,low
AGC_030,GraphDirect_GeoAgro25_k6_lam4,graph_direct,3.107953478771045,0.2916666666666667,low
AGC_031,GraphDirect_GeoAgro25_k6_lam4,graph_direct,4.361307909467247,0.4021739130434782,mid
AGC_036,GraphDirect_GeoAgro25_k6_lam4,graph_direct,4.413782107581561,0.2771739130434783,low
AGC_039,GraphDirect_GeoAgro25_k6_lam4,graph_direct,3.00672844152425,0.608695652173913,mid
AGC_042,GraphDirect_GeoAgro25_k6_lam4,graph_direct,3.010812858396302,0.5615942028985507,mid
AGC_043,GraphDirect_GeoAgro25_k6_lam4,graph_direct,4.388267463401868,0.2101449275362319,low
AGC_050,GraphDirect_GeoAgro25_k6_lam4,graph_direct,3.013873410714163,0.6177536231884058,mid
AGC_052,GraphDirect_GeoAgro25_k6_lam4,graph_direct,4.541035314109736,0.4963768115942029,mid
AGC_061,GraphDirect_GeoAgro25_k6_lam4,graph_direct,2.9893732332390615,0.2282608695652173,low
AGC_063,GraphDirect_GeoAgro25_k6_lam4,graph_direct,4.365158049121197,0.1829710144927536,low
AGC_065,GraphDirect_GeoAgro25_k6_lam4,graph_direct,4.381018884385735,0.3115942028985507,low
AGC_071,GraphDirect_GeoAgro25_k6_lam4,graph_direct,3.0184176281411466,0.5561594202898551,mid
AGC_075,GraphDirect_GeoAgro25_k6_lam4,graph_direct,3.018395109476702,0.302536231884058,low
AGC_076,GraphDirect_GeoAgro25_k6_lam4,graph_direct,4.480171302056088,0.2681159420289855,low
AGC_082,GraphDirect_GeoAgro25_k6_lam4,graph_direct,4.5564503489891495,0.3405797101449275,mid
AGC_085,GraphDirect_GeoAgro25_k6_lam4,graph_direct,4.391469824085496,0.378623188405797,mid
AGC_086,GraphDirect_GeoAgro25_k6_lam4,graph_direct,2.9580798340994034,0.5797101449275361,mid
AGC_087,GraphDirect_GeoAgro25_k6_lam4,graph_direct,3.0119480241187984,0.697463768115942,high
AGC_088,GraphDirect_GeoAgro25_k6_lam4,graph_direct,4.576969465459763,0.8152173913043478,high
AGC_091,GraphDirect_GeoAgro25_k6_lam4,graph_direct,4.486968594317279,0.6920289855072463,high
AGC_093,GraphDirect_GeoAgro25_k6_lam4,graph_direct,3.0176563497736324,0.4347826086956522,mid
AGC_094,GraphDirect_GeoAgro25_k6_lam4,graph_direct,4.6208070324282975,0.6847826086956521,high
AGC_095,GraphDirect_GeoAgro25_k6_lam4,graph_direct,4.518494986887054,0.4782608695652174,mid
AGC_107,GraphDirect_GeoAgro25_k6_lam4,graph_direct,4.555343131270493,0.463768115942029,mid
AGC_113,GraphDirect_GeoAgro25_k6_lam4,graph_direct,3.0133730082734895,0.6865942028985508,high
AGC_116,GraphDirect_GeoAgro25_k6_lam4,graph_direct,4.386880541525388,0.3804347826086957,mid
AGC_118,GraphDirect_GeoAgro25_k6_lam4,graph_direct,3.111995961017578,0.2971014492753623,low
AGC_120,GraphDirect_GeoAgro25_k6_lam4,graph_direct,3.002419988101584,0.1666666666666666,low
AGC_126,GraphDirect_GeoAgro25_k6_lam4,graph_direct,4.592533823008921,0.806159420289855,high
AGC_128,GraphDirect_GeoAgro25_k6_lam4,graph_direct,4.556322376277881,0.6231884057971016,mid
AGC_129,GraphDirect_GeoAgro25_k6_lam4,graph_direct,3.147232668311813,0.3152173913043478,low
AGC_130,GraphDirect_GeoAgro25_k6_lam4,graph_direct,4.541711189405271,0.3333333333333333,mid
AGC_136,GraphDirect_GeoAgro25_k6_lam4,graph_direct,4.414097699467618,0.2989130434782609,low
AGC_142,GraphDirect_GeoAgro25_k6_lam4,graph_direct,4.615791386645361,0.338768115942029,mid
AGC_143,GraphDirect_GeoAgro25_k6_lam4,graph_direct,4.380048478496271,0.4692028985507246,mid
AGC_147,GraphDirect_GeoAgro25_k6_lam4,graph_direct,3.0094619241064477,0.4728260869565218,mid
AGC_149,GraphDirect_GeoAgro25_k6_lam4,graph_direct,4.541492226184413,0.5471014492753624,mid
AGC_153,GraphDirect_GeoAgro25_k6_lam4,graph_direct,4.360281729008326,0.4329710144927535,mid
AGC_154,GraphDirect_GeoAgro25_k6_lam4,graph_direct,4.495606159676609,0.3605072463768116,mid
AGC_156,GraphDirect_GeoAgro25_k6_lam4,graph_direct,3.157463586423133,0.3804347826086957,mid
AGC_158,GraphDirect_GeoAgro25_k6_lam4,graph_direct,4.350462729344932,0.8152173913043478,high
AGC_173,GraphDirect_GeoAgro25_k6_lam4,graph_direct,3.01455675393492,0.0634057971014492,low
AGC_174,GraphDirect_GeoAgro25_k6_lam4,graph_direct,4.386391268686606,0.1268115942028985,low
AGC_175,GraphDirect_GeoAgro25_k6_lam4,graph_direct,4.473713415324421,0.3007246376811594,low
AGC_177,GraphDirect_GeoAgro25_k6_lam4,graph_direct,4.395270930991934,0.4601449275362319,mid
AGC_182,GraphDirect_GeoAgro25_k6_lam4,graph_direct,4.42771245252431,0.5597826086956522,mid
AGC_183,GraphDirect_GeoAgro25_k6_lam4,graph_direct,3.0146208305811837,0.2373188405797101,low
AGC_186,GraphDirect_GeoAgro25_k6_lam4,graph_direct,4.377119348429829,0.3768115942028985,mid
AGC_188,GraphDirect_GeoAgro25_k6_lam4,graph_direct,4.467015461848446,0.4130434782608695,mid
AGC_190,GraphDirect_GeoAgro25_k6_lam4,graph_direct,4.582920347932607,0.7409420289855073,high
AGC_191,GraphDirect_GeoAgro25_k6_lam4,graph_direct,4.6042779695007985,0.5978260869565217,mid
AGC_192,GraphDirect_GeoAgro25_k6_lam4,graph_direct,4.533654146112818,0.4347826086956521,mid
AGC_003,GraphDirect_GeoAgro25_k10_lam2,graph_direct,3.1323177063301033,0.2119565217391304,low
AGC_011,GraphDirect_GeoAgro25_k10_lam2,graph_direct,4.576976247285605,0.6557971014492754,mid
AGC_016,GraphDirect_GeoAgro25_k10_lam2,graph_direct,4.4356869294808,0.3351449275362319,mid
AGC_025,GraphDirect_GeoAgro25_k10_lam2,graph_direct,2.9823147641315275,0.5054347826086957,mid
AGC_027,GraphDirect_GeoAgro25_k10_lam2,graph_direct,3.0011433838701596,0.302536231884058,low
AGC_028,GraphDirect_GeoAgro25_k10_lam2,graph_direct,4.512569059864695,0.3713768115942029,mid
AGC_029,GraphDirect_GeoAgro25_k10_lam2,graph_direct,3.025519952765181,0.0778985507246376,low
AGC_030,GraphDirect_GeoAgro25_k10_lam2,graph_direct,3.0820614222186844,0.2916666666666667,low
AGC_031,GraphDirect_GeoAgro25_k10_lam2,graph_direct,4.399284165274448,0.4021739130434782,mid
AGC_036,GraphDirect_GeoAgro25_k10_lam2,graph_direct,4.424502296740883,0.2771739130434783,low
AGC_039,GraphDirect_GeoAgro25_k10_lam2,graph_direct,3.016911584748149,0.608695652173913,mid
AGC_042,GraphDirect_GeoAgro25_k10_lam2,graph_direct,3.053474507040564,0.5615942028985507,mid
AGC_043,GraphDirect_GeoAgro25_k10_lam2,graph_direct,4.417114545593642,0.2101449275362319,low
AGC_050,GraphDirect_GeoAgro25_k10_lam2,graph_direct,3.0221245349711827,0.6177536231884058,mid
AGC_052,GraphDirect_GeoAgro25_k10_lam2,graph_direct,4.52946999714644,0.4963768115942029,mid
AGC_061,GraphDirect_GeoAgro25_k10_lam2,graph_direct,2.994301216930984,0.2282608695652173,low
AGC_063,GraphDirect_GeoAgro25_k10_lam2,graph_direct,4.399726914547935,0.1829710144927536,low
AGC_065,GraphDirect_GeoAgro25_k10_lam2,graph_direct,4.393610604652147,0.3115942028985507,low
AGC_071,GraphDirect_GeoAgro25_k10_lam2,graph_direct,3.0086965450567114,0.5561594202898551,mid
AGC_075,GraphDirect_GeoAgro25_k10_lam2,graph_direct,3.0093288864752923,0.302536231884058,low
AGC_076,GraphDirect_GeoAgro25_k10_lam2,graph_direct,4.4539085447497655,0.2681159420289855,low
AGC_082,GraphDirect_GeoAgro25_k10_lam2,graph_direct,4.508498586644551,0.3405797101449275,mid
AGC_085,GraphDirect_GeoAgro25_k10_lam2,graph_direct,4.418681491329955,0.378623188405797,mid
AGC_086,GraphDirect_GeoAgro25_k10_lam2,graph_direct,2.987800667447216,0.5797101449275361,mid
AGC_087,GraphDirect_GeoAgro25_k10_lam2,graph_direct,3.0070262687896334,0.697463768115942,high
AGC_088,GraphDirect_GeoAgro25_k10_lam2,graph_direct,4.567225369861677,0.8152173913043478,high
AGC_091,GraphDirect_GeoAgro25_k10_lam2,graph_direct,4.5137936073576235,0.6920289855072463,high
AGC_093,GraphDirect_GeoAgro25_k10_lam2,graph_direct,3.0080476886591296,0.4347826086956522,mid
AGC_094,GraphDirect_GeoAgro25_k10_lam2,graph_direct,4.581791252848325,0.6847826086956521,high
AGC_095,GraphDirect_GeoAgro25_k10_lam2,graph_direct,4.466124688529438,0.4782608695652174,mid
AGC_107,GraphDirect_GeoAgro25_k10_lam2,graph_direct,4.509566847925605,0.463768115942029,mid
AGC_113,GraphDirect_GeoAgro25_k10_lam2,graph_direct,3.053157548997521,0.6865942028985508,high
AGC_116,GraphDirect_GeoAgro25_k10_lam2,graph_direct,4.418475826285362,0.3804347826086957,mid
AGC_118,GraphDirect_GeoAgro25_k10_lam2,graph_direct,3.085475450413332,0.2971014492753623,low
AGC_120,GraphDirect_GeoAgro25_k10_lam2,graph_direct,3.0006781609711055,0.1666666666666666,low
AGC_126,GraphDirect_GeoAgro25_k10_lam2,graph_direct,4.575203645323741,0.806159420289855,high
AGC_128,GraphDirect_GeoAgro25_k10_lam2,graph_direct,4.505299769011067,0.6231884057971016,mid
AGC_129,GraphDirect_GeoAgro25_k10_lam2,graph_direct,3.117517920826495,0.3152173913043478,low
AGC_130,GraphDirect_GeoAgro25_k10_lam2,graph_direct,4.530996416141337,0.3333333333333333,mid
AGC_136,GraphDirect_GeoAgro25_k10_lam2,graph_direct,4.443322823967548,0.2989130434782609,low
AGC_142,GraphDirect_GeoAgro25_k10_lam2,graph_direct,4.564815414841625,0.338768115942029,mid
AGC_143,GraphDirect_GeoAgro25_k10_lam2,graph_direct,4.407627592057154,0.4692028985507246,mid
AGC_147,GraphDirect_GeoAgro25_k10_lam2,graph_direct,3.015981966833211,0.4728260869565218,mid
AGC_149,GraphDirect_GeoAgro25_k10_lam2,graph_direct,4.53080254177826,0.5471014492753624,mid
AGC_153,GraphDirect_GeoAgro25_k10_lam2,graph_direct,4.396261182290975,0.4329710144927535,mid
AGC_154,GraphDirect_GeoAgro25_k10_lam2,graph_direct,4.4406089643555156,0.3605072463768116,mid
AGC_156,GraphDirect_GeoAgro25_k10_lam2,graph_direct,3.1111000962218487,0.3804347826086957,mid
AGC_158,GraphDirect_GeoAgro25_k10_lam2,graph_direct,4.397937698374703,0.8152173913043478,high
AGC_173,GraphDirect_GeoAgro25_k10_lam2,graph_direct,3.0172319749200067,0.0634057971014492,low
AGC_174,GraphDirect_GeoAgro25_k10_lam2,graph_direct,4.426913947604339,0.1268115942028985,low
AGC_175,GraphDirect_GeoAgro25_k10_lam2,graph_direct,4.508183669205925,0.3007246376811594,low
AGC_177,GraphDirect_GeoAgro25_k10_lam2,graph_direct,4.42540442601555,0.4601449275362319,mid
AGC_182,GraphDirect_GeoAgro25_k10_lam2,graph_direct,4.4622759539266035,0.5597826086956522,mid
AGC_183,GraphDirect_GeoAgro25_k10_lam2,graph_direct,3.0068684365694995,0.2373188405797101,low
AGC_186,GraphDirect_GeoAgro25_k10_lam2,graph_direct,4.402040476008268,0.3768115942028985,mid
AGC_188,GraphDirect_GeoAgro25_k10_lam2,graph_direct,4.499042795963063,0.4130434782608695,mid
AGC_190,GraphDirect_GeoAgro25_k10_lam2,graph_direct,4.572134940198552,0.7409420289855073,high
AGC_191,GraphDirect_GeoAgro25_k10_lam2,graph_direct,4.546823510603533,0.5978260869565217,mid
AGC_192,GraphDirect_GeoAgro25_k10_lam2,graph_direct,4.535515842006117,0.4347826086956521,mid
AGC_003,GraphResidualPLS4_GeoAgro25_k8_lam8,graph_residual,3.822241435245677,0.2119565217391304,low
AGC_011,GraphResidualPLS4_GeoAgro25_k8_lam8,graph_residual,4.608462456921865,0.6557971014492754,mid
AGC_016,GraphResidualPLS4_GeoAgro25_k8_lam8,graph_residual,4.546766926869235,0.3351449275362319,mid
AGC_025,GraphResidualPLS4_GeoAgro25_k8_lam8,graph_residual,2.9580725420175837,0.5054347826086957,mid
AGC_027,GraphResidualPLS4_GeoAgro25_k8_lam8,graph_residual,3.0745895530467764,0.302536231884058,low
AGC_028,GraphResidualPLS4_GeoAgro25_k8_lam8,graph_residual,5.1651808833271255,0.3713768115942029,mid
AGC_029,GraphResidualPLS4_GeoAgro25_k8_lam8,graph_residual,2.745615066527886,0.0778985507246376,low
AGC_030,GraphResidualPLS4_GeoAgro25_k8_lam8,graph_residual,3.1412514251232837,0.2916666666666667,low
AGC_031,GraphResidualPLS4_GeoAgro25_k8_lam8,graph_residual,4.7366426507447175,0.4021739130434782,mid
AGC_036,GraphResidualPLS4_GeoAgro25_k8_lam8,graph_residual,4.686582804112428,0.2771739130434783,low
AGC_039,GraphResidualPLS4_GeoAgro25_k8_lam8,graph_residual,2.973356028051108,0.608695652173913,mid
AGC_042,GraphResidualPLS4_GeoAgro25_k8_lam8,graph_residual,3.1385896795858046,0.5615942028985507,mid
AGC_043,GraphResidualPLS4_GeoAgro25_k8_lam8,graph_residual,4.477587221278816,0.2101449275362319,low
AGC_050,GraphResidualPLS4_GeoAgro25_k8_lam8,graph_residual,3.075792411977281,0.6177536231884058,mid
AGC_052,GraphResidualPLS4_GeoAgro25_k8_lam8,graph_residual,4.284365214421026,0.4963768115942029,mid
AGC_061,GraphResidualPLS4_GeoAgro25_k8_lam8,graph_residual,3.0542350883162124,0.2282608695652173,low
AGC_063,GraphResidualPLS4_GeoAgro25_k8_lam8,graph_residual,4.087624344927254,0.1829710144927536,low
AGC_065,GraphResidualPLS4_GeoAgro25_k8_lam8,graph_residual,4.111839170954646,0.3115942028985507,low
AGC_071,GraphResidualPLS4_GeoAgro25_k8_lam8,graph_residual,3.0894185345072613,0.5561594202898551,mid
AGC_075,GraphResidualPLS4_GeoAgro25_k8_lam8,graph_residual,3.2618157381120736,0.302536231884058,low
AGC_076,GraphResidualPLS4_GeoAgro25_k8_lam8,graph_residual,4.539471191985527,0.2681159420289855,low
AGC_082,GraphResidualPLS4_GeoAgro25_k8_lam8,graph_residual,4.387598943265175,0.3405797101449275,mid
AGC_085,GraphResidualPLS4_GeoAgro25_k8_lam8,graph_residual,4.256709999116031,0.378623188405797,mid
AGC_086,GraphResidualPLS4_GeoAgro25_k8_lam8,graph_residual,2.7947507556600693,0.5797101449275361,mid
AGC_087,GraphResidualPLS4_GeoAgro25_k8_lam8,graph_residual,2.7277205163569076,0.697463768115942,high
AGC_088,GraphResidualPLS4_GeoAgro25_k8_lam8,graph_residual,4.555827237588559,0.8152173913043478,high
AGC_091,GraphResidualPLS4_GeoAgro25_k8_lam8,graph_residual,4.813237048783755,0.6920289855072463,high
AGC_093,GraphResidualPLS4_GeoAgro25_k8_lam8,graph_residual,3.2970641442567246,0.4347826086956522,mid
AGC_094,GraphResidualPLS4_GeoAgro25_k8_lam8,graph_residual,4.687807239544575,0.6847826086956521,high
AGC_095,GraphResidualPLS4_GeoAgro25_k8_lam8,graph_residual,4.89428255085521,0.4782608695652174,mid
AGC_107,GraphResidualPLS4_GeoAgro25_k8_lam8,graph_residual,4.255508409319738,0.463768115942029,mid
AGC_113,GraphResidualPLS4_GeoAgro25_k8_lam8,graph_residual,2.713955671379344,0.6865942028985508,high
AGC_116,GraphResidualPLS4_GeoAgro25_k8_lam8,graph_residual,4.2480448427375626,0.3804347826086957,mid
AGC_118,GraphResidualPLS4_GeoAgro25_k8_lam8,graph_residual,3.506895565924662,0.2971014492753623,low
AGC_120,GraphResidualPLS4_GeoAgro25_k8_lam8,graph_residual,3.2868075256760614,0.1666666666666666,low
AGC_126,GraphResidualPLS4_GeoAgro25_k8_lam8,graph_residual,4.329407034399204,0.806159420289855,high
AGC_128,GraphResidualPLS4_GeoAgro25_k8_lam8,graph_residual,4.259678594871187,0.6231884057971016,mid
AGC_129,GraphResidualPLS4_GeoAgro25_k8_lam8,graph_residual,3.3594238590293335,0.3152173913043478,low
AGC_130,GraphResidualPLS4_GeoAgro25_k8_lam8,graph_residual,4.257274486987174,0.3333333333333333,mid
AGC_136,GraphResidualPLS4_GeoAgro25_k8_lam8,graph_residual,4.608697070986321,0.2989130434782609,low
AGC_142,GraphResidualPLS4_GeoAgro25_k8_lam8,graph_residual,4.843901402553209,0.338768115942029,mid
AGC_143,GraphResidualPLS4_GeoAgro25_k8_lam8,graph_residual,4.509903150085962,0.4692028985507246,mid
AGC_147,GraphResidualPLS4_GeoAgro25_k8_lam8,graph_residual,2.8436571890392224,0.4728260869565218,mid
AGC_149,GraphResidualPLS4_GeoAgro25_k8_lam8,graph_residual,4.357744370456908,0.5471014492753624,mid
AGC_153,GraphResidualPLS4_GeoAgro25_k8_lam8,graph_residual,4.396507283036895,0.4329710144927535,mid
AGC_154,GraphResidualPLS4_GeoAgro25_k8_lam8,graph_residual,4.822458120108211,0.3605072463768116,mid
AGC_156,GraphResidualPLS4_GeoAgro25_k8_lam8,graph_residual,3.060534837793523,0.3804347826086957,mid
AGC_158,GraphResidualPLS4_GeoAgro25_k8_lam8,graph_residual,4.043946727346719,0.8152173913043478,high
AGC_173,GraphResidualPLS4_GeoAgro25_k8_lam8,graph_residual,3.2245779765696323,0.0634057971014492,low
AGC_174,GraphResidualPLS4_GeoAgro25_k8_lam8,graph_residual,4.259319597752537,0.1268115942028985,low
AGC_175,GraphResidualPLS4_GeoAgro25_k8_lam8,graph_residual,5.060753738284739,0.3007246376811594,low
AGC_177,GraphResidualPLS4_GeoAgro25_k8_lam8,graph_residual,4.260337858513484,0.4601449275362319,mid
AGC_182,GraphResidualPLS4_GeoAgro25_k8_lam8,graph_residual,4.391695509578821,0.5597826086956522,mid
AGC_183,GraphResidualPLS4_GeoAgro25_k8_lam8,graph_residual,2.4399308823984565,0.2373188405797101,low
AGC_186,GraphResidualPLS4_GeoAgro25_k8_lam8,graph_residual,4.231592901199069,0.3768115942028985,mid
AGC_188,GraphResidualPLS4_GeoAgro25_k8_lam8,graph_residual,4.938742419445959,0.4130434782608695,mid
AGC_190,GraphResidualPLS4_GeoAgro25_k8_lam8,graph_residual,4.3901258961351095,0.7409420289855073,high
AGC_191,GraphResidualPLS4_GeoAgro25_k8_lam8,graph_residual,5.074900437810853,0.5978260869565217,mid
AGC_192,GraphResidualPLS4_GeoAgro25_k8_lam8,graph_residual,4.669654329230651,0.4347826086956521,mid
AGC_003,GraphResidualPLS4_GeoAgro25_k10_lam8,graph_residual,3.8280166188233182,0.2119565217391304,low
AGC_011,GraphResidualPLS4_GeoAgro25_k10_lam8,graph_residual,4.6091266828415565,0.6557971014492754,mid
AGC_016,GraphResidualPLS4_GeoAgro25_k10_lam8,graph_residual,4.5572916433115855,0.3351449275362319,mid
AGC_025,GraphResidualPLS4_GeoAgro25_k10_lam8,graph_residual,2.959985401974737,0.5054347826086957,mid
AGC_027,GraphResidualPLS4_GeoAgro25_k10_lam8,graph_residual,3.0771819750173734,0.302536231884058,low
AGC_028,GraphResidualPLS4_GeoAgro25_k10_lam8,graph_residual,5.170527845487942,0.3713768115942029,mid
AGC_029,GraphResidualPLS4_GeoAgro25_k10_lam8,graph_residual,2.738390136769451,0.0778985507246376,low
AGC_030,GraphResidualPLS4_GeoAgro25_k10_lam8,graph_residual,3.13006831531232,0.2916666666666667,low
AGC_031,GraphResidualPLS4_GeoAgro25_k10_lam8,graph_residual,4.746732543029575,0.4021739130434782,mid
AGC_036,GraphResidualPLS4_GeoAgro25_k10_lam8,graph_residual,4.698681240320662,0.2771739130434783,low
AGC_039,GraphResidualPLS4_GeoAgro25_k10_lam8,graph_residual,2.9737580555059777,0.608695652173913,mid
AGC_042,GraphResidualPLS4_GeoAgro25_k10_lam8,graph_residual,3.1575994661644504,0.5615942028985507,mid
AGC_043,GraphResidualPLS4_GeoAgro25_k10_lam8,graph_residual,4.489915592567904,0.2101449275362319,low
AGC_050,GraphResidualPLS4_GeoAgro25_k10_lam8,graph_residual,3.075929038471189,0.6177536231884058,mid
AGC_052,GraphResidualPLS4_GeoAgro25_k10_lam8,graph_residual,4.255871566193115,0.4963768115942029,mid
AGC_061,GraphResidualPLS4_GeoAgro25_k10_lam8,graph_residual,3.057523189422097,0.2282608695652173,low
AGC_063,GraphResidualPLS4_GeoAgro25_k10_lam8,graph_residual,4.093182016910364,0.1829710144927536,low
AGC_065,GraphResidualPLS4_GeoAgro25_k10_lam8,graph_residual,4.088318029535312,0.3115942028985507,low
AGC_071,GraphResidualPLS4_GeoAgro25_k10_lam8,graph_residual,3.0913819023677176,0.5561594202898551,mid
AGC_075,GraphResidualPLS4_GeoAgro25_k10_lam8,graph_residual,3.2627675978416595,0.302536231884058,low
AGC_076,GraphResidualPLS4_GeoAgro25_k10_lam8,graph_residual,4.544997198634027,0.2681159420289855,low
AGC_082,GraphResidualPLS4_GeoAgro25_k10_lam8,graph_residual,4.335293455973571,0.3405797101449275,mid
AGC_085,GraphResidualPLS4_GeoAgro25_k10_lam8,graph_residual,4.2702424416516545,0.378623188405797,mid
AGC_086,GraphResidualPLS4_GeoAgro25_k10_lam8,graph_residual,2.7961718538728735,0.5797101449275361,mid
AGC_087,GraphResidualPLS4_GeoAgro25_k10_lam8,graph_residual,2.7295994406664765,0.697463768115942,high
AGC_088,GraphResidualPLS4_GeoAgro25_k10_lam8,graph_residual,4.57460996662814,0.8152173913043478,high
AGC_091,GraphResidualPLS4_GeoAgro25_k10_lam8,graph_residual,4.822483164152692,0.6920289855072463,high
AGC_093,GraphResidualPLS4_GeoAgro25_k10_lam8,graph_residual,3.298466476819911,0.4347826086956522,mid
AGC_094,GraphResidualPLS4_GeoAgro25_k10_lam8,graph_residual,4.689612017416495,0.6847826086956521,high
AGC_095,GraphResidualPLS4_GeoAgro25_k10_lam8,graph_residual,4.900946971658989,0.4782608695652174,mid
AGC_107,GraphResidualPLS4_GeoAgro25_k10_lam8,graph_residual,4.201745418981343,0.463768115942029,mid
AGC_113,GraphResidualPLS4_GeoAgro25_k10_lam8,graph_residual,2.7319670136753413,0.6865942028985508,high
AGC_116,GraphResidualPLS4_GeoAgro25_k10_lam8,graph_residual,4.260873082132611,0.3804347826086957,mid
AGC_118,GraphResidualPLS4_GeoAgro25_k10_lam8,graph_residual,3.4976122571164017,0.2971014492753623,low
AGC_120,GraphResidualPLS4_GeoAgro25_k10_lam8,graph_residual,3.291886479852646,0.1666666666666666,low
AGC_126,GraphResidualPLS4_GeoAgro25_k10_lam8,graph_residual,4.341851074309687,0.806159420289855,high
AGC_128,GraphResidualPLS4_GeoAgro25_k10_lam8,graph_residual,4.205360656299411,0.6231884057971016,mid
AGC_129,GraphResidualPLS4_GeoAgro25_k10_lam8,graph_residual,3.3662702009190695,0.3152173913043478,low
AGC_130,GraphResidualPLS4_GeoAgro25_k10_lam8,graph_residual,4.22883946571006,0.3333333333333333,mid
AGC_136,GraphResidualPLS4_GeoAgro25_k10_lam8,graph_residual,4.618610156176369,0.2989130434782609,low
AGC_142,GraphResidualPLS4_GeoAgro25_k10_lam8,graph_residual,4.847381553158574,0.338768115942029,mid
AGC_143,GraphResidualPLS4_GeoAgro25_k10_lam8,graph_residual,4.514581632382833,0.4692028985507246,mid
AGC_147,GraphResidualPLS4_GeoAgro25_k10_lam8,graph_residual,2.844523493572842,0.4728260869565218,mid
AGC_149,GraphResidualPLS4_GeoAgro25_k10_lam8,graph_residual,4.329350742138773,0.5471014492753624,mid
AGC_153,GraphResidualPLS4_GeoAgro25_k10_lam8,graph_residual,4.410104276278612,0.4329710144927535,mid
AGC_154,GraphResidualPLS4_GeoAgro25_k10_lam8,graph_residual,4.829189731035448,0.3605072463768116,mid
AGC_156,GraphResidualPLS4_GeoAgro25_k10_lam8,graph_residual,3.0391260640400226,0.3804347826086957,mid
AGC_158,GraphResidualPLS4_GeoAgro25_k10_lam8,graph_residual,4.048949971368956,0.8152173913043478,high
AGC_173,GraphResidualPLS4_GeoAgro25_k10_lam8,graph_residual,3.225160949897292,0.0634057971014492,low
AGC_174,GraphResidualPLS4_GeoAgro25_k10_lam8,graph_residual,4.255371712166592,0.1268115942028985,low
AGC_175,GraphResidualPLS4_GeoAgro25_k10_lam8,graph_residual,5.07157027181824,0.3007246376811594,low
AGC_177,GraphResidualPLS4_GeoAgro25_k10_lam8,graph_residual,4.273290707991535,0.4601449275362319,mid
AGC_182,GraphResidualPLS4_GeoAgro25_k10_lam8,graph_residual,4.405763579873219,0.5597826086956522,mid
AGC_183,GraphResidualPLS4_GeoAgro25_k10_lam8,graph_residual,2.439690380727515,0.2373188405797101,low
AGC_186,GraphResidualPLS4_GeoAgro25_k10_lam8,graph_residual,4.238687157386344,0.3768115942028985,mid
AGC_188,GraphResidualPLS4_GeoAgro25_k10_lam8,graph_residual,4.950981285622665,0.4130434782608695,mid
AGC_190,GraphResidualPLS4_GeoAgro25_k10_lam8,graph_residual,4.408480939960397,0.7409420289855073,high
AGC_191,GraphResidualPLS4_GeoAgro25_k10_lam8,graph_residual,5.081174972232471,0.5978260869565217,mid
AGC_192,GraphResidualPLS4_GeoAgro25_k10_lam8,graph_residual,4.678194292537466,0.4347826086956521,mid
AGC_003,GraphResidualPLS4_GeoAgro25_k12_lam4,graph_residual,3.8301489552448276,0.2119565217391304,low
AGC_011,GraphResidualPLS4_GeoAgro25_k12_lam4,graph_residual,4.603668654581904,0.6557971014492754,mid
AGC_016,GraphResidualPLS4_GeoAgro25_k12_lam4,graph_residual,4.555683993285961,0.3351449275362319,mid
AGC_025,GraphResidualPLS4_GeoAgro25_k12_lam4,graph_residual,2.9604562253102262,0.5054347826086957,mid
AGC_027,GraphResidualPLS4_GeoAgro25_k12_lam4,graph_residual,3.0775907797303406,0.302536231884058,low
AGC_028,GraphResidualPLS4_GeoAgro25_k12_lam4,graph_residual,5.174059672447566,0.3713768115942029,mid
AGC_029,GraphResidualPLS4_GeoAgro25_k12_lam4,graph_residual,2.739076840468538,0.0778985507246376,low
AGC_030,GraphResidualPLS4_GeoAgro25_k12_lam4,graph_residual,3.127266975281139,0.2916666666666667,low
AGC_031,GraphResidualPLS4_GeoAgro25_k12_lam4,graph_residual,4.743349015724717,0.4021739130434782,mid
AGC_036,GraphResidualPLS4_GeoAgro25_k12_lam4,graph_residual,4.696505143485029,0.2771739130434783,low
AGC_039,GraphResidualPLS4_GeoAgro25_k12_lam4,graph_residual,2.972899796152022,0.608695652173913,mid
AGC_042,GraphResidualPLS4_GeoAgro25_k12_lam4,graph_residual,3.1579706477800946,0.5615942028985507,mid
AGC_043,GraphResidualPLS4_GeoAgro25_k12_lam4,graph_residual,4.488937597908373,0.2101449275362319,low
AGC_050,GraphResidualPLS4_GeoAgro25_k12_lam4,graph_residual,3.0755159962366023,0.6177536231884058,mid
AGC_052,GraphResidualPLS4_GeoAgro25_k12_lam4,graph_residual,4.254716292349972,0.4963768115942029,mid
AGC_061,GraphResidualPLS4_GeoAgro25_k12_lam4,graph_residual,3.0537087138446024,0.2282608695652173,low
AGC_063,GraphResidualPLS4_GeoAgro25_k12_lam4,graph_residual,4.095642487881298,0.1829710144927536,low
AGC_065,GraphResidualPLS4_GeoAgro25_k12_lam4,graph_residual,4.0930981807503395,0.3115942028985507,low
AGC_071,GraphResidualPLS4_GeoAgro25_k12_lam4,graph_residual,3.0915022930056013,0.5561594202898551,mid
AGC_075,GraphResidualPLS4_GeoAgro25_k12_lam4,graph_residual,3.262320881377569,0.302536231884058,low
AGC_076,GraphResidualPLS4_GeoAgro25_k12_lam4,graph_residual,4.54710517863797,0.2681159420289855,low
AGC_082,GraphResidualPLS4_GeoAgro25_k12_lam4,graph_residual,4.336659782600951,0.3405797101449275,mid
AGC_085,GraphResidualPLS4_GeoAgro25_k12_lam4,graph_residual,4.268128818081312,0.378623188405797,mid
AGC_086,GraphResidualPLS4_GeoAgro25_k12_lam4,graph_residual,2.798026751308283,0.5797101449275361,mid
AGC_087,GraphResidualPLS4_GeoAgro25_k12_lam4,graph_residual,2.7293036137064774,0.697463768115942,high
AGC_088,GraphResidualPLS4_GeoAgro25_k12_lam4,graph_residual,4.571208309227874,0.8152173913043478,high
AGC_091,GraphResidualPLS4_GeoAgro25_k12_lam4,graph_residual,4.818583476222655,0.6920289855072463,high
AGC_093,GraphResidualPLS4_GeoAgro25_k12_lam4,graph_residual,3.299117605333581,0.4347826086956522,mid
AGC_094,GraphResidualPLS4_GeoAgro25_k12_lam4,graph_residual,4.684265379632665,0.6847826086956521,high
AGC_095,GraphResidualPLS4_GeoAgro25_k12_lam4,graph_residual,4.903963990095511,0.4782608695652174,mid
AGC_107,GraphResidualPLS4_GeoAgro25_k12_lam4,graph_residual,4.202512604895803,0.463768115942029,mid
AGC_113,GraphResidualPLS4_GeoAgro25_k12_lam4,graph_residual,2.7310737320336527,0.6865942028985508,high
AGC_116,GraphResidualPLS4_GeoAgro25_k12_lam4,graph_residual,4.262248385428111,0.3804347826086957,mid
AGC_118,GraphResidualPLS4_GeoAgro25_k12_lam4,graph_residual,3.4953772866467094,0.2971014492753623,low
AGC_120,GraphResidualPLS4_GeoAgro25_k12_lam4,graph_residual,3.29153811624815,0.1666666666666666,low
AGC_126,GraphResidualPLS4_GeoAgro25_k12_lam4,graph_residual,4.342126173050099,0.806159420289855,high
AGC_128,GraphResidualPLS4_GeoAgro25_k12_lam4,graph_residual,4.206753312834709,0.6231884057971016,mid
AGC_129,GraphResidualPLS4_GeoAgro25_k12_lam4,graph_residual,3.366778703398245,0.3152173913043478,low
AGC_130,GraphResidualPLS4_GeoAgro25_k12_lam4,graph_residual,4.228156298202725,0.3333333333333333,mid
AGC_136,GraphResidualPLS4_GeoAgro25_k12_lam4,graph_residual,4.617407956270899,0.2989130434782609,low
AGC_142,GraphResidualPLS4_GeoAgro25_k12_lam4,graph_residual,4.84917802331203,0.338768115942029,mid
AGC_143,GraphResidualPLS4_GeoAgro25_k12_lam4,graph_residual,4.515288296904142,0.4692028985507246,mid
AGC_147,GraphResidualPLS4_GeoAgro25_k12_lam4,graph_residual,2.8441179503836818,0.4728260869565218,mid
AGC_149,GraphResidualPLS4_GeoAgro25_k12_lam4,graph_residual,4.328545427514037,0.5471014492753624,mid
AGC_153,GraphResidualPLS4_GeoAgro25_k12_lam4,graph_residual,4.406460959232722,0.4329710144927535,mid
AGC_154,GraphResidualPLS4_GeoAgro25_k12_lam4,graph_residual,4.827364858023145,0.3605072463768116,mid
AGC_156,GraphResidualPLS4_GeoAgro25_k12_lam4,graph_residual,3.0411425711246833,0.3804347826086957,mid
AGC_158,GraphResidualPLS4_GeoAgro25_k12_lam4,graph_residual,4.0500651922249356,0.8152173913043478,high
AGC_173,GraphResidualPLS4_GeoAgro25_k12_lam4,graph_residual,3.2262358558726794,0.0634057971014492,low
AGC_174,GraphResidualPLS4_GeoAgro25_k12_lam4,graph_residual,4.25850097843152,0.1268115942028985,low
AGC_175,GraphResidualPLS4_GeoAgro25_k12_lam4,graph_residual,5.064522151133188,0.3007246376811594,low
AGC_177,GraphResidualPLS4_GeoAgro25_k12_lam4,graph_residual,4.271680825239219,0.4601449275362319,mid
AGC_182,GraphResidualPLS4_GeoAgro25_k12_lam4,graph_residual,4.400397277569445,0.5597826086956522,mid
AGC_183,GraphResidualPLS4_GeoAgro25_k12_lam4,graph_residual,2.4410984667413547,0.2373188405797101,low
AGC_186,GraphResidualPLS4_GeoAgro25_k12_lam4,graph_residual,4.238902157198268,0.3768115942028985,mid
AGC_188,GraphResidualPLS4_GeoAgro25_k12_lam4,graph_residual,4.944736279368915,0.4130434782608695,mid
AGC_190,GraphResidualPLS4_GeoAgro25_k12_lam4,graph_residual,4.408154590214332,0.7409420289855073,high
AGC_191,GraphResidualPLS4_GeoAgro25_k12_lam4,graph_residual,5.081304994335421,0.5978260869565217,mid
AGC_192,GraphResidualPLS4_GeoAgro25_k12_lam4,graph_residual,4.674251399552821,0.4347826086956521,mid
AGC_003,LocalRidge_C4_all_deterministic_Geo_k24_a30_p1,local,3.6192185647956245,0.2119565217391304,low
AGC_011,LocalRidge_C4_all_deterministic_Geo_k24_a30_p1,local,4.749113091617427,0.6557971014492754,mid
AGC_016,LocalRidge_C4_all_deterministic_Geo_k24_a30_p1,local,4.495977252239017,0.3351449275362319,mid
AGC_025,LocalRidge_C4_all_deterministic_Geo_k24_a30_p1,local,2.9652799378527375,0.5054347826086957,mid
AGC_027,LocalRidge_C4_all_deterministic_Geo_k24_a30_p1,local,2.919604945611774,0.302536231884058,low
AGC_028,LocalRidge_C4_all_deterministic_Geo_k24_a30_p1,local,4.75966606096224,0.3713768115942029,mid
AGC_029,LocalRidge_C4_all_deterministic_Geo_k24_a30_p1,local,3.117418717547569,0.0778985507246376,low
AGC_030,LocalRidge_C4_all_deterministic_Geo_k24_a30_p1,local,3.1412976283859706,0.2916666666666667,low
AGC_031,LocalRidge_C4_all_deterministic_Geo_k24_a30_p1,local,4.152739394644058,0.4021739130434782,mid
AGC_036,LocalRidge_C4_all_deterministic_Geo_k24_a30_p1,local,4.381511119824207,0.2771739130434783,low
AGC_039,LocalRidge_C4_all_deterministic_Geo_k24_a30_p1,local,2.8784910751063437,0.608695652173913,mid
AGC_042,LocalRidge_C4_all_deterministic_Geo_k24_a30_p1,local,3.054654035507886,0.5615942028985507,mid
AGC_043,LocalRidge_C4_all_deterministic_Geo_k24_a30_p1,local,4.385614440322078,0.2101449275362319,low
AGC_050,LocalRidge_C4_all_deterministic_Geo_k24_a30_p1,local,2.9575212244529263,0.6177536231884058,mid
AGC_052,LocalRidge_C4_all_deterministic_Geo_k24_a30_p1,local,4.513074748991413,0.4963768115942029,mid
AGC_061,LocalRidge_C4_all_deterministic_Geo_k24_a30_p1,local,2.930974196064695,0.2282608695652173,low
AGC_063,LocalRidge_C4_all_deterministic_Geo_k24_a30_p1,local,4.277951962785182,0.1829710144927536,low
AGC_065,LocalRidge_C4_all_deterministic_Geo_k24_a30_p1,local,4.457068420133928,0.3115942028985507,low
AGC_071,LocalRidge_C4_all_deterministic_Geo_k24_a30_p1,local,3.0887205337185084,0.5561594202898551,mid
AGC_075,LocalRidge_C4_all_deterministic_Geo_k24_a30_p1,local,3.029695165825939,0.302536231884058,low
AGC_076,LocalRidge_C4_all_deterministic_Geo_k24_a30_p1,local,4.442814605232269,0.2681159420289855,low
AGC_082,LocalRidge_C4_all_deterministic_Geo_k24_a30_p1,local,4.449122188212781,0.3405797101449275,mid
AGC_085,LocalRidge_C4_all_deterministic_Geo_k24_a30_p1,local,4.028176684883299,0.378623188405797,mid
AGC_086,LocalRidge_C4_all_deterministic_Geo_k24_a30_p1,local,2.9700753134135294,0.5797101449275361,mid
AGC_087,LocalRidge_C4_all_deterministic_Geo_k24_a30_p1,local,2.798618827075008,0.697463768115942,high
AGC_088,LocalRidge_C4_all_deterministic_Geo_k24_a30_p1,local,4.367917305892804,0.8152173913043478,high
AGC_091,LocalRidge_C4_all_deterministic_Geo_k24_a30_p1,local,4.523682334921152,0.6920289855072463,high
AGC_093,LocalRidge_C4_all_deterministic_Geo_k24_a30_p1,local,3.021425150794804,0.4347826086956522,mid
AGC_094,LocalRidge_C4_all_deterministic_Geo_k24_a30_p1,local,4.7722914749206975,0.6847826086956521,high
AGC_095,LocalRidge_C4_all_deterministic_Geo_k24_a30_p1,local,4.611793988929803,0.4782608695652174,mid
AGC_107,LocalRidge_C4_all_deterministic_Geo_k24_a30_p1,local,4.496002632089494,0.463768115942029,mid
AGC_113,LocalRidge_C4_all_deterministic_Geo_k24_a30_p1,local,2.982389371002175,0.6865942028985508,high
AGC_116,LocalRidge_C4_all_deterministic_Geo_k24_a30_p1,local,4.390381840791185,0.3804347826086957,mid
AGC_118,LocalRidge_C4_all_deterministic_Geo_k24_a30_p1,local,3.2626015487719178,0.2971014492753623,low
AGC_120,LocalRidge_C4_all_deterministic_Geo_k24_a30_p1,local,2.965691421665913,0.1666666666666666,low
AGC_126,LocalRidge_C4_all_deterministic_Geo_k24_a30_p1,local,4.579298273400996,0.806159420289855,high
AGC_128,LocalRidge_C4_all_deterministic_Geo_k24_a30_p1,local,4.481227756927951,0.6231884057971016,mid
AGC_129,LocalRidge_C4_all_deterministic_Geo_k24_a30_p1,local,3.4772908698486944,0.3152173913043478,low
AGC_130,LocalRidge_C4_all_deterministic_Geo_k24_a30_p1,local,4.559845293082046,0.3333333333333333,mid
AGC_136,LocalRidge_C4_all_deterministic_Geo_k24_a30_p1,local,4.513439805757615,0.2989130434782609,low
AGC_142,LocalRidge_C4_all_deterministic_Geo_k24_a30_p1,local,4.556583421049089,0.338768115942029,mid
AGC_143,LocalRidge_C4_all_deterministic_Geo_k24_a30_p1,local,4.531608924541349,0.4692028985507246,mid
AGC_147,LocalRidge_C4_all_deterministic_Geo_k24_a30_p1,local,2.9622756417209914,0.4728260869565218,mid
AGC_149,LocalRidge_C4_all_deterministic_Geo_k24_a30_p1,local,4.525898047773991,0.5471014492753624,mid
AGC_153,LocalRidge_C4_all_deterministic_Geo_k24_a30_p1,local,4.144399568536498,0.4329710144927535,mid
AGC_154,LocalRidge_C4_all_deterministic_Geo_k24_a30_p1,local,4.565746652278305,0.3605072463768116,mid
AGC_156,LocalRidge_C4_all_deterministic_Geo_k24_a30_p1,local,3.2961947822597786,0.3804347826086957,mid
AGC_158,LocalRidge_C4_all_deterministic_Geo_k24_a30_p1,local,4.162531601048607,0.8152173913043478,high
AGC_173,LocalRidge_C4_all_deterministic_Geo_k24_a30_p1,local,2.994751771018062,0.0634057971014492,low
AGC_174,LocalRidge_C4_all_deterministic_Geo_k24_a30_p1,local,4.490803060747287,0.1268115942028985,low
AGC_175,LocalRidge_C4_all_deterministic_Geo_k24_a30_p1,local,4.511380418657182,0.3007246376811594,low
AGC_177,LocalRidge_C4_all_deterministic_Geo_k24_a30_p1,local,4.268496999472454,0.4601449275362319,mid
AGC_182,LocalRidge_C4_all_deterministic_Geo_k24_a30_p1,local,4.4608175673119215,0.5597826086956522,mid
AGC_183,LocalRidge_C4_all_deterministic_Geo_k24_a30_p1,local,2.9470207342222854,0.2373188405797101,low
AGC_186,LocalRidge_C4_all_deterministic_Geo_k24_a30_p1,local,4.2440170293413395,0.3768115942028985,mid
AGC_188,LocalRidge_C4_all_deterministic_Geo_k24_a30_p1,local,4.527554878330091,0.4130434782608695,mid
AGC_190,LocalRidge_C4_all_deterministic_Geo_k24_a30_p1,local,4.525002822137322,0.7409420289855073,high
AGC_191,LocalRidge_C4_all_deterministic_Geo_k24_a30_p1,local,4.801677678944387,0.5978260869565217,mid
AGC_192,LocalRidge_C4_all_deterministic_Geo_k24_a30_p1,local,4.628534420633429,0.4347826086956521,mid
AGC_003,LocalRidge_C1_agronomic_Geo_k30_a30_p1,local,3.6863795063321265,0.2119565217391304,low
AGC_011,LocalRidge_C1_agronomic_Geo_k30_a30_p1,local,4.724051925874391,0.6557971014492754,mid
AGC_016,LocalRidge_C1_agronomic_Geo_k30_a30_p1,local,4.459984909945978,0.3351449275362319,mid
AGC_025,LocalRidge_C1_agronomic_Geo_k30_a30_p1,local,2.9596164924268393,0.5054347826086957,mid
AGC_027,LocalRidge_C1_agronomic_Geo_k30_a30_p1,local,2.9429597767786624,0.302536231884058,low
AGC_028,LocalRidge_C1_agronomic_Geo_k30_a30_p1,local,4.581022842668576,0.3713768115942029,mid
AGC_029,LocalRidge_C1_agronomic_Geo_k30_a30_p1,local,3.1282976357794947,0.0778985507246376,low
AGC_030,LocalRidge_C1_agronomic_Geo_k30_a30_p1,local,3.204473256929277,0.2916666666666667,low
AGC_031,LocalRidge_C1_agronomic_Geo_k30_a30_p1,local,4.220663329799536,0.4021739130434782,mid
AGC_036,LocalRidge_C1_agronomic_Geo_k30_a30_p1,local,4.438047804855203,0.2771739130434783,low
AGC_039,LocalRidge_C1_agronomic_Geo_k30_a30_p1,local,2.919904056650067,0.608695652173913,mid
AGC_042,LocalRidge_C1_agronomic_Geo_k30_a30_p1,local,3.103362835175789,0.5615942028985507,mid
AGC_043,LocalRidge_C1_agronomic_Geo_k30_a30_p1,local,4.3759369837613376,0.2101449275362319,low
AGC_050,LocalRidge_C1_agronomic_Geo_k30_a30_p1,local,2.938878828911653,0.6177536231884058,mid
AGC_052,LocalRidge_C1_agronomic_Geo_k30_a30_p1,local,4.470552733642914,0.4963768115942029,mid
AGC_061,LocalRidge_C1_agronomic_Geo_k30_a30_p1,local,2.934143056496971,0.2282608695652173,low
AGC_063,LocalRidge_C1_agronomic_Geo_k30_a30_p1,local,4.438106430894203,0.1829710144927536,low
AGC_065,LocalRidge_C1_agronomic_Geo_k30_a30_p1,local,4.43619308481416,0.3115942028985507,low
AGC_071,LocalRidge_C1_agronomic_Geo_k30_a30_p1,local,3.1080141150435145,0.5561594202898551,mid
AGC_075,LocalRidge_C1_agronomic_Geo_k30_a30_p1,local,3.0091309505543347,0.302536231884058,low
AGC_076,LocalRidge_C1_agronomic_Geo_k30_a30_p1,local,4.438782650715917,0.2681159420289855,low
AGC_082,LocalRidge_C1_agronomic_Geo_k30_a30_p1,local,4.444711409806092,0.3405797101449275,mid
AGC_085,LocalRidge_C1_agronomic_Geo_k30_a30_p1,local,4.075630705632882,0.378623188405797,mid
AGC_086,LocalRidge_C1_agronomic_Geo_k30_a30_p1,local,2.979575464894105,0.5797101449275361,mid
AGC_087,LocalRidge_C1_agronomic_Geo_k30_a30_p1,local,2.7918547886270897,0.697463768115942,high
AGC_088,LocalRidge_C1_agronomic_Geo_k30_a30_p1,local,4.3097202458591894,0.8152173913043478,high
AGC_091,LocalRidge_C1_agronomic_Geo_k30_a30_p1,local,4.5554288736324855,0.6920289855072463,high
AGC_093,LocalRidge_C1_agronomic_Geo_k30_a30_p1,local,2.9975198583236877,0.4347826086956522,mid
AGC_094,LocalRidge_C1_agronomic_Geo_k30_a30_p1,local,4.832488215498067,0.6847826086956521,high
AGC_095,LocalRidge_C1_agronomic_Geo_k30_a30_p1,local,4.546380283750838,0.4782608695652174,mid
AGC_107,LocalRidge_C1_agronomic_Geo_k30_a30_p1,local,4.502508750086453,0.463768115942029,mid
AGC_113,LocalRidge_C1_agronomic_Geo_k30_a30_p1,local,3.0652594799296877,0.6865942028985508,high
AGC_116,LocalRidge_C1_agronomic_Geo_k30_a30_p1,local,4.398199038285972,0.3804347826086957,mid
AGC_118,LocalRidge_C1_agronomic_Geo_k30_a30_p1,local,3.354786410371975,0.2971014492753623,low
AGC_120,LocalRidge_C1_agronomic_Geo_k30_a30_p1,local,2.920380777849739,0.1666666666666666,low
AGC_126,LocalRidge_C1_agronomic_Geo_k30_a30_p1,local,4.564796236513167,0.806159420289855,high
AGC_128,LocalRidge_C1_agronomic_Geo_k30_a30_p1,local,4.486054520009977,0.6231884057971016,mid
AGC_129,LocalRidge_C1_agronomic_Geo_k30_a30_p1,local,3.511673464054118,0.3152173913043478,low
AGC_130,LocalRidge_C1_agronomic_Geo_k30_a30_p1,local,4.5763930433656625,0.3333333333333333,mid
AGC_136,LocalRidge_C1_agronomic_Geo_k30_a30_p1,local,4.482055033085042,0.2989130434782609,low
AGC_142,LocalRidge_C1_agronomic_Geo_k30_a30_p1,local,4.51138636432855,0.338768115942029,mid
AGC_143,LocalRidge_C1_agronomic_Geo_k30_a30_p1,local,4.486125334940216,0.4692028985507246,mid
AGC_147,LocalRidge_C1_agronomic_Geo_k30_a30_p1,local,2.9526825118187414,0.4728260869565218,mid
AGC_149,LocalRidge_C1_agronomic_Geo_k30_a30_p1,local,4.547739591092897,0.5471014492753624,mid
AGC_153,LocalRidge_C1_agronomic_Geo_k30_a30_p1,local,4.233128884092015,0.4329710144927535,mid
AGC_154,LocalRidge_C1_agronomic_Geo_k30_a30_p1,local,4.605849766335795,0.3605072463768116,mid
AGC_156,LocalRidge_C1_agronomic_Geo_k30_a30_p1,local,3.34407586059537,0.3804347826086957,mid
AGC_158,LocalRidge_C1_agronomic_Geo_k30_a30_p1,local,4.2829969089432565,0.8152173913043478,high
AGC_173,LocalRidge_C1_agronomic_Geo_k30_a30_p1,local,3.0854209002393307,0.0634057971014492,low
AGC_174,LocalRidge_C1_agronomic_Geo_k30_a30_p1,local,4.489140712209739,0.1268115942028985,low
AGC_175,LocalRidge_C1_agronomic_Geo_k30_a30_p1,local,4.537577316685779,0.3007246376811594,low
AGC_177,LocalRidge_C1_agronomic_Geo_k30_a30_p1,local,4.225761797920174,0.4601449275362319,mid
AGC_182,LocalRidge_C1_agronomic_Geo_k30_a30_p1,local,4.438027036622278,0.5597826086956522,mid
AGC_183,LocalRidge_C1_agronomic_Geo_k30_a30_p1,local,2.983138350925114,0.2373188405797101,low
AGC_186,LocalRidge_C1_agronomic_Geo_k30_a30_p1,local,4.356599539086954,0.3768115942028985,mid
AGC_188,LocalRidge_C1_agronomic_Geo_k30_a30_p1,local,4.49393878732389,0.4130434782608695,mid
AGC_190,LocalRidge_C1_agronomic_Geo_k30_a30_p1,local,4.555420808635102,0.7409420289855073,high
AGC_191,LocalRidge_C1_agronomic_Geo_k30_a30_p1,local,4.810923666739342,0.5978260869565217,mid
AGC_192,LocalRidge_C1_agronomic_Geo_k30_a30_p1,local,4.434314411994665,0.4347826086956521,mid
AGC_003,LocalRidge_C1_agronomic_Geo_k24_a30_p1,local,3.655077726434217,0.2119565217391304,low
AGC_011,LocalRidge_C1_agronomic_Geo_k24_a30_p1,local,4.768708730463883,0.6557971014492754,mid
AGC_016,LocalRidge_C1_agronomic_Geo_k24_a30_p1,local,4.493018282398498,0.3351449275362319,mid
AGC_025,LocalRidge_C1_agronomic_Geo_k24_a30_p1,local,2.95063281886814,0.5054347826086957,mid
AGC_027,LocalRidge_C1_agronomic_Geo_k24_a30_p1,local,2.9486311148307838,0.302536231884058,low
AGC_028,LocalRidge_C1_agronomic_Geo_k24_a30_p1,local,4.576899457831884,0.3713768115942029,mid
AGC_029,LocalRidge_C1_agronomic_Geo_k24_a30_p1,local,3.1330617757783736,0.0778985507246376,low
AGC_030,LocalRidge_C1_agronomic_Geo_k24_a30_p1,local,3.1664209385055746,0.2916666666666667,low
AGC_031,LocalRidge_C1_agronomic_Geo_k24_a30_p1,local,4.195660806612879,0.4021739130434782,mid
AGC_036,LocalRidge_C1_agronomic_Geo_k24_a30_p1,local,4.472606920294611,0.2771739130434783,low
AGC_039,LocalRidge_C1_agronomic_Geo_k24_a30_p1,local,2.9157654431743696,0.608695652173913,mid
AGC_042,LocalRidge_C1_agronomic_Geo_k24_a30_p1,local,3.060427254521461,0.5615942028985507,mid
AGC_043,LocalRidge_C1_agronomic_Geo_k24_a30_p1,local,4.373763686795982,0.2101449275362319,low
AGC_050,LocalRidge_C1_agronomic_Geo_k24_a30_p1,local,2.9540860475385062,0.6177536231884058,mid
AGC_052,LocalRidge_C1_agronomic_Geo_k24_a30_p1,local,4.533087284659622,0.4963768115942029,mid
AGC_061,LocalRidge_C1_agronomic_Geo_k24_a30_p1,local,2.9356667565397045,0.2282608695652173,low
AGC_063,LocalRidge_C1_agronomic_Geo_k24_a30_p1,local,4.428962834040044,0.1829710144927536,low
AGC_065,LocalRidge_C1_agronomic_Geo_k24_a30_p1,local,4.449008185391371,0.3115942028985507,low
AGC_071,LocalRidge_C1_agronomic_Geo_k24_a30_p1,local,3.113911951395257,0.5561594202898551,mid
AGC_075,LocalRidge_C1_agronomic_Geo_k24_a30_p1,local,3.0249603891027883,0.302536231884058,low
AGC_076,LocalRidge_C1_agronomic_Geo_k24_a30_p1,local,4.4282928400359145,0.2681159420289855,low
AGC_082,LocalRidge_C1_agronomic_Geo_k24_a30_p1,local,4.436455448301893,0.3405797101449275,mid
AGC_085,LocalRidge_C1_agronomic_Geo_k24_a30_p1,local,4.088553852914565,0.378623188405797,mid
AGC_086,LocalRidge_C1_agronomic_Geo_k24_a30_p1,local,2.966966303949487,0.5797101449275361,mid
AGC_087,LocalRidge_C1_agronomic_Geo_k24_a30_p1,local,2.7793896270851666,0.697463768115942,high
AGC_088,LocalRidge_C1_agronomic_Geo_k24_a30_p1,local,4.310585756336333,0.8152173913043478,high
AGC_091,LocalRidge_C1_agronomic_Geo_k24_a30_p1,local,4.551671918437116,0.6920289855072463,high
AGC_093,LocalRidge_C1_agronomic_Geo_k24_a30_p1,local,3.0162828750648365,0.4347826086956522,mid
AGC_094,LocalRidge_C1_agronomic_Geo_k24_a30_p1,local,4.812090157463691,0.6847826086956521,high
AGC_095,LocalRidge_C1_agronomic_Geo_k24_a30_p1,local,4.555868529864345,0.4782608695652174,mid
AGC_107,LocalRidge_C1_agronomic_Geo_k24_a30_p1,local,4.498290180322216,0.463768115942029,mid
AGC_113,LocalRidge_C1_agronomic_Geo_k24_a30_p1,local,3.04036921361931,0.6865942028985508,high
AGC_116,LocalRidge_C1_agronomic_Geo_k24_a30_p1,local,4.378506388049803,0.3804347826086957,mid
AGC_118,LocalRidge_C1_agronomic_Geo_k24_a30_p1,local,3.274625115154983,0.2971014492753623,low
AGC_120,LocalRidge_C1_agronomic_Geo_k24_a30_p1,local,2.944556902326132,0.1666666666666666,low
AGC_126,LocalRidge_C1_agronomic_Geo_k24_a30_p1,local,4.59212672800307,0.806159420289855,high
AGC_128,LocalRidge_C1_agronomic_Geo_k24_a30_p1,local,4.478260539600296,0.6231884057971016,mid
AGC_129,LocalRidge_C1_agronomic_Geo_k24_a30_p1,local,3.473419172578553,0.3152173913043478,low
AGC_130,LocalRidge_C1_agronomic_Geo_k24_a30_p1,local,4.577206581758359,0.3333333333333333,mid
AGC_136,LocalRidge_C1_agronomic_Geo_k24_a30_p1,local,4.520497975458612,0.2989130434782609,low
AGC_142,LocalRidge_C1_agronomic_Geo_k24_a30_p1,local,4.518428291314155,0.338768115942029,mid
AGC_143,LocalRidge_C1_agronomic_Geo_k24_a30_p1,local,4.462913454677268,0.4692028985507246,mid
AGC_147,LocalRidge_C1_agronomic_Geo_k24_a30_p1,local,2.952715997459199,0.4728260869565218,mid
AGC_149,LocalRidge_C1_agronomic_Geo_k24_a30_p1,local,4.547378162685118,0.5471014492753624,mid
AGC_153,LocalRidge_C1_agronomic_Geo_k24_a30_p1,local,4.182081898136983,0.4329710144927535,mid
AGC_154,LocalRidge_C1_agronomic_Geo_k24_a30_p1,local,4.605364439017689,0.3605072463768116,mid
AGC_156,LocalRidge_C1_agronomic_Geo_k24_a30_p1,local,3.2932547962438665,0.3804347826086957,mid
AGC_158,LocalRidge_C1_agronomic_Geo_k24_a30_p1,local,4.2776216546334895,0.8152173913043478,high
AGC_173,LocalRidge_C1_agronomic_Geo_k24_a30_p1,local,3.022764152761266,0.0634057971014492,low
AGC_174,LocalRidge_C1_agronomic_Geo_k24_a30_p1,local,4.508030629679975,0.1268115942028985,low
AGC_175,LocalRidge_C1_agronomic_Geo_k24_a30_p1,local,4.525917128196656,0.3007246376811594,low
AGC_177,LocalRidge_C1_agronomic_Geo_k24_a30_p1,local,4.272745603645603,0.4601449275362319,mid
AGC_182,LocalRidge_C1_agronomic_Geo_k24_a30_p1,local,4.437621018429178,0.5597826086956522,mid
AGC_183,LocalRidge_C1_agronomic_Geo_k24_a30_p1,local,2.9987953397867666,0.2373188405797101,low
AGC_186,LocalRidge_C1_agronomic_Geo_k24_a30_p1,local,4.347436919175691,0.3768115942028985,mid
AGC_188,LocalRidge_C1_agronomic_Geo_k24_a30_p1,local,4.487694234441497,0.4130434782608695,mid
AGC_190,LocalRidge_C1_agronomic_Geo_k24_a30_p1,local,4.552122025187184,0.7409420289855073,high
AGC_191,LocalRidge_C1_agronomic_Geo_k24_a30_p1,local,4.804605052466094,0.5978260869565217,mid
AGC_192,LocalRidge_C1_agronomic_Geo_k24_a30_p1,local,4.474044493090008,0.4347826086956521,mid
AGC_003,Baseline_GeoKNN10,baseline,3.3257038331778146,0.2119565217391304,low
AGC_011,Baseline_GeoKNN10,baseline,4.72564946229512,0.6557971014492754,mid
AGC_016,Baseline_GeoKNN10,baseline,4.604784423315955,0.3351449275362319,mid
AGC_025,Baseline_GeoKNN10,baseline,2.9092816286789906,0.5054347826086957,mid
AGC_027,Baseline_GeoKNN10,baseline,3.0447803500394124,0.302536231884058,low
AGC_028,Baseline_GeoKNN10,baseline,4.656468496907097,0.3713768115942029,mid
AGC_029,Baseline_GeoKNN10,baseline,3.1055555842980707,0.0778985507246376,low
AGC_030,Baseline_GeoKNN10,baseline,3.1205340929685588,0.2916666666666667,low
AGC_031,Baseline_GeoKNN10,baseline,4.000959488609166,0.4021739130434782,mid
AGC_036,Baseline_GeoKNN10,baseline,4.436010481517078,0.2771739130434783,low
AGC_039,Baseline_GeoKNN10,baseline,2.8320414073274818,0.608695652173913,mid
AGC_042,Baseline_GeoKNN10,baseline,2.937393601068537,0.5615942028985507,mid
AGC_043,Baseline_GeoKNN10,baseline,4.287650591226491,0.2101449275362319,low
AGC_050,Baseline_GeoKNN10,baseline,2.908039432213413,0.6177536231884058,mid
AGC_052,Baseline_GeoKNN10,baseline,4.575895498786544,0.4963768115942029,mid
AGC_061,Baseline_GeoKNN10,baseline,2.956836685267768,0.2282608695652173,low
AGC_063,Baseline_GeoKNN10,baseline,4.255856598837177,0.1829710144927536,low
AGC_065,Baseline_GeoKNN10,baseline,4.463981206450129,0.3115942028985507,low
AGC_071,Baseline_GeoKNN10,baseline,3.114357667458497,0.5561594202898551,mid
AGC_075,Baseline_GeoKNN10,baseline,3.063235541303668,0.302536231884058,low
AGC_076,Baseline_GeoKNN10,baseline,4.610546371806483,0.2681159420289855,low
AGC_082,Baseline_GeoKNN10,baseline,4.499027491353371,0.3405797101449275,mid
AGC_085,Baseline_GeoKNN10,baseline,4.238700574583828,0.378623188405797,mid
AGC_086,Baseline_GeoKNN10,baseline,2.899860826294325,0.5797101449275361,mid
AGC_087,Baseline_GeoKNN10,baseline,2.8085193534309223,0.697463768115942,high
AGC_088,Baseline_GeoKNN10,baseline,4.477407291697178,0.8152173913043478,high
AGC_091,Baseline_GeoKNN10,baseline,4.486657798390322,0.6920289855072463,high
AGC_093,Baseline_GeoKNN10,baseline,3.0748429384182967,0.4347826086956522,mid
AGC_094,Baseline_GeoKNN10,baseline,4.903400881546521,0.6847826086956521,high
AGC_095,Baseline_GeoKNN10,baseline,4.531354828966391,0.4782608695652174,mid
AGC_107,Baseline_GeoKNN10,baseline,4.497699486055276,0.463768115942029,mid
AGC_113,Baseline_GeoKNN10,baseline,2.9879927452802986,0.6865942028985508,high
AGC_116,Baseline_GeoKNN10,baseline,4.370638044449859,0.3804347826086957,mid
AGC_118,Baseline_GeoKNN10,baseline,3.090558474960808,0.2971014492753623,low
AGC_120,Baseline_GeoKNN10,baseline,3.0180445871345882,0.1666666666666666,low
AGC_126,Baseline_GeoKNN10,baseline,4.461622061899258,0.806159420289855,high
AGC_128,Baseline_GeoKNN10,baseline,4.519037136699632,0.6231884057971016,mid
AGC_129,Baseline_GeoKNN10,baseline,3.2435657845258734,0.3152173913043478,low
AGC_130,Baseline_GeoKNN10,baseline,4.568036267008326,0.3333333333333333,mid
AGC_136,Baseline_GeoKNN10,baseline,4.488412821349872,0.2989130434782609,low
AGC_142,Baseline_GeoKNN10,baseline,4.63453208686688,0.338768115942029,mid
AGC_143,Baseline_GeoKNN10,baseline,4.519910039864758,0.4692028985507246,mid
AGC_147,Baseline_GeoKNN10,baseline,2.922134451832731,0.4728260869565218,mid
AGC_149,Baseline_GeoKNN10,baseline,4.565178903161373,0.5471014492753624,mid
AGC_153,Baseline_GeoKNN10,baseline,4.064257289058227,0.4329710144927535,mid
AGC_154,Baseline_GeoKNN10,baseline,4.566947550175635,0.3605072463768116,mid
AGC_156,Baseline_GeoKNN10,baseline,3.2320477493169357,0.3804347826086957,mid
AGC_158,Baseline_GeoKNN10,baseline,4.169791166184303,0.8152173913043478,high
AGC_173,Baseline_GeoKNN10,baseline,2.9956614958975205,0.0634057971014492,low
AGC_174,Baseline_GeoKNN10,baseline,4.546903256860912,0.1268115942028985,low
AGC_175,Baseline_GeoKNN10,baseline,4.655425847284464,0.3007246376811594,low
AGC_177,Baseline_GeoKNN10,baseline,4.2483548812577405,0.4601449275362319,mid
AGC_182,Baseline_GeoKNN10,baseline,4.526156083494672,0.5597826086956522,mid
AGC_183,Baseline_GeoKNN10,baseline,3.0701198181221754,0.2373188405797101,low
AGC_186,Baseline_GeoKNN10,baseline,4.395681372927243,0.3768115942028985,mid
AGC_188,Baseline_GeoKNN10,baseline,4.668088705282499,0.4130434782608695,mid
AGC_190,Baseline_GeoKNN10,baseline,4.537602364107309,0.7409420289855073,high
AGC_191,Baseline_GeoKNN10,baseline,4.675331386330033,0.5978260869565217,mid
AGC_192,Baseline_GeoKNN10,baseline,4.506344456120711,0.4347826086956521,mid
AGC_003,Anchor_PLS4,baseline,3.822078292953298,0.2119565217391304,low
AGC_011,Anchor_PLS4,baseline,4.599571516294979,0.6557971014492754,mid
AGC_016,Anchor_PLS4,baseline,4.549894870634834,0.3351449275362319,mid
AGC_025,Anchor_PLS4,baseline,3.017898962345199,0.5054347826086957,mid
AGC_027,Anchor_PLS4,baseline,3.1337601462489824,0.302536231884058,low
AGC_028,Anchor_PLS4,baseline,5.165945478369968,0.3713768115942029,mid
AGC_029,Anchor_PLS4,baseline,2.780514500595195,0.0778985507246376,low
AGC_030,Anchor_PLS4,baseline,3.1230960359643776,0.2916666666666667,low
AGC_031,Anchor_PLS4,baseline,4.740468029899505,0.4021739130434782,mid
AGC_036,Anchor_PLS4,baseline,4.692669374271383,0.2771739130434783,low
AGC_039,Anchor_PLS4,baseline,3.0228515518371037,0.608695652173913,mid
AGC_042,Anchor_PLS4,baseline,3.165566688053539,0.5615942028985507,mid
AGC_043,Anchor_PLS4,baseline,4.4837350951582895,0.2101449275362319,low
AGC_050,Anchor_PLS4,baseline,3.124348386263165,0.6177536231884058,mid
AGC_052,Anchor_PLS4,baseline,4.2148297781853445,0.4963768115942029,mid
AGC_061,Anchor_PLS4,baseline,3.1169048596759756,0.2282608695652173,low
AGC_063,Anchor_PLS4,baseline,4.0812533531014505,0.1829710144927536,low
AGC_065,Anchor_PLS4,baseline,3.8833956670800687,0.3115942028985507,low
AGC_071,Anchor_PLS4,baseline,3.1466828566844804,0.5561594202898551,mid
AGC_075,Anchor_PLS4,baseline,3.3152601631197935,0.302536231884058,low
AGC_076,Anchor_PLS4,baseline,4.538618219120716,0.2681159420289855,low
AGC_082,Anchor_PLS4,baseline,4.250288471304596,0.3405797101449275,mid
AGC_085,Anchor_PLS4,baseline,4.266484840297222,0.378623188405797,mid
AGC_086,Anchor_PLS4,baseline,2.853282955408811,0.5797101449275361,mid
AGC_087,Anchor_PLS4,baseline,2.782375654628788,0.697463768115942,high
AGC_088,Anchor_PLS4,baseline,4.585584572522329,0.8152173913043478,high
AGC_091,Anchor_PLS4,baseline,4.819337613358092,0.6920289855072463,high
AGC_093,Anchor_PLS4,baseline,3.351615099465292,0.4347826086956522,mid
AGC_094,Anchor_PLS4,baseline,4.679998263067919,0.6847826086956521,high
AGC_095,Anchor_PLS4,baseline,4.893689906726674,0.4782608695652174,mid
AGC_107,Anchor_PLS4,baseline,4.114468050085287,0.463768115942029,mid
AGC_113,Anchor_PLS4,baseline,2.740286201840268,0.6865942028985508,high
AGC_116,Anchor_PLS4,baseline,4.250718912124517,0.3804347826086957,mid
AGC_118,Anchor_PLS4,baseline,3.4890375671620584,0.2971014492753623,low
AGC_120,Anchor_PLS4,baseline,3.347150880865708,0.1666666666666666,low
AGC_126,Anchor_PLS4,baseline,4.34863071265297,0.806159420289855,high
AGC_128,Anchor_PLS4,baseline,4.1216448305240485,0.6231884057971016,mid
AGC_129,Anchor_PLS4,baseline,3.3630556997613974,0.3152173913043478,low
AGC_130,Anchor_PLS4,baseline,4.187038307641122,0.3333333333333333,mid
AGC_136,Anchor_PLS4,baseline,4.610211022546029,0.2989130434782609,low
AGC_142,Anchor_PLS4,baseline,4.8408186369322985,0.338768115942029,mid
AGC_143,Anchor_PLS4,baseline,4.496229905273296,0.4692028985507246,mid
AGC_147,Anchor_PLS4,baseline,2.893265043078392,0.4728260869565218,mid
AGC_149,Anchor_PLS4,baseline,4.287737651735528,0.5471014492753624,mid
AGC_153,Anchor_PLS4,baseline,4.405368657705305,0.4329710144927535,mid
AGC_154,Anchor_PLS4,baseline,4.822143775376808,0.3605072463768116,mid
AGC_156,Anchor_PLS4,baseline,3.016384262166754,0.3804347826086957,mid
AGC_158,Anchor_PLS4,baseline,4.03282287540879,0.8152173913043478,high
AGC_173,Anchor_PLS4,baseline,3.2771339471607406,0.0634057971014492,low
AGC_174,Anchor_PLS4,baseline,4.229643834876605,0.1268115942028985,low
AGC_175,Anchor_PLS4,baseline,5.06901942486538,0.3007246376811594,low
AGC_177,Anchor_PLS4,baseline,4.267735805726055,0.4601449275362319,mid
AGC_182,Anchor_PLS4,baseline,4.40310893185238,0.5597826086956522,mid
AGC_183,Anchor_PLS4,baseline,2.4929019624858233,0.2373188405797101,low
AGC_186,Anchor_PLS4,baseline,4.225248663317074,0.3768115942028985,mid
AGC_188,Anchor_PLS4,baseline,4.952027023583613,0.4130434782608695,mid
AGC_190,Anchor_PLS4,baseline,4.418157761257908,0.7409420289855073,high
AGC_191,Anchor_PLS4,baseline,5.075754329881766,0.5978260869565217,mid
AGC_192,Anchor_PLS4,baseline,4.678562903657219,0.4347826086956521,mid
